FIPS,State,County,FFRPTH14
01001,AL,Autauga,0.649878148
01003,AL,Baldwin,0.659633903
01005,AL,Barbour,0.818239298
01007,AL,Bibb,0.222162979
01009,AL,Blount,0.363831667
01011,AL,Bullock,0.2787068
01013,AL,Butler,0.837603469
01015,AL,Calhoun,0.888574485
01017,AL,Chambers,0.763000352
01019,AL,Cherokee,0.576103238
01021,AL,Chilton,0.455259384
01023,AL,Choctaw,0.45034902
01025,AL,Clarke,1.042293045
01027,AL,Clay,0.295159386
01029,AL,Cleburne,0.530503979
01031,AL,Coffee,0.667858335
01033,AL,Colbert,0.953376235
01035,AL,Conecuh,0.552486188
01037,AL,Coosa,0.091861106
01039,AL,Covington,0.633011552
01041,AL,Crenshaw,0.357730557
01043,AL,Cullman,0.651994735
01045,AL,Dale,0.687090777
01047,AL,Dallas,0.455515332
01049,AL,DeKalb,0.605079856
01051,AL,Elmore,0.555713351
01053,AL,Escambia,0.715554024
01055,AL,Etowah,0.763056476
01057,AL,Fayette,0.53336494
01059,AL,Franklin,0.569602228
01061,AL,Geneva,0.374363582
01063,AL,Greene,0.11691804
01065,AL,Hale,0.461011591
01067,AL,Henry,0.581733566
01069,AL,Houston,0.930964652
01071,AL,Jackson,0.550650337
01073,AL,Jefferson,0.971559929
01075,AL,Lamar,0.425954849
01077,AL,Lauderdale,0.773395205
01079,AL,Lawrence,0.477940078
01081,AL,Lee,0.82979482
01083,AL,Limestone,0.561754436
01085,AL,Lowndes,0
01087,AL,Macon,0.463320463
01089,AL,Madison,0.942052361
01091,AL,Marengo,0.94480358
01093,AL,Marion,0.561593604
01095,AL,Marshall,0.750243036
01097,AL,Mobile,0.60945792
01099,AL,Monroe,0.410078826
01101,AL,Montgomery,0.928427112
01103,AL,Morgan,0.827710753
01105,AL,Perry,0.101770812
01107,AL,Pickens,0.392830837
01109,AL,Pike,0.988349456
01111,AL,Randolph,0.399307866
01113,AL,Russell,0.738155952
01115,AL,St. Clair,0.5651868
01117,AL,Shelby,0.682296581
01119,AL,Sumter,0.53167249
01121,AL,Talladega,0.602542977
01123,AL,Tallapoosa,0.48584963
01125,AL,Tuscaloosa,0.796194093
01127,AL,Walker,0.626231461
01129,AL,Washington,0.178210764
01131,AL,Wilcox,0.450531627
01133,AL,Winston,0.414078675
02013,AK,Aleutians East,0.297619048
02016,AK,Aleutians West,0
02020,AK,Anchorage,0.677718348
02050,AK,Bethel,0.391761809
02060,AK,Bristol Bay,0
02068,AK,Denali,1.041124414
02070,AK,Dillingham,0.200481155
02090,AK,Fairbanks North Star,0.49317109
02100,AK,Haines,0.389711613
02105,AK,Hoonah-Angoon,0
02110,AK,Juneau,0.956612973
02122,AK,Kenai Peninsula,0.678532282
02130,AK,Ketchikan Gateway,0.870385145
02150,AK,Kodiak Island,0.500500501
02164,AK,Lake and Peninsula,0
02170,AK,Matanuska-Susitna,0.439304469
02180,AK,Nome,0.101864113
02185,AK,North Slope,0.206121818
02188,AK,Northwest Arctic,0.25916807
02195,AK,Petersburg,0
02198,AK,Prince of Wales-Hyder,0
02220,AK,Sitka,0.449438202
02230,AK,Skagway,0
02240,AK,Southeast Fairbanks,0.28855865
02261,AK,Valdez-Cordova,0.94856661
02270,AK,Wade Hampton,0
02275,AK,Wrangell,0
02282,AK,Yakutat,0
02290,AK,Yukon-Koyukuk,0
04001,AZ,Apache,0.222754358
04003,AZ,Cochise,0.478626577
04005,AZ,Coconino,0.871573626
04007,AZ,Gila,0.640072291
04009,AZ,Graham,0.421529626
04011,AZ,Greenlee,0.213995292
04012,AZ,La Paz,0.741436409
04013,AZ,Maricopa,0.68041841
04015,AZ,Mohave,0.560579462
04017,AZ,Navajo,0.499532844
04019,AZ,Pima,0.608253129
04021,AZ,Pinal,0.286128016
04023,AZ,Santa Cruz,0.578220366
04025,AZ,Yavapai,0.584891521
04027,AZ,Yuma,0.575654253
05001,AR,Arkansas,0.591588685
05003,AR,Ashley,0.716058812
05005,AR,Baxter,0.783219522
05007,AR,Benton,0.660281197
05009,AR,Boone,0.618346059
05011,AR,Bradley,0.538213132
05013,AR,Calhoun,0.384467512
05015,AR,Carroll,0.540657439
05017,AR,Chicot,0.447227191
05019,AR,Clark,0.841601701
05021,AR,Clay,0.595316841
05023,AR,Cleburne,0.624171023
05025,AR,Cleveland,0.118357202
05027,AR,Columbia,0.919232858
05029,AR,Conway,0.33202106
05031,AR,Craighead,0.741333229
05033,AR,Crawford,0.453830818
05035,AR,Crittenden,0.686203278
05037,AR,Cross,0.696580949
05039,AR,Dallas,0.386847195
05041,AR,Desha,0.733855186
05043,AR,Drew,0.805498872
05045,AR,Faulkner,0.654146794
05047,AR,Franklin,0.336983993
05049,AR,Fulton,0.329896907
05051,AR,Garland,0.873389367
05053,AR,Grant,0.330687831
05055,AR,Greene,0.64082025
05057,AR,Hempstead,0.492677028
05059,AR,Hot Spring,0.419563654
05061,AR,Howard,0.666666667
05063,AR,Independence,0.568197191
05065,AR,Izard,0.222452914
05067,AR,Jackson,0.513288468
05069,AR,Jefferson,0.774582624
05071,AR,Johnson,0.422995578
05073,AR,Lafayette,0.421881592
05075,AR,Lawrence,0.35437954
05077,AR,Lee,0.304259635
05079,AR,Lincoln,0.357909807
05081,AR,Little River,0.478774338
05083,AR,Logan,0.592039348
05085,AR,Lonoke,0.531045181
05087,AR,Madison,0.190597205
05089,AR,Marion,0.30549276
05091,AR,Miller,0.552638851
05093,AR,Mississippi,0.723409065
05095,AR,Monroe,0.659456608
05097,AR,Montgomery,0.440431623
05099,AR,Nevada,0.343918377
05101,AR,Newton,0.126518219
05103,AR,Ouachita,0.644433704
05105,AR,Perry,0.09760859
05107,AR,Phillips,0.351229303
05109,AR,Pike,0.453555878
05111,AR,Poinsett,0.701146581
05113,AR,Polk,0.395550062
05115,AR,Pope,0.822771792
05117,AR,Prairie,0.120423892
05119,AR,Pulaski,0.875982297
05121,AR,Randolph,0.455295658
05123,AR,St. Francis,0.371761032
05125,AR,Saline,0.553063888
05127,AR,Scott,0.374076499
05129,AR,Searcy,0.504477235
05131,AR,Sebastian,0.757241118
05133,AR,Sevier,0.401698611
05135,AR,Sharp,0.532355377
05137,AR,Stone,0.800384184
05139,AR,Union,0.671190991
05141,AR,Van Buren,0.356061955
05143,AR,Washington,0.711076488
05145,AR,White,0.763436482
05147,AR,Woodruff,0.578871201
05149,AR,Yell,0.4100041
06001,CA,Alameda,0.767262951
06003,CA,Alpine,1.792114695
06005,CA,Amador,0.381035327
06007,CA,Butte,0.66446368
06009,CA,Calaveras,0.649874507
06011,CA,Colusa,0.420187684
06013,CA,Contra Costa,0.579481148
06015,CA,Del Norte,0.367484933
06017,CA,El Dorado,0.589883498
06019,CA,Fresno,0.620099506
06021,CA,Glenn,0.500804865
06023,CA,Humboldt,0.682447018
06025,CA,Imperial,0.563959105
06027,CA,Inyo,0.760456274
06029,CA,Kern,0.628866816
06031,CA,Kings,0.578961729
06033,CA,Lake,0.514146828
06035,CA,Lassen,0.409461715
06037,CA,Los Angeles,0.770804328
06039,CA,Madera,0.50469757
06041,CA,Marin,0.70949185
06043,CA,Mariposa,0.452437507
06045,CA,Mendocino,0.591790051
06047,CA,Merced,0.484319681
06049,CA,Modoc,0.332483653
06051,CA,Mono,1.214545974
06053,CA,Monterey,0.584220483
06055,CA,Napa,0.557645747
06057,CA,Nevada,0.626940228
06059,CA,Orange,0.886977172
06061,CA,Placer,0.836709767
06063,CA,Plumas,0.537461034
06065,CA,Riverside,0.612208713
06067,CA,Sacramento,0.680824763
06069,CA,San Benito,0.463384077
06071,CA,San Bernardino,0.678778332
06073,CA,San Diego,0.806513145
06075,CA,San Francisco,1.083910383
06077,CA,San Joaquin,0.617666089
06079,CA,San Luis Obispo,0.795462282
06081,CA,San Mateo,0.727674434
06083,CA,Santa Barbara,0.739785961
06085,CA,Santa Clara,0.756886
06087,CA,Santa Cruz,0.654883666
06089,CA,Shasta,0.695201442
06091,CA,Sierra,0.333000333
06093,CA,Siskiyou,0.641789676
06095,CA,Solano,0.649454574
06097,CA,Sonoma,0.589655641
06099,CA,Stanislaus,0.633462219
06101,CA,Sutter,0.667730863
06103,CA,Tehama,0.539109201
06105,CA,Trinity,0.759301443
06107,CA,Tulare,0.497601474
06109,CA,Tuolumne,0.538723041
06111,CA,Ventura,0.713797806
06113,CA,Yolo,0.693675033
06115,CA,Yuba,0.392072033
08001,CO,Adams,0.657350047
08003,CO,Alamosa,0.865426222
08005,CO,Arapahoe,0.738501117
08007,CO,Archuleta,0.571708592
08009,CO,Baca,0.274348422
08011,CO,Bent,0.177619893
08013,CO,Boulder,0.823405131
08014,CO,Broomfield,1.094338408
08015,CO,Chaffee,0.925774656
08017,CO,Cheyenne,0
08019,CO,Clear Creek,1.197344073
08021,CO,Conejos,0.120992136
08023,CO,Costilla,0
08025,CO,Crowley,0
08027,CO,Custer,0.229305205
08029,CO,Delta,0.535654503
08031,CO,Denver,0.876688227
08033,CO,Dolores,0
08035,CO,Douglas,0.648364152
08037,CO,Eagle,0.869220158
08039,CO,Elbert,0.289315974
08041,CO,El Paso,0.679709247
08043,CO,Fremont,0.322566771
08045,CO,Garfield,0.800542977
08047,CO,Gilpin,0
08049,CO,Grand,1.099958752
08051,CO,Gunnison,0.890302067
08053,CO,Hinsdale,0
08055,CO,Huerfano,0.619003405
08057,CO,Jackson,0
08059,CO,Jefferson,0.759172287
08061,CO,Kiowa,0
08063,CO,Kit Carson,0.991080278
08065,CO,Lake,0.679624847
08067,CO,La Plata,0.852025413
08069,CO,Larimer,0.777485021
08071,CO,Las Animas,0.782806718
08073,CO,Lincoln,0.54446461
08075,CO,Logan,0.577162138
08077,CO,Mesa,0.613807291
08079,CO,Mineral,1.432664756
08081,CO,Moffat,0.386757426
08083,CO,Montezuma,0.543225206
08085,CO,Montrose,0.538252636
08087,CO,Morgan,0.388308387
08089,CO,Otero,0.594980528
08091,CO,Ouray,1.29617628
08093,CO,Park,0.305903946
08095,CO,Phillips,0.458400183
08097,CO,Pitkin,1.077953024
08099,CO,Prowers,0.830978893
08101,CO,Pueblo,0.599227799
08103,CO,Rio Blanco,0.745489787
08105,CO,Rio Grande,0.430774533
08107,CO,Routt,1.047559187
08109,CO,Saguache,0.161394448
08111,CO,San Juan,5.555555556
08113,CO,San Miguel,1.530612245
08115,CO,Sedgwick,0.425894378
08117,CO,Summit,1.632430962
08119,CO,Teller,0.598571978
08121,CO,Washington,0.418410042
08123,CO,Weld,0.536608204
08125,CO,Yuma,0.196039992
09001,CT,Fairfield,0.697031429
09003,CT,Hartford,0.667049004
09005,CT,Litchfield,0.518938554
09007,CT,Middlesex,0.642646247
09009,CT,New Haven,0.757015455
09011,CT,New London,0.686943685
09013,CT,Tolland,0.442632806
09015,CT,Windham,0.529923588
10001,DE,Kent,0.511666579
10003,DE,New Castle,0.696482132
10005,DE,Sussex,0.673467742
12001,FL,Alachua,0.752788829
12003,FL,Baker,0.590558447
12005,FL,Bay,0.75984021
12007,FL,Bradford,0.599206052
12009,FL,Brevard,0.615926089
12011,FL,Broward,0.687981982
12013,FL,Calhoun,0.481695568
12015,FL,Charlotte,0.439236915
12017,FL,Citrus,0.337214892
12019,FL,Clay,0.595601558
12021,FL,Collier,0.530424885
12023,FL,Columbia,0.589474925
12027,FL,DeSoto,0.314177996
12029,FL,Dixie,0.502923241
12031,FL,Duval,0.823216717
12033,FL,Escambia,0.605165149
12035,FL,Flagler,0.361299898
12037,FL,Franklin,0.423190859
12039,FL,Gadsden,0.410535641
12041,FL,Gilchrist,0.353003471
12043,FL,Glades,0.146681335
12045,FL,Gulf,0.439036628
12047,FL,Hamilton,0.498291572
12049,FL,Hardee,0.327642069
12051,FL,Hendry,0.57135437
12053,FL,Hernando,0.466293253
12055,FL,Highlands,0.407182703
12057,FL,Hillsborough,0.635874247
12059,FL,Holmes,0.203562341
12061,FL,Indian River,0.538841491
12063,FL,Jackson,0.553267351
12065,FL,Jefferson,0.427046263
12067,FL,Lafayette,0.226372383
12069,FL,Lake,0.446640692
12071,FL,Lee,0.522432978
12073,FL,Leon,0.894403989
12075,FL,Levy,0.429152046
12077,FL,Liberty,0
12079,FL,Madison,0.486013608
12081,FL,Manatee,0.511732898
12083,FL,Marion,0.477640808
12085,FL,Martin,0.671482216
12086,FL,Miami-Dade,0.61587593
12087,FL,Monroe,0.907488073
12089,FL,Nassau,0.639528054
12091,FL,Okaloosa,0.758223416
12093,FL,Okeechobee,0.434238422
12095,FL,Orange,0.756583594
12097,FL,Osceola,0.596368278
12099,FL,Palm Beach,0.651064956
12101,FL,Pasco,0.391485399
12103,FL,Pinellas,0.653449853
12105,FL,Polk,0.456953413
12107,FL,Putnam,0.388118043
12109,FL,St. Johns,0.610318513
12111,FL,St. Lucie,0.474181178
12113,FL,Santa Rosa,0.507887555
12115,FL,Sarasota,0.463520438
12117,FL,Seminole,0.693760226
12119,FL,Sumter,0.236117184
12121,FL,Suwannee,0.499750125
12123,FL,Taylor,0.442830573
12125,FL,Union,0.197498354
12127,FL,Volusia,0.530016886
12129,FL,Wakulla,0.318147111
12131,FL,Walton,0.731350561
12133,FL,Washington,0.695268087
13001,GA,Appling,0.701186624
13003,GA,Atkinson,0.486440472
13005,GA,Bacon,0.620512366
13007,GA,Baker,0
13009,GA,Baldwin,0.871288854
13011,GA,Banks,0.765236403
13013,GA,Barrow,0.546149645
13015,GA,Bartow,0.570103012
13017,GA,Ben Hill,0.801649107
13019,GA,Berrien,0.481283422
13021,GA,Bibb,1.124070043
13023,GA,Bleckley,0.390777648
13025,GA,Brantley,0.325785959
13027,GA,Brooks,0.454014788
13029,GA,Bryan,0.796319236
13031,GA,Bulloch,0.776839097
13033,GA,Burke,0.352283236
13035,GA,Butts,0.513522766
13037,GA,Calhoun,0.154726907
13039,GA,Camden,0.672727622
13043,GA,Candler,1.102130786
13045,GA,Carroll,0.709947148
13047,GA,Catoosa,0.700995108
13049,GA,Charlton,0.465224471
13051,GA,Chatham,1.019835626
13053,GA,Chattahoochee,0.16896173
13055,GA,Chattooga,0.400978387
13057,GA,Cherokee,0.640734247
13059,GA,Clarke,0.99224396
13061,GA,Clay,0
13063,GA,Clayton,0.70643114
13065,GA,Clinch,0.731957254
13067,GA,Cobb,0.824918842
13069,GA,Coffee,0.677395996
13071,GA,Colquitt,0.563966856
13073,GA,Columbia,0.517029665
13075,GA,Cook,0.755199256
13077,GA,Coweta,0.486829779
13079,GA,Crawford,0.080729797
13081,GA,Crisp,0.784860905
13083,GA,Dade,0.488132284
13085,GA,Dawson,0.740514876
13087,GA,Decatur,0.77149155
13089,GA,DeKalb,0.823915997
13091,GA,Dodge,0.619755912
13093,GA,Dooly,0.422892585
13095,GA,Dougherty,0.995595572
13097,GA,Douglas,0.612497838
13099,GA,Early,0.47659899
13101,GA,Echols,0
13103,GA,Effingham,0.433033217
13105,GA,Elbert,0.565901842
13107,GA,Emanuel,0.527356625
13109,GA,Evans,0.45879978
13111,GA,Fannin,0.841998905
13113,GA,Fayette,0.866282463
13115,GA,Floyd,0.780737641
13117,GA,Forsyth,0.636312909
13119,GA,Franklin,0.673733381
13121,GA,Fulton,1.151237706
13123,GA,Gilmer,0.728433175
13125,GA,Glascock,0
13127,GA,Glynn,1.095223608
13129,GA,Gordon,0.624475886
13131,GA,Grady,0.630939706
13133,GA,Greene,0.424499697
13135,GA,Gwinnett,0.766582908
13137,GA,Habersham,0.68568294
13139,GA,Hall,0.581879944
13141,GA,Hancock,0.822658362
13143,GA,Haralson,0.663384658
13145,GA,Harris,0.243338606
13147,GA,Hart,0.472869133
13149,GA,Heard,0.34473843
13151,GA,Henry,0.710715438
13153,GA,Houston,0.838301668
13155,GA,Irwin,0.439367311
13157,GA,Jackson,0.549539357
13159,GA,Jasper,0.22334723
13161,GA,Jeff Davis,0.538394239
13163,GA,Jefferson,0.676007866
13165,GA,Jenkins,0.657534247
13167,GA,Johnson,0.618492939
13169,GA,Jones,0.243165318
13171,GA,Lamar,0.439391443
13173,GA,Lanier,0.385616504
13175,GA,Laurens,0.815029989
13177,GA,Lee,0.445342743
13179,GA,Liberty,0.659529433
13181,GA,Lincoln,0.393597481
13183,GA,Long,0.175305323
13185,GA,Lowndes,0.960157853
13187,GA,Lumpkin,0.866050808
13189,GA,McDuffie,0.701918577
13191,GA,McIntosh,0.703531729
13193,GA,Macon,0.507540603
13195,GA,Madison,0.353207121
13197,GA,Marion,0.454700466
13199,GA,Meriwether,0.471742617
13201,GA,Miller,0.167841558
13205,GA,Mitchell,0.658732598
13207,GA,Monroe,0.480573731
13209,GA,Montgomery,0.444889334
13211,GA,Morgan,0.835375362
13213,GA,Murray,0.634356762
13215,GA,Muscogee,0.970694968
13217,GA,Newton,0.569086086
13219,GA,Oconee,0.940358476
13221,GA,Oglethorpe,0.272609555
13223,GA,Paulding,0.422855685
13225,GA,Peach,0.705742515
13227,GA,Pickens,0.466713338
13229,GA,Pierce,0.68453478
13231,GA,Pike,0.224921278
13233,GA,Polk,0.705030025
13235,GA,Pulaski,0.957937821
13237,GA,Putnam,0.330313326
13239,GA,Quitman,0
13241,GA,Rabun,1.046604691
13243,GA,Randolph,0.546971147
13245,GA,Richmond,0.78463311
13247,GA,Rockdale,0.82047542
13249,GA,Schley,0.387371683
13251,GA,Screven,0.354987575
13253,GA,Seminole,0.460511167
13255,GA,Spalding,0.843908233
13257,GA,Stephens,0.588697017
13259,GA,Stewart,0
13261,GA,Sumter,0.672387295
13263,GA,Talbot,0.156494523
13265,GA,Taliaferro,0
13267,GA,Tattnall,0.237868696
13269,GA,Taylor,0.710732054
13271,GA,Telfair,0.423780119
13273,GA,Terrell,0.657030223
13275,GA,Thomas,0.822972041
13277,GA,Tift,0.958136792
13279,GA,Toombs,0.95300931
13281,GA,Towns,0.630744278
13283,GA,Treutlen,0.442608439
13285,GA,Troup,0.762930228
13287,GA,Turner,0.981233902
13289,GA,Twiggs,0.120192308
13291,GA,Union,0.818777293
13293,GA,Upson,0.685557587
13295,GA,Walker,0.337154417
13297,GA,Walton,0.570678537
13299,GA,Ware,0.816556385
13301,GA,Warren,0.18115942
13303,GA,Washington,0.581536225
13305,GA,Wayne,0.701192026
13307,GA,Webster,0
13309,GA,Wheeler,0.125078174
13311,GA,White,0.786557025
13313,GA,Whitfield,0.791949161
13315,GA,Wilcox,0.226065333
13317,GA,Wilkes,0.402414487
13319,GA,Wilkinson,0.107227107
13321,GA,Worth,0.334288443
15001,HI,Hawaii,0.746691385
15003,HI,Honolulu,0.924592756
15005,HI,Kalawao,0
15007,HI,Kauai,0.908123448
15009,HI,Maui,0.754513278
16001,ID,Ada,0.720258261
16003,ID,Adams,0.259000259
16005,ID,Bannock,0.755876036
16007,ID,Bear Lake,0.503609199
16009,ID,Benewah,0.767712218
16011,ID,Bingham,0.309262409
16013,ID,Blaine,1.070663812
16015,ID,Boise,0.146541618
16017,ID,Bonner,0.577131177
16019,ID,Bonneville,0.672049198
16021,ID,Boundary,0.54649786
16023,ID,Butte,0.762776506
16025,ID,Camas,1.924927815
16027,ID,Canyon,0.536567836
16029,ID,Caribou,0.292525962
16031,ID,Cassia,0.807136788
16033,ID,Clark,0
16035,ID,Clearwater,0.350385424
16037,ID,Custer,0.966183575
16039,ID,Elmore,0.421552847
16041,ID,Franklin,0.537593119
16043,ID,Fremont,0.388590969
16045,ID,Gem,0.592908811
16047,ID,Gooding,0.464684015
16049,ID,Idaho,0.30835646
16051,ID,Jefferson,0.407090781
16053,ID,Jerome,0.438250504
16055,ID,Kootenai,0.671979148
16057,ID,Latah,0.75499206
16059,ID,Lemhi,0.388299249
16061,ID,Lewis,1.042209484
16063,ID,Lincoln,0
16065,ID,Madison,0.736105999
16067,ID,Minidoka,0.246026669
16069,ID,Nez Perce,0.699877521
16071,ID,Oneida,1.195028681
16073,ID,Owyhee,0.616577116
16075,ID,Payette,0.525486075
16077,ID,Power,0.262570566
16079,ID,Shoshone,0.645682002
16081,ID,Teton,0.483512233
16083,ID,Twin Falls,0.778604444
16085,ID,Valley,0.814166497
16087,ID,Washington,0.59874264
17001,IL,Adams,0.477697498
17003,IL,Alexander,0
17005,IL,Bond,0.405350628
17007,IL,Boone,0.48265236
17009,IL,Brown,0.43911007
17011,IL,Bureau,0.354609929
17013,IL,Calhoun,0.201775626
17015,IL,Carroll,0.679578661
17017,IL,Cass,0.608087565
17019,IL,Champaign,0.830384342
17021,IL,Christian,0.501593296
17023,IL,Clark,0.927070457
17025,IL,Clay,0.591715976
17027,IL,Clinton,0.475473492
17029,IL,Coles,0.731432858
17031,IL,Cook,0.835039882
17033,IL,Crawford,0.618779972
17035,IL,Cumberland,0.276931598
17037,IL,DeKalb,0.711156625
17039,IL,De Witt,0.491279784
17041,IL,Douglas,0.854743828
17043,IL,DuPage,0.903819845
17045,IL,Edgar,0.448405358
17047,IL,Edwards,0.755629439
17049,IL,Effingham,0.990675991
17051,IL,Fayette,0.32007316
17053,IL,Ford,0.438340152
17055,IL,Franklin,0.558219786
17057,IL,Fulton,0.555447552
17059,IL,Gallatin,0
17061,IL,Greene,0.297751973
17063,IL,Grundy,0.753594447
17065,IL,Hamilton,0.361620058
17067,IL,Hancock,0.538677009
17069,IL,Hardin,0
17071,IL,Henderson,0.2891845
17073,IL,Henry,0.463382694
17075,IL,Iroquois,0.727171993
17077,IL,Jackson,0.603247482
17079,IL,Jasper,0.519588486
17081,IL,Jefferson,0.778533243
17083,IL,Jersey,0.575960303
17085,IL,Jo Daviess,0.404421677
17087,IL,Johnson,0.396793905
17089,IL,Kane,0.616340417
17091,IL,Kankakee,0.691358025
17093,IL,Kendall,0.585084466
17095,IL,Knox,0.749006126
17097,IL,Lake,0.772845746
17099,IL,LaSalle,0.620274899
17101,IL,Lawrence,0.363218112
17103,IL,Lee,0.374262271
17105,IL,Livingston,0.527662718
17107,IL,Logan,0.470651516
17109,IL,McDonough,0.752823087
17111,IL,McHenry,0.696426421
17113,IL,McLean,0.729629268
17115,IL,Macon,0.581449008
17117,IL,Macoupin,0.430542699
17119,IL,Madison,0.701530612
17121,IL,Marion,0.622229136
17123,IL,Marshall,0.416181122
17125,IL,Mason,0.503669593
17127,IL,Massac,0.3354579
17129,IL,Menard,0.15910899
17131,IL,Mercer,0.313577924
17133,IL,Monroe,0.652393096
17135,IL,Montgomery,0.681222112
17137,IL,Morgan,0.629849123
17139,IL,Moultrie,0.13479814
17141,IL,Ogle,0.556782183
17143,IL,Peoria,0.720695712
17145,IL,Perry,0.46142488
17147,IL,Piatt,0.365163411
17149,IL,Pike,0.312070903
17151,IL,Pope,0
17153,IL,Pulaski,0.343938091
17155,IL,Putnam,0
17157,IL,Randolph,0.578052268
17159,IL,Richland,0.99620198
17161,IL,Rock Island,0.746253329
17163,IL,St. Clair,0.718777401
17165,IL,Saline,0.690719974
17167,IL,Sangamon,0.773881013
17169,IL,Schuyler,0.409276944
17171,IL,Scott,0.384319754
17173,IL,Shelby,0.317489115
17175,IL,Stark,0
17177,IL,Stephenson,0.581457952
17179,IL,Tazewell,0.803201014
17181,IL,Union,0.745113773
17183,IL,Vermilion,0.52679109
17185,IL,Wabash,0.865875833
17187,IL,Warren,0.447577487
17189,IL,Washington,0.697495989
17191,IL,Wayne,0.30224264
17193,IL,White,0.556560456
17195,IL,Whiteside,0.527463253
17197,IL,Will,0.695924683
17199,IL,Williamson,0.626790831
17201,IL,Winnebago,0.700071393
17203,IL,Woodford,0.484854671
18001,IN,Adams,0.459889052
18003,IN,Allen,0.655884652
18005,IN,Bartholomew,0.885099169
18007,IN,Benton,0.574712644
18009,IN,Blackford,0.403193291
18011,IN,Boone,0.61374465
18013,IN,Brown,0.267343938
18015,IN,Carroll,0.652512172
18017,IN,Cass,0.806493574
18019,IN,Clark,0.74390436
18021,IN,Clay,0.527068745
18023,IN,Clinton,0.640712717
18025,IN,Crawford,0.093852651
18027,IN,Daviess,0.580524917
18029,IN,Dearborn,0.504989294
18031,IN,Decatur,0.829437491
18033,IN,DeKalb,0.637047873
18035,IN,Delaware,0.657703675
18037,IN,Dubois,0.921006022
18039,IN,Elkhart,0.68326641
18041,IN,Fayette,0.980057951
18043,IN,Floyd,0.879507476
18045,IN,Fountain,0.420218514
18047,IN,Franklin,0.654050754
18049,IN,Fulton,0.634146341
18051,IN,Gibson,0.59243461
18053,IN,Grant,0.714608642
18055,IN,Greene,0.672248365
18057,IN,Hamilton,0.723672688
18059,IN,Hancock,0.625191031
18061,IN,Harrison,0.483472862
18063,IN,Hendricks,0.768954734
18065,IN,Henry,0.510256149
18067,IN,Howard,0.927912077
18069,IN,Huntington,0.844548575
18071,IN,Jackson,0.777943027
18073,IN,Jasper,0.627333831
18075,IN,Jay,0.424949242
18077,IN,Jefferson,0.584723334
18079,IN,Jennings,0.392857143
18081,IN,Johnson,0.847239355
18083,IN,Knox,0.658969898
18085,IN,Kosciusko,0.687337712
18087,IN,LaGrange,0.208138204
18089,IN,Lake,0.826146201
18091,IN,LaPorte,0.628118158
18093,IN,Lawrence,0.481358306
18095,IN,Madison,0.59199348
18097,IN,Marion,0.890560593
18099,IN,Marshall,0.912815505
18101,IN,Martin,0.882093502
18103,IN,Miami,0.611892974
18105,IN,Monroe,0.774387989
18107,IN,Montgomery,0.707806847
18109,IN,Morgan,0.545248447
18111,IN,Newton,0.706414241
18113,IN,Noble,0.546012012
18115,IN,Ohio,0.331400166
18117,IN,Orange,0.713339448
18119,IN,Owen,0.333826124
18121,IN,Parke,0.290141009
18123,IN,Perry,0.719646345
18125,IN,Pike,0.396070976
18127,IN,Porter,0.664368311
18129,IN,Posey,0.391542678
18131,IN,Pulaski,0.694069561
18133,IN,Putnam,0.611409432
18135,IN,Randolph,0.315159155
18137,IN,Ripley,0.526371197
18139,IN,Rush,0.591996211
18141,IN,St. Joseph,0.78843725
18143,IN,Scott,0.801282051
18145,IN,Shelby,0.515937998
18147,IN,Spencer,0.480746118
18149,IN,Starke,0.346710583
18151,IN,Steuben,0.612102134
18153,IN,Sullivan,0.522565321
18155,IN,Switzerland,0.478377344
18157,IN,Tippecanoe,0.748331276
18159,IN,Tipton,0.64871878
18161,IN,Union,0.552028705
18163,IN,Vanderburgh,0.884586222
18165,IN,Vermillion,0.446058752
18167,IN,Vigo,0.859718049
18169,IN,Wabash,0.806151556
18171,IN,Warren,0
18173,IN,Warrick,0.474251419
18175,IN,Washington,0.35870579
18177,IN,Wayne,0.635427288
18179,IN,Wells,0.466585313
18181,IN,White,0.736105999
18183,IN,Whitley,0.598748615
19001,IA,Adair,0.402468473
19003,IA,Adams,0.516129032
19005,IA,Allamakee,0.213705656
19007,IA,Appanoose,0.631861622
19009,IA,Audubon,0.172592337
19011,IA,Benton,0.23364486
19013,IA,Black Hawk,0.601969947
19015,IA,Boone,0.302651988
19017,IA,Bremer,0.525868695
19019,IA,Buchanan,0.332731248
19021,IA,Buena Vista,0.437360288
19023,IA,Butler,0.066640011
19025,IA,Calhoun,0.4054328
19027,IA,Carroll,0.729501021
19029,IA,Cass,0.669244497
19031,IA,Cedar,0.488838195
19033,IA,Cerro Gordo,0.878531465
19035,IA,Cherokee,0.760392024
19037,IA,Chickasaw,0.407697326
19039,IA,Clarke,0.433980688
19041,IA,Clay,1.211020285
19043,IA,Clayton,0.734795388
19045,IA,Clinton,0.520280535
19047,IA,Crawford,0.522405387
19049,IA,Dallas,0.529715762
19051,IA,Davis,0.455528983
19053,IA,Decatur,0.605107104
19055,IA,Delaware,0.287389355
19057,IA,Des Moines,0.794932307
19059,IA,Dickinson,1.062887511
19061,IA,Dubuque,0.747120473
19063,IA,Emmet,0.600600601
19065,IA,Fayette,0.344098707
19067,IA,Floyd,0.373203956
19069,IA,Franklin,0.47911077
19071,IA,Fremont,0.42722871
19073,IA,Greene,0.869565217
19075,IA,Grundy,0.242424242
19077,IA,Guthrie,0.466330908
19079,IA,Hamilton,0.264602765
19081,IA,Hancock,0.27205949
19083,IA,Hardin,0.346600427
19085,IA,Harrison,0.48869031
19087,IA,Henry,0.445169907
19089,IA,Howard,0.317493915
19091,IA,Humboldt,0.414937759
19093,IA,Ida,0.284010224
19095,IA,Iowa,0.427480916
19097,IA,Jackson,0.256647161
19099,IA,Jasper,0.51529616
19101,IA,Jefferson,0.634920635
19103,IA,Johnson,0.744973188
19105,IA,Jones,0.244450963
19107,IA,Keokuk,0.390968625
19109,IA,Kossuth,0.656943897
19111,IA,Lee,0.538457178
19113,IA,Linn,0.734784226
19115,IA,Louisa,0.268793119
19117,IA,Lucas,0.344787955
19119,IA,Lyon,0.427972267
19121,IA,Madison,0.19219681
19123,IA,Mahaska,0.402324542
19125,IA,Marion,0.569459014
19127,IA,Marshall,0.538344834
19129,IA,Mills,0.134852673
19131,IA,Mitchell,0.371091938
19133,IA,Monona,0.555802579
19135,IA,Monroe,0.374953131
19137,IA,Montgomery,0.575760484
19139,IA,Muscatine,0.792485374
19141,IA,O'Brien,0.711439954
19143,IA,Osceola,0.321646832
19145,IA,Page,0.516262261
19147,IA,Palo Alto,0.769315309
19149,IA,Plymouth,0.482431455
19151,IA,Pocahontas,0.420285794
19153,IA,Polk,0.726304848
19155,IA,Pottawattamie,0.751653638
19157,IA,Poweshiek,0.482108421
19159,IA,Ringgold,0.593941794
19161,IA,Sac,0.199302441
19163,IA,Scott,0.741013029
19165,IA,Shelby,0.502176096
19167,IA,Sioux,0.663187336
19169,IA,Story,0.701582813
19171,IA,Tama,0.343819838
19173,IA,Taylor,0
19175,IA,Union,0.399488655
19177,IA,Van Buren,0.26780932
19179,IA,Wapello,0.653186414
19181,IA,Warren,0.43790141
19183,IA,Washington,0.453103761
19185,IA,Wayne,0.156372166
19187,IA,Webster,0.73061832
19189,IA,Winnebago,0.378823752
19191,IA,Winneshiek,0.385208012
19193,IA,Woodbury,0.928904577
19195,IA,Worth,0.393494229
19197,IA,Wright,0.62305296
20001,KS,Allen,0.387326671
20003,KS,Anderson,0.507421033
20005,KS,Atchison,0.726700176
20007,KS,Barber,0.816826629
20009,KS,Barton,0.69381048
20011,KS,Bourbon,0.609260764
20013,KS,Brown,0.50942435
20015,KS,Butler,0.770078669
20017,KS,Chase,0
20019,KS,Chautauqua,0
20021,KS,Cherokee,0.529176889
20023,KS,Cheyenne,0.371333086
20025,KS,Clark,0.46641791
20027,KS,Clay,0.480942648
20029,KS,Cloud,0.532765051
20031,KS,Coffey,0.711490573
20033,KS,Comanche,0.511770727
20035,KS,Cowley,0.444901705
20037,KS,Crawford,0.509035378
20039,KS,Decatur,0.343878955
20041,KS,Dickinson,0.567185728
20043,KS,Doniphan,0.127000254
20045,KS,Douglas,0.849165845
20047,KS,Edwards,0.330033003
20049,KS,Elk,0
20051,KS,Ellis,1.102953848
20053,KS,Ellsworth,0.469336671
20055,KS,Finney,0.618545611
20057,KS,Ford,0.459836183
20059,KS,Franklin,0.585685838
20061,KS,Geary,0.708196007
20063,KS,Gove,1.100110011
20065,KS,Graham,0.779423227
20067,KS,Grant,0.639713408
20069,KS,Gray,0.164419599
20071,KS,Greeley,0
20073,KS,Greenwood,0.158027813
20075,KS,Hamilton,0.384172109
20077,KS,Harper,0.515641114
20079,KS,Harvey,0.689259047
20081,KS,Haskell,0.24354603
20083,KS,Hodgeman,0.521920668
20085,KS,Jackson,0.369303494
20087,KS,Jefferson,0.21214532
20089,KS,Jewell,0.657246139
20091,KS,Johnson,0.722654073
20093,KS,Kearny,0.510855683
20095,KS,Kingman,0.389711613
20097,KS,Kiowa,0
20099,KS,Labette,0.477099237
20101,KS,Lane,0.592768228
20103,KS,Leavenworth,0.444179347
20105,KS,Lincoln,0
20107,KS,Linn,0.210482004
20109,KS,Logan,0.357909807
20111,KS,Lyon,0.602191979
20113,KS,McPherson,0.615574023
20115,KS,Marion,0.327653997
20117,KS,Marshall,0.49970018
20119,KS,Meade,0.459031444
20121,KS,Miami,0.457010542
20123,KS,Mitchell,0.636537237
20125,KS,Montgomery,0.821958021
20127,KS,Morris,0.877500878
20129,KS,Morton,0.964630225
20131,KS,Nemaha,0.295624754
20133,KS,Neosho,0.365497076
20135,KS,Ness,0.644122383
20137,KS,Norton,0.35971223
20139,KS,Osage,0.251004016
20141,KS,Osborne,0.266240682
20143,KS,Ottawa,0.164880462
20145,KS,Pawnee,0.43377675
20147,KS,Phillips,0.903668896
20149,KS,Pottawatomie,0.480412281
20151,KS,Pratt,0.913705584
20153,KS,Rawlins,0
20155,KS,Reno,0.893500956
20157,KS,Republic,0.416406413
20159,KS,Rice,0.698951573
20161,KS,Riley,0.611750938
20163,KS,Rooks,0.581959263
20165,KS,Rush,0.625586487
20167,KS,Russell,0.71880391
20169,KS,Saline,0.986458614
20171,KS,Scott,0.984251969
20173,KS,Sedgwick,0.860843981
20175,KS,Seward,0.468783294
20177,KS,Shawnee,0.795937356
20179,KS,Sheridan,0.393855849
20181,KS,Sherman,1.47299509
20183,KS,Smith,0.7959671
20185,KS,Stafford,0
20187,KS,Stanton,0.473709143
20189,KS,Stevens,0.689536287
20191,KS,Sumner,0.467528052
20193,KS,Thomas,0.760359904
20195,KS,Trego,1.033769814
20197,KS,Wabaunsee,0.28481914
20199,KS,Wallace,0
20201,KS,Washington,0.178635227
20203,KS,Wichita,0.459558824
20205,KS,Wilson,0.553832521
20207,KS,Woodson,0.633512829
20209,KS,Wyandotte,0.64342102
21001,KY,Adair,0.312434909
21003,KY,Allen,0.441522763
21005,KY,Anderson,0.868055556
21007,KY,Ballard,0.485436893
21009,KY,Barren,0.857513674
21011,KY,Bath,0.409634606
21013,KY,Bell,0.863993088
21015,KY,Boone,0.949269458
21017,KY,Bourbon,0.650911276
21019,KY,Boyd,1.249180865
21021,KY,Boyle,0.774254359
21023,KY,Bracken,0.475850583
21025,KY,Breathitt,0.372883884
21027,KY,Breckinridge,0.15084473
21029,KY,Bullitt,0.500288628
21031,KY,Butler,0.466019417
21033,KY,Caldwell,0.785854617
21035,KY,Calloway,0.679170367
21037,KY,Campbell,0.773142552
21039,KY,Carlisle,0.401767778
21041,KY,Carroll,1.202034212
21043,KY,Carter,0.661205598
21045,KY,Casey,0.188786105
21047,KY,Christian,0.579124579
21049,KY,Clark,0.894904637
21051,KY,Clay,0.520168345
21053,KY,Clinton,0.590260698
21055,KY,Crittenden,0.650477016
21057,KY,Cumberland,0.593031875
21059,KY,Daviess,0.783515645
21061,KY,Edmonson,0.24972946
21063,KY,Elliott,0.260688217
21065,KY,Estill,0.553748183
21067,KY,Fayette,1.000653159
21069,KY,Fleming,0.343760743
21071,KY,Floyd,0.682271439
21073,KY,Franklin,0.942261427
21075,KY,Fulton,0.478850758
21077,KY,Gallatin,0.349283968
21079,KY,Garrard,0.177957053
21081,KY,Grant,0.603015075
21083,KY,Graves,0.478494338
21085,KY,Grayson,0.649003589
21087,KY,Green,0.633885719
21089,KY,Greenup,0.578384929
21091,KY,Hancock,0.342739632
21093,KY,Hardin,0.609609665
21095,KY,Harlan,0.639136456
21097,KY,Harrison,0.537865749
21099,KY,Hart,0.322632683
21101,KY,Henderson,0.753222717
21103,KY,Henry,0.513742615
21105,KY,Hickman,0.211237854
21107,KY,Hopkins,0.625323443
21109,KY,Jackson,0.301000828
21111,KY,Jefferson,0.865759856
21113,KY,Jessamine,0.688773
21115,KY,Johnson,0.902759866
21117,KY,Kenton,0.597819788
21119,KY,Knott,0.31462371
21121,KY,Knox,0.597521857
21123,KY,Larue,0.564174894
21125,KY,Laurel,0.649837541
21127,KY,Lawrence,0.506200962
21129,KY,Lee,0.52673163
21131,KY,Leslie,0.183183733
21133,KY,Letcher,0.642150777
21135,KY,Lewis,0.360230548
21137,KY,Lincoln,0.368173451
21139,KY,Livingston,0.427396089
21141,KY,Logan,0.521085346
21143,KY,Lyon,0.355871886
21145,KY,McCracken,1.071712903
21147,KY,McCreary,0.335889828
21149,KY,McLean,0.844059928
21151,KY,Madison,0.721318983
21153,KY,Magoffin,0.619530705
21155,KY,Marion,0.699755086
21157,KY,Marshall,0.67844797
21159,KY,Martin,0.638111191
21161,KY,Mason,0.757310964
21163,KY,Meade,0.377500944
21165,KY,Menifee,0.159058374
21167,KY,Mercer,0.562878184
21169,KY,Metcalfe,0.2002002
21171,KY,Monroe,1.027653214
21173,KY,Montgomery,0.618766834
21175,KY,Morgan,0.300684056
21177,KY,Muhlenberg,0.672925946
21179,KY,Nelson,0.535570829
21181,KY,Nicholas,0
21183,KY,Ohio,0.500479626
21185,KY,Oldham,0.519766892
21187,KY,Owen,0.469704086
21189,KY,Owsley,0.221827862
21191,KY,Pendleton,0.413992962
21193,KY,Perry,0.760952277
21195,KY,Pike,0.745629343
21197,KY,Powell,0.965095705
21199,KY,Pulaski,0.673717195
21201,KY,Robertson,0
21203,KY,Rockcastle,0.534886485
21205,KY,Rowan,0.845487212
21207,KY,Russell,0.506357601
21209,KY,Scott,0.623976289
21211,KY,Shelby,0.623955432
21213,KY,Simpson,1.009761023
21215,KY,Spencer,0.565995019
21217,KY,Taylor,0.752266698
21219,KY,Todd,0.399361022
21221,KY,Trigg,0.424268137
21223,KY,Trimble,0.227634874
21225,KY,Union,0.395647873
21227,KY,Warren,0.763739
21229,KY,Washington,0.585333222
21231,KY,Wayne,0.585765889
21233,KY,Webster,0.377757631
21235,KY,Whitley,0.788665747
21237,KY,Wolfe,0.277238703
21239,KY,Woodford,0.50854751
22001,LA,Acadia,0.448100374
22003,LA,Allen,0.388908334
22005,LA,Ascension,0.692136137
22007,LA,Assumption,0.173656334
22009,LA,Avoyelles,0.388868635
22011,LA,Beauregard,0.497265042
22013,LA,Bienville,0.648181491
22015,LA,Bossier,0.871553764
22017,LA,Caddo,0.823426483
22019,LA,Calcasieu,0.836697024
22021,LA,Caldwell,0.404285426
22023,LA,Cameron,0.149723012
22025,LA,Catahoula,0.492562309
22027,LA,Claiborne,0.548379235
22029,LA,Concordia,0.68406137
22031,LA,De Soto,0.29474615
22033,LA,East Baton Rouge,0.858663534
22035,LA,East Carroll,0.667824229
22037,LA,East Feliciana,0.555191036
22039,LA,Evangeline,0.296735905
22041,LA,Franklin,0.538134142
22043,LA,Grant,0.089349535
22045,LA,Iberia,0.568235628
22047,LA,Iberville,0.360068413
22049,LA,Jackson,0.562711017
22051,LA,Jefferson,0.856062206
22053,LA,Jefferson Davis,0.57184611
22055,LA,Lafayette,0.946342788
22057,LA,Lafourche,0.520301979
22059,LA,La Salle,0.606509873
22061,LA,Lincoln,0.840036122
22063,LA,Livingston,0.530382833
22065,LA,Madison,0.591066453
22067,LA,Morehouse,0.485799701
22069,LA,Natchitoches,0.434049941
22071,LA,Orleans,0.788405495
22073,LA,Ouachita,0.72924996
22075,LA,Plaquemines,0.554441933
22077,LA,Pointe Coupee,0.446309024
22079,LA,Rapides,0.762333192
22081,LA,Red River,0.576767793
22083,LA,Richland,0.385728062
22085,LA,Sabine,0.413240217
22087,LA,St. Bernard,0.720574658
22089,LA,St. Charles,0.587733434
22091,LA,St. Helena,0.094170826
22093,LA,St. James,0.508364914
22095,LA,St. John the Baptist,0.708652417
22097,LA,St. Landry,0.477845871
22099,LA,St. Martin,0.412641846
22101,LA,St. Mary,0.639554569
22103,LA,St. Tammany,0.764759243
22105,LA,Tangipahoa,0.669033208
22107,LA,Tensas,0
22109,LA,Terrebonne,0.723563462
22111,LA,Union,0.266205244
22113,LA,Vermilion,0.335480408
22115,LA,Vernon,0.422005678
22117,LA,Washington,0.626539342
22119,LA,Webster,0.793394987
22121,LA,West Baton Rouge,0.797289217
22123,LA,West Carroll,0.780911063
22125,LA,West Feliciana,0.259639102
22127,LA,Winn,0.542630401
23001,ME,Androscoggin,0.707371556
23003,ME,Aroostook,0.719973505
23005,ME,Cumberland,0.847819817
23007,ME,Franklin,0.495114867
23009,ME,Hancock,0.84101214
23011,ME,Kennebec,0.668802431
23013,ME,Knox,0.756124609
23015,ME,Lincoln,0.731635938
23017,ME,Oxford,0.454243684
23019,ME,Penobscot,0.606202824
23021,ME,Piscataquis,0.41113591
23023,ME,Sagadahoc,0.570694821
23025,ME,Somerset,0.429998241
23027,ME,Waldo,0.512150777
23029,ME,Washington,0.597334004
23031,ME,York,0.782223108
24001,MD,Allegany,0.84987389
24003,MD,Anne Arundel,0.810521787
24005,MD,Baltimore,0.89367234
24009,MD,Calvert,0.606976924
24011,MD,Caroline,0.491732743
24013,MD,Carroll,0.679258774
24015,MD,Cecil,0.537198558
24017,MD,Charles,0.781921459
24019,MD,Dorchester,0.583215667
24021,MD,Frederick,0.705858213
24023,MD,Garrett,0.84234644
24025,MD,Harford,0.659722916
24027,MD,Howard,0.788918922
24029,MD,Kent,0.706357215
24031,MD,Montgomery,0.770539387
24033,MD,Prince George's,0.832568579
24035,MD,Queen Anne's,0.676174084
24037,MD,St. Mary's,0.625101919
24039,MD,Somerset,0.425383812
24041,MD,Talbot,0.956353107
24043,MD,Washington,0.735426848
24045,MD,Wicomico,0.807571475
24047,MD,Worcester,1.60619255
24510,MD,Baltimore,1.075798861
25001,MA,Barnstable,1.005053184
25003,MA,Berkshire,0.916754069
25005,MA,Bristol,0.696506999
25007,MA,Dukes,1.382807098
25009,MA,Essex,0.748936082
25011,MA,Franklin,0.493917756
25013,MA,Hampden,0.625853072
25015,MA,Hampshire,0.615139898
25017,MA,Middlesex,0.772456482
25019,MA,Nantucket,1.565954311
25021,MA,Norfolk,0.680386101
25023,MA,Plymouth,0.603524107
25025,MA,Suffolk,0.970995264
25027,MA,Worcester,0.714219859
26001,MI,Alcona,0.382628659
26003,MI,Alger,0.528597103
26005,MI,Allegan,0.474320799
26007,MI,Alpena,0.724437698
26009,MI,Antrim,0.55873125
26011,MI,Arenac,0.911873901
26013,MI,Baraga,0.808874509
26015,MI,Barry,0.320507414
26017,MI,Bay,0.772280771
26019,MI,Benzie,0.742051487
26021,MI,Berrien,0.605541348
26023,MI,Branch,0.52818923
26025,MI,Calhoun,0.682097896
26027,MI,Cass,0.271275771
26029,MI,Charlevoix,0.65081735
26031,MI,Cheboygan,0.467380721
26033,MI,Chippewa,0.574097753
26035,MI,Clare,0.489364479
26037,MI,Clinton,0.47867317
26039,MI,Crawford,0.727537286
26041,MI,Delta,0.71117919
26043,MI,Dickinson,0.731979813
26045,MI,Eaton,0.699951188
26047,MI,Emmet,0.843271895
26049,MI,Genesee,0.714467359
26051,MI,Gladwin,0.354177325
26053,MI,Gogebic,0.635445129
26055,MI,Grand Traverse,0.826154965
26057,MI,Gratiot,0.552022081
26059,MI,Hillsdale,0.414575605
26061,MI,Houghton,0.630223318
26063,MI,Huron,0.966786215
26065,MI,Ingham,0.794147205
26067,MI,Ionia,0.404392323
26069,MI,Iosco,0.747442958
26071,MI,Iron,0.790374989
26073,MI,Isabella,0.538121672
26075,MI,Jackson,0.532111355
26077,MI,Kalamazoo,0.7766075
26079,MI,Kalkaska,0.459928711
26081,MI,Kent,0.637279753
26083,MI,Keweenaw,0
26085,MI,Lake,0.176351292
26087,MI,Lapeer,0.408380883
26089,MI,Leelanau,0.593201004
26091,MI,Lenawee,0.585580583
26093,MI,Livingston,0.522640574
26095,MI,Luce,0.311235605
26097,MI,Mackinac,1.539576164
26099,MI,Macomb,0.699908849
26101,MI,Manistee,0.368550369
26103,MI,Marquette,0.768366925
26105,MI,Mason,0.659172911
26107,MI,Mecosta,0.555735655
26109,MI,Menominee,0.506030193
26111,MI,Midland,0.647272466
26113,MI,Missaukee,0.332513134
26115,MI,Monroe,0.567332337
26117,MI,Montcalm,0.365700475
26119,MI,Montmorency,0.215053763
26121,MI,Muskegon,0.702084204
26123,MI,Newaygo,0.584551148
26125,MI,Oakland,0.809456259
26127,MI,Oceana,0.45764845
26129,MI,Ogemaw,0.808023195
26131,MI,Ontonagon,0.162022035
26133,MI,Osceola,0.474772325
26135,MI,Oscoda,0.597300203
26137,MI,Otsego,0.827883103
26139,MI,Ottawa,0.550142603
26141,MI,Presque Isle,0.461396493
26143,MI,Roscommon,0.709663953
26145,MI,Saginaw,0.723032429
26147,MI,St. Clair,0.518497233
26149,MI,St. Joseph,0.492239031
26151,MI,Sanilac,0.360689639
26153,MI,Schoolcraft,0.856688288
26155,MI,Shiawassee,0.565766759
26157,MI,Tuscola,0.333333333
26159,MI,Van Buren,0.545220016
26161,MI,Washtenaw,0.753767436
26163,MI,Wayne,0.719626655
26165,MI,Wexford,0.729793833
27001,MN,Aitkin,0.570667681
27003,MN,Anoka,0.587953104
27005,MN,Becker,0.481072792
27007,MN,Beltrami,0.503679047
27009,MN,Benton,0.35437655
27011,MN,Big Stone,0.585137507
27013,MN,Blue Earth,0.810583467
27015,MN,Brown,0.71168749
27017,MN,Carlton,0.337353462
27019,MN,Carver,0.554767922
27021,MN,Cass,0.350152316
27023,MN,Chippewa,0.578034682
27025,MN,Chisago,0.481258677
27027,MN,Clay,0.522142088
27029,MN,Clearwater,0.227505403
27031,MN,Cook,0.764379897
27033,MN,Cottonwood,0.343849394
27035,MN,Crow Wing,0.632261124
27037,MN,Dakota,0.649651297
27039,MN,Dodge,0.442195254
27041,MN,Douglas,0.706713781
27043,MN,Faribault,0.422773393
27045,MN,Fillmore,0.336927224
27047,MN,Freeborn,0.745784695
27049,MN,Goodhue,0.646231394
27051,MN,Grant,0.167897918
27053,MN,Hennepin,0.796162579
27055,MN,Houston,0.160102466
27057,MN,Hubbard,0.534681379
27059,MN,Isanti,0.416525655
27061,MN,Itasca,0.329026739
27063,MN,Jackson,0.486902327
27065,MN,Kanabec,0.251098556
27067,MN,Kandiyohi,0.567577155
27069,MN,Kittson,0
27071,MN,Koochiching,0.622277536
27073,MN,Lac qui Parle,0.435350457
27075,MN,Lake,0.74906367
27077,MN,Lake of the Woods,0.510464523
27079,MN,Le Sueur,0.216060497
27081,MN,Lincoln,0
27083,MN,Lyon,0.935125658
27085,MN,McLeod,0.668859038
27087,MN,Mahnomen,0.544959128
27089,MN,Marshall,0.212381863
27091,MN,Martin,0.692383778
27093,MN,Meeker,0.47604622
27095,MN,Mille Lacs,0.463606861
27097,MN,Morrison,0.548613228
27099,MN,Mower,0.584899423
27101,MN,Murray,0.354191263
27103,MN,Nicollet,0.574139546
27105,MN,Nobles,0.416859657
27107,MN,Norman,0.150625094
27109,MN,Olmsted,0.698663224
27111,MN,Otter Tail,0.624620456
27113,MN,Pennington,0.426803244
27115,MN,Pine,0.378071834
27117,MN,Pipestone,0.75422907
27119,MN,Polk,0.567751703
27121,MN,Pope,0.36416606
27123,MN,Ramsey,0.696510875
27125,MN,Red Lake,0.247341083
27127,MN,Redwood,0.451176281
27129,MN,Renville,0.399334443
27131,MN,Rice,0.53721355
27133,MN,Rock,0.62807495
27135,MN,Roseau,0.510236622
27137,MN,St. Louis,0.567308123
27139,MN,Scott,0.551291597
27141,MN,Sherburne,0.493821741
27143,MN,Sibley,0.268132457
27145,MN,Stearns,0.680129748
27147,MN,Steele,0.765592103
27149,MN,Stevens,0.510204082
27151,MN,Swift,0.741839763
27153,MN,Todd,0.247279921
27155,MN,Traverse,0.590493062
27157,MN,Wabasha,0.468120962
27159,MN,Wadena,0.944973468
27161,MN,Waseca,0.525624179
27163,MN,Washington,0.517484145
27165,MN,Watonwan,0.541369665
27167,MN,Wilkin,0.307929176
27169,MN,Winona,0.6654011
27171,MN,Wright,0.492618421
27173,MN,Yellow Medicine,0.69245227
28001,MS,Adams,0.945268929
28003,MS,Alcorn,0.722311396
28005,MS,Amite,0.237548499
28007,MS,Attala,0.52183896
28009,MS,Benton,0
28011,MS,Bolivar,0.533049041
28013,MS,Calhoun,0.271278399
28015,MS,Carroll,0
28017,MS,Chickasaw,0.462080518
28019,MS,Choctaw,0.482276344
28021,MS,Claiborne,0.550660793
28023,MS,Clarke,0.245413829
28025,MS,Clay,0.543881335
28027,MS,Coahoma,0.685290442
28029,MS,Copiah,0.590339271
28031,MS,Covington,0.565785413
28033,MS,DeSoto,0.760620901
28035,MS,Forrest,0.995676667
28037,MS,Franklin,0.510660028
28039,MS,George,0.514955156
28041,MS,Greene,0.209409465
28043,MS,Grenada,0.969260593
28045,MS,Hancock,0.652897778
28047,MS,Harrison,0.813833154
28049,MS,Hinds,0.943671044
28051,MS,Holmes,0.216696462
28053,MS,Humphreys,0.343210159
28055,MS,Issaquena,0
28057,MS,Itawamba,0.51005228
28059,MS,Jackson,0.588081084
28061,MS,Jasper,0.24094934
28063,MS,Jefferson,0.263192525
28065,MS,Jefferson Davis,0.422940281
28067,MS,Jones,0.732171621
28069,MS,Kemper,0.295188429
28071,MS,Lafayette,0.812393728
28073,MS,Lamar,0.948435082
28075,MS,Lauderdale,0.827700372
28077,MS,Lawrence,0.479923212
28079,MS,Leake,0.517397491
28081,MS,Lee,0.938460456
28083,MS,Leflore,0.668321558
28085,MS,Lincoln,0.805176132
28087,MS,Lowndes,0.669680228
28089,MS,Madison,0.983400205
28091,MS,Marion,0.811813824
28093,MS,Marshall,0.358779047
28095,MS,Monroe,0.555509263
28097,MS,Montgomery,0.576923077
28099,MS,Neshoba,0.610894281
28101,MS,Newton,0.595456211
28103,MS,Noxubee,0.269905533
28105,MS,Oktibbeha,0.708301291
28107,MS,Panola,0.580652654
28109,MS,Pearl River,0.669998551
28111,MS,Perry,0.245358633
28113,MS,Pike,0.773877877
28115,MS,Pontotoc,0.549273021
28117,MS,Prentiss,0.629227623
28119,MS,Quitman,0.520969002
28121,MS,Rankin,0.837441751
28123,MS,Scott,0.597308598
28125,MS,Sharkey,0.645577792
28127,MS,Simpson,0.69183993
28129,MS,Smith,0.370644922
28131,MS,Stone,0.783216783
28133,MS,Sunflower,0.436427117
28135,MS,Tallahatchie,0.406476526
28137,MS,Tate,0.67366331
28139,MS,Tippah,0.453741095
28141,MS,Tishomingo,0.566426365
28143,MS,Tunica,0.943574259
28145,MS,Union,0.533864825
28147,MS,Walthall,0.538394239
28149,MS,Warren,0.750265719
28151,MS,Washington,0.755749826
28153,MS,Wayne,0.634455832
28155,MS,Webster,0.601684717
28157,MS,Wilkinson,0.435208356
28159,MS,Winston,0.703539344
28161,MS,Yalobusha,0.488758553
28163,MS,Yazoo,0.359492397
29001,MO,Adair,0.78118897
29003,MO,Andrew,0.23016284
29005,MO,Atchison,0.371609067
29007,MO,Audrain,0.618070846
29009,MO,Barry,0.420615782
29011,MO,Barton,0.497636228
29013,MO,Bates,0.542691751
29015,MO,Benton,0.265872594
29017,MO,Bollinger,0.161368404
29019,MO,Boone,0.804784706
29021,MO,Buchanan,0.7934202
29023,MO,Butler,0.721399981
29025,MO,Caldwell,0.221385876
29027,MO,Callaway,0.491620112
29029,MO,Camden,0.522477908
29031,MO,Cape Girardeau,0.807247287
29033,MO,Carroll,0.331748314
29035,MO,Carter,0.479386385
29037,MO,Cass,0.505506051
29039,MO,Cedar,0.860091743
29041,MO,Chariton,0.129971406
29043,MO,Christian,0.511565024
29045,MO,Clark,0.289142692
29047,MO,Clay,0.659015243
29049,MO,Clinton,0.295581063
29051,MO,Cole,0.796791933
29053,MO,Cooper,0.909866363
29055,MO,Crawford,0.405679513
29057,MO,Dade,0.393287887
29059,MO,Dallas,0.549148819
29061,MO,Daviess,0.120525491
29063,MO,DeKalb,0.315159155
29065,MO,Dent,0.383264133
29067,MO,Douglas,0.295290123
29069,MO,Dunklin,0.446656457
29071,MO,Franklin,0.607342972
29073,MO,Gasconade,0.739943495
29075,MO,Gentry,0.439496045
29077,MO,Greene,0.930509156
29079,MO,Grundy,0.294204178
29081,MO,Harrison,0.810278967
29083,MO,Henry,0.726348284
29085,MO,Hickory,0.108471635
29087,MO,Holt,0.664304694
29089,MO,Howard,0.196869771
29091,MO,Howell,0.572523834
29093,MO,Iron,0.097399435
29095,MO,Jackson,0.712831404
29097,MO,Jasper,0.816722391
29099,MO,Jefferson,0.547782827
29101,MO,Johnson,0.607041684
29103,MO,Knox,0
29105,MO,Laclede,0.649002511
29107,MO,Lafayette,0.550660793
29109,MO,Lawrence,0.447097809
29111,MO,Lewis,0.295916354
29113,MO,Lincoln,0.331803351
29115,MO,Linn,0.48736902
29117,MO,Livingston,0.265727762
29119,MO,McDonald,0.307017544
29121,MO,Macon,0.452225596
29123,MO,Madison,0.64683053
29125,MO,Maries,0.332852546
29127,MO,Marion,0.656984786
29129,MO,Mercer,0.537778973
29131,MO,Miller,0.596634979
29133,MO,Mississippi,0.42158516
29135,MO,Moniteau,0.504540868
29137,MO,Monroe,0.344550362
29139,MO,Montgomery,0.422261633
29141,MO,Morgan,0.395256917
29143,MO,New Madrid,0.547285464
29145,MO,Newton,0.460766579
29147,MO,Nodaway,0.51990815
29149,MO,Oregon,0.274951883
29151,MO,Osage,0.291906882
29153,MO,Ozark,0.105351875
29155,MO,Pemiscot,0.339943343
29157,MO,Perry,0.572856994
29159,MO,Pettis,0.663114269
29161,MO,Phelps,0.713537137
29163,MO,Pike,0.485410711
29165,MO,Platte,0.654091235
29167,MO,Polk,0.41862562
29169,MO,Pulaski,0.542705292
29171,MO,Putnam,0.207082212
29173,MO,Ralls,0.097513408
29175,MO,Randolph,0.518506701
29177,MO,Ray,0.305024184
29179,MO,Reynolds,0.152322925
29181,MO,Ripley,0.5011096
29183,MO,St. Charles,0.711475574
29185,MO,St. Clair,0.105741779
29186,MO,Ste. Genevieve,0.334933572
29187,MO,St. Francois,0.773195876
29189,MO,St. Louis,0.80249452
29195,MO,Saline,0.513984666
29197,MO,Schuyler,0
29199,MO,Scotland,0.411268764
29201,MO,Scott,0.539804128
29203,MO,Shannon,0.120062432
29205,MO,Shelby,0.163719712
29207,MO,Stoddard,0.502226538
29209,MO,Stone,0.450102881
29211,MO,Sullivan,0.467945718
29213,MO,Taney,0.995758805
29215,MO,Texas,0.428983699
29217,MO,Vernon,0.571401362
29219,MO,Warren,0.541304544
29221,MO,Washington,0.319017426
29223,MO,Wayne,0.371691942
29225,MO,Webster,0.515072652
29227,MO,Worth,0
29229,MO,Wright,0.492045268
29510,MO,St. Louis,0.878964397
30001,MT,Beaverhead,0.74906367
30003,MT,Big Horn,0.150579732
30005,MT,Blaine,0.302160447
30007,MT,Broadwater,0.176460208
30009,MT,Carbon,0.769304741
30011,MT,Carter,0
30013,MT,Cascade,0.83794812
30015,MT,Chouteau,0.169664065
30017,MT,Custer,0.661594443
30019,MT,Daniels,1.115448968
30021,MT,Dawson,0.525320445
30023,MT,Deer Lodge,0.327868852
30025,MT,Fallon,0.965250965
30027,MT,Fergus,0.611781157
30029,MT,Flathead,0.716362564
30031,MT,Gallatin,0.996834793
30033,MT,Garfield,0
30035,MT,Glacier,0.657126168
30037,MT,Golden Valley,1.17370892
30039,MT,Granite,0.934870676
30041,MT,Hill,0.843576765
30043,MT,Jefferson,0.259560478
30045,MT,Judith Basin,0
30047,MT,Lake,0.618577958
30049,MT,Lewis and Clark,0.652939747
30051,MT,Liberty,0
30053,MT,Lincoln,0.418300654
30055,MT,McCone,1.180637544
30057,MT,Madison,0.127877238
30059,MT,Meagher,0.539665407
30061,MT,Mineral,0.234907212
30063,MT,Missoula,0.745447446
30065,MT,Musselshell,0
30067,MT,Park,0.755667506
30069,MT,Petroleum,0
30071,MT,Phillips,0.477099237
30073,MT,Pondera,0.321595112
30075,MT,Powder River,0.560852496
30077,MT,Powell,0.43421624
30079,MT,Prairie,0
30081,MT,Ravalli,0.414330977
30083,MT,Richland,0.863856254
30085,MT,Roosevelt,0.44122838
30087,MT,Rosebud,0.536135535
30089,MT,Sanders,0.615980289
30091,MT,Sheridan,0.270562771
30093,MT,Silver Bow,0.951557093
30095,MT,Stillwater,0.322927879
30097,MT,Sweet Grass,0
30099,MT,Teton,0
30101,MT,Toole,0.388349515
30103,MT,Treasure,0
30105,MT,Valley,1.570680628
30107,MT,Wheatland,0
30109,MT,Wibaux,0.89206066
30111,MT,Yellowstone,0.745338422
31001,NE,Adams,1.080840512
31003,NE,Antelope,0.625195374
31005,NE,Arthur,0
31007,NE,Banner,0
31009,NE,Blaine,0
31011,NE,Boone,0.186811134
31013,NE,Box Butte,0.440917108
31015,NE,Boyd,0
31017,NE,Brown,0
31019,NE,Buffalo,0.870935634
31021,NE,Burt,0.304275065
31023,NE,Butler,0.121226815
31025,NE,Cass,0.391788121
31027,NE,Cedar,0.116144019
31029,NE,Chase,0.251382604
31031,NE,Cherry,0.867754252
31033,NE,Cheyenne,0.492707923
31035,NE,Clay,0.158353127
31037,NE,Colfax,0.380807312
31039,NE,Cuming,0.664672649
31041,NE,Custer,0.279642058
31043,NE,Dakota,0.623501199
31045,NE,Dawes,0.884760009
31047,NE,Dawson,0.705511288
31049,NE,Deuel,0.515463918
31051,NE,Dixon,0
31053,NE,Dodge,0.680383192
31055,NE,Douglas,0.747362143
31057,NE,Dundy,0.530222694
31059,NE,Fillmore,0.529941706
31061,NE,Franklin,0
31063,NE,Frontier,0
31065,NE,Furnas,0.409165303
31067,NE,Gage,0.692424872
31069,NE,Garden,0
31071,NE,Garfield,0.499251123
31073,NE,Gosper,0.507614213
31075,NE,Grant,0
31077,NE,Greeley,0
31079,NE,Hall,0.796851623
31081,NE,Hamilton,0.4378763
31083,NE,Harlan,0.859106529
31085,NE,Hayes,0
31087,NE,Hitchcock,0
31089,NE,Holt,0.480630587
31091,NE,Hooker,1.373626374
31093,NE,Howard,0.314366551
31095,NE,Jefferson,0.545330607
31097,NE,Johnson,0.385728062
31099,NE,Kearney,0.45153522
31101,NE,Keith,0.985100357
31103,NE,Keya Paha,0
31105,NE,Kimball,0.538647994
31107,NE,Knox,0.117896722
31109,NE,Lancaster,0.931095611
31111,NE,Lincoln,0.698031551
31113,NE,Logan,0
31115,NE,Loup,0
31117,NE,McPherson,0
31119,NE,Madison,0.909762893
31121,NE,Merrick,0.515065671
31123,NE,Morrill,1.439736734
31125,NE,Nance,0.56022409
31127,NE,Nemaha,0.557491289
31129,NE,Nuckolls,0.457770657
31131,NE,Otoe,0.506425271
31133,NE,Pawnee,0.370096225
31135,NE,Perkins,0
31137,NE,Phelps,0.979645151
31139,NE,Pierce,0.555401277
31141,NE,Platte,0.704096002
31143,NE,Polk,0.379434642
31145,NE,Red Willow,1.012238888
31147,NE,Richardson,0.61515748
31149,NE,Rock,0
31151,NE,Saline,0.491159136
31153,NE,Sarpy,0.679470129
31155,NE,Saunders,0.382427458
31157,NE,Scotts Bluff,0.987248046
31159,NE,Seward,0.583090379
31161,NE,Sheridan,0.950751093
31163,NE,Sherman,0
31165,NE,Sioux,0
31167,NE,Stanton,0.164771791
31169,NE,Thayer,0.191204589
31171,NE,Thomas,0
31173,NE,Thurston,0.43047783
31175,NE,Valley,0.713606089
31177,NE,Washington,0.444268931
31179,NE,Wayne,0.95429965
31181,NE,Webster,0.273373428
31183,NE,Wheeler,0
31185,NE,York,1.005963929
32001,NV,Churchill,0.708658135
32003,NV,Clark,0.824281616
32005,NV,Douglas,0.736284079
32007,NV,Elko,0.739112307
32009,NV,Esmeralda,0
32011,NV,Eureka,0.991080278
32013,NV,Humboldt,0.636610915
32015,NV,Lander,0.332834082
32017,NV,Lincoln,0.192901235
32019,NV,Lyon,0.366873274
32021,NV,Mineral,0.444444444
32023,NV,Nye,0.638569604
32027,NV,Pershing,0.597193192
32029,NV,Storey,0
32031,NV,Washoe,0.754411718
32033,NV,White Pine,0.398644608
32510,NV,Carson City,0.898719783
33001,NH,Belknap,0.795953901
33003,NH,Carroll,0.970484609
33005,NH,Cheshire,0.630624713
33007,NH,Coos,0.758221969
33009,NH,Grafton,0.858819068
33011,NH,Hillsborough,0.7132562
33013,NH,Merrimack,0.72704541
33015,NH,Rockingham,0.908120191
33017,NH,Strafford,0.6926531
33019,NH,Sullivan,0.417604343
34001,NJ,Atlantic,0.755789237
34003,NJ,Bergen,0.816219852
34005,NJ,Burlington,0.689314732
34007,NJ,Camden,0.673139767
34009,NJ,Cape May,1.783017285
34011,NJ,Cumberland,0.635368418
34013,NJ,Essex,0.69370874
34015,NJ,Gloucester,0.58772783
34017,NJ,Hudson,0.756222772
34019,NJ,Hunterdon,0.785296707
34021,NJ,Mercer,0.753626153
34023,NJ,Middlesex,0.783214576
34025,NJ,Monmouth,0.842233731
34027,NJ,Morris,0.826451242
34029,NJ,Ocean,0.701005115
34031,NJ,Passaic,0.650478721
34033,NJ,Salem,0.525380515
34035,NJ,Somerset,0.790815713
34037,NJ,Sussex,0.517566197
34039,NJ,Union,0.661917499
34041,NJ,Warren,0.701478717
35001,NM,Bernalillo,0.825992412
35003,NM,Catron,0
35005,NM,Chaves,0.637542123
35006,NM,Cibola,0.511901715
35007,NM,Colfax,1.261829653
35009,NM,Curry,0.667072142
35011,NM,De Baca,0.547945205
35013,NM,Doa Ana,0.58967783
35015,NM,Eddy,0.656086532
35017,NM,Grant,0.756117679
35019,NM,Guadalupe,0.223813787
35021,NM,Harding,0
35023,NM,Hidalgo,0.657894737
35025,NM,Lea,0.628580408
35027,NM,Lincoln,1.014919314
35028,NM,Los Alamos,0.565546884
35029,NM,Luna,0.770072549
35031,NM,McKinley,0.674782045
35033,NM,Mora,0.217770035
35035,NM,Otero,0.507052641
35037,NM,Quay,0.941065757
35039,NM,Rio Arriba,0.502803127
35041,NM,Roosevelt,0.40950041
35043,NM,Sandoval,0.45782222
35045,NM,San Juan,0.759381185
35047,NM,San Miguel,0.531180283
35049,NM,Santa Fe,0.735671283
35051,NM,Sierra,0.529801325
35053,NM,Socorro,0.635470826
35055,NM,Taos,0.78587837
35057,NM,Torrance,0.448401768
35059,NM,Union,0.698161508
35061,NM,Valencia,0.633103394
36001,NY,Albany,1.05136434
36003,NY,Allegany,0.377073906
36005,NY,Bronx,0.649441404
36007,NY,Broome,0.785410618
36009,NY,Cattaraugus,0.623409669
36011,NY,Cayuga,0.672392576
36013,NY,Chautauqua,0.73455355
36015,NY,Chemung,0.706391706
36017,NY,Chenango,0.526038927
36019,NY,Clinton,0.539004312
36021,NY,Columbia,0.595602202
36023,NY,Cortland,0.856723238
36025,NY,Delaware,0.558167493
36027,NY,Dutchess,0.822715027
36029,NY,Erie,0.834385345
36031,NY,Essex,0.594637917
36033,NY,Franklin,0.448675432
36035,NY,Fulton,0.757785787
36037,NY,Genesee,0.642304182
36039,NY,Greene,0.813058978
36041,NY,Hamilton,0.84835631
36043,NY,Herkimer,0.78438755
36045,NY,Jefferson,0.848005508
36047,NY,Kings,0.76054822
36049,NY,Lewis,0.477590007
36051,NY,Livingston,0.727711888
36053,NY,Madison,0.580358993
36055,NY,Monroe,0.733473182
36057,NY,Montgomery,0.743285321
36059,NY,Nassau,0.949487976
36061,NY,New York,1.560257855
36063,NY,Niagara,0.627561176
36065,NY,Oneida,0.695664123
36067,NY,Onondaga,0.914147067
36069,NY,Ontario,0.793021412
36071,NY,Orange,0.797662318
36073,NY,Orleans,0.428734756
36075,NY,Oswego,0.777418474
36077,NY,Otsego,0.621646381
36079,NY,Putnam,0.73376421
36081,NY,Queens,0.844252621
36083,NY,Rensselaer,0.619625221
36085,NY,Richmond,0.667682276
36087,NY,Rockland,0.790450371
36089,NY,St. Lawrence,0.475763016
36091,NY,Saratoga,0.742482916
36093,NY,Schenectady,0.783382027
36095,NY,Schoharie,0.380155864
36097,NY,Schuyler,0.595270307
36099,NY,Seneca,0.573328747
36101,NY,Steuben,0.467508181
36103,NY,Suffolk,0.874270111
36105,NY,Sullivan,0.750562922
36107,NY,Tioga,0.481251253
36109,NY,Tompkins,0.70684204
36111,NY,Ulster,0.858987503
36113,NY,Warren,1.092761609
36115,NY,Washington,0.529083563
36117,NY,Wayne,0.706130297
36119,NY,Westchester,0.789608424
36121,NY,Wyoming,0.582693989
36123,NY,Yates,0.555379245
37001,NC,Alamance,0.808770669
37003,NC,Alexander,0.427899016
37005,NC,Alleghany,0.367680853
37007,NC,Anson,0.543372793
37009,NC,Ashe,0.663570007
37011,NC,Avery,0.562651213
37013,NC,Beaufort,0.69349585
37015,NC,Bertie,0.547100368
37017,NC,Bladen,0.750209193
37019,NC,Brunswick,0.757346259
37021,NC,Buncombe,0.878106802
37023,NC,Burke,0.636971146
37025,NC,Cabarrus,0.754803413
37027,NC,Caldwell,0.638162093
37029,NC,Camden,0.096796051
37031,NC,Carteret,0.886486172
37033,NC,Caswell,0.259942813
37035,NC,Catawba,0.808883482
37037,NC,Chatham,0.465806865
37039,NC,Cherokee,0.810581777
37041,NC,Chowan,0.686247598
37043,NC,Clay,0.567054154
37045,NC,Cleveland,0.618072438
37047,NC,Columbus,0.860358541
37049,NC,Craven,0.698497751
37051,NC,Cumberland,0.845774803
37053,NC,Currituck,0.840807175
37055,NC,Dare,1.766180492
37057,NC,Davidson,0.536349895
37059,NC,Davie,0.699908288
37061,NC,Duplin,0.601182325
37063,NC,Durham,0.896556408
37065,NC,Edgecombe,0.455099849
37067,NC,Forsyth,0.747335052
37069,NC,Franklin,0.397709195
37071,NC,Gaston,0.776783642
37073,NC,Gates,0
37075,NC,Graham,0.578435909
37077,NC,Granville,0.52991453
37079,NC,Greene,0.237045465
37081,NC,Guilford,0.82793257
37083,NC,Halifax,0.830658864
37085,NC,Harnett,0.615792715
37087,NC,Haywood,0.638966891
37089,NC,Henderson,0.539815923
37091,NC,Hertford,0.740496956
37093,NC,Hoke,0.251884288
37095,NC,Hyde,0.704721635
37097,NC,Iredell,0.845957702
37099,NC,Jackson,0.707645006
37101,NC,Johnston,0.639389714
37103,NC,Jones,0.297737197
37105,NC,Lee,0.771010023
37107,NC,Lenoir,0.889116868
37109,NC,Lincoln,0.688972679
37111,NC,McDowell,0.62270655
37113,NC,Macon,0.915129151
37115,NC,Madison,0.283594082
37117,NC,Martin,0.724823058
37119,NC,Mecklenburg,0.821696745
37121,NC,Mitchell,0.522500163
37123,NC,Montgomery,0.657054207
37125,NC,Moore,0.719834116
37127,NC,Nash,0.773657492
37129,NC,New Hanover,1.044854784
37131,NC,Northampton,0.293212139
37133,NC,Onslow,0.810282053
37135,NC,Orange,0.740635237
37137,NC,Pamlico,1.081248069
37139,NC,Pasquotank,0.779148968
37141,NC,Pender,0.604444444
37143,NC,Perquimans,0.445566612
37145,NC,Person,0.664417868
37147,NC,Pitt,0.912439979
37149,NC,Polk,0.442108366
37151,NC,Randolph,0.546302652
37153,NC,Richmond,0.502919117
37155,NC,Robeson,0.504600772
37157,NC,Rockingham,0.68705287
37159,NC,Rowan,0.584289115
37161,NC,Rutherford,0.585585586
37163,NC,Sampson,0.515222482
37165,NC,Scotland,0.646503261
37167,NC,Stanly,0.726072607
37169,NC,Stokes,0.517029665
37171,NC,Surry,0.835982897
37173,NC,Swain,1.190976601
37175,NC,Transylvania,0.544711757
37177,NC,Tyrrell,0.972053463
37179,NC,Union,0.535302515
37181,NC,Vance,0.627605684
37183,NC,Wake,0.849111487
37185,NC,Warren,0.543720034
37187,NC,Washington,0.636435959
37189,NC,Watauga,0.742009132
37191,NC,Wayne,0.594587645
37193,NC,Wilkes,0.508440106
37195,NC,Wilson,0.663382514
37197,NC,Yadkin,0.476291279
37199,NC,Yancey,0.39741115
38001,ND,Adams,0
38003,ND,Barnes,0.71787509
38005,ND,Benson,0
38007,ND,Billings,0
38009,ND,Bottineau,0.751879699
38011,ND,Bowman,1.231906375
38013,ND,Burke,0.890868597
38015,ND,Burleigh,0.629813376
38017,ND,Cass,0.688602138
38019,ND,Cavalier,0.518806744
38021,ND,Dickey,0.388349515
38023,ND,Divide,0.411184211
38025,ND,Dunn,0.227324392
38027,ND,Eddy,0.841396719
38029,ND,Emmons,0.584453536
38031,ND,Foster,1.189767995
38033,ND,Golden Valley,0
38035,ND,Grand Forks,0.712880322
38037,ND,Grant,0
38039,ND,Griggs,0.431220354
38041,ND,Hettinger,0.37593985
38043,ND,Kidder,0
38045,ND,LaMoure,0.241021933
38047,ND,Logan,0
38049,ND,McHenry,0
38051,ND,McIntosh,0.357015352
38053,ND,McKenzie,0.090942161
38055,ND,McLean,0.10440593
38057,ND,Mercer,0.571689915
38059,ND,Morton,0.502984374
38061,ND,Mountrail,0.613371499
38063,ND,Nelson,0.328407225
38065,ND,Oliver,0
38067,ND,Pembina,0.140291807
38069,ND,Pierce,0.68119891
38071,ND,Ramsey,0.951227949
38073,ND,Ransom,0.550863019
38075,ND,Renville,0.77309625
38077,ND,Richland,0.669425511
38079,ND,Rolette,0.410509031
38081,ND,Sargent,0
38083,ND,Sheridan,0
38085,ND,Sioux,0.226142017
38087,ND,Slope,0
38089,ND,Stark,0.691426314
38091,ND,Steele,0
38093,ND,Stutsman,0.899238014
38095,ND,Towner,0.432900433
38097,ND,Traill,0.866122247
38099,ND,Walsh,0.273473108
38101,ND,Ward,0.691802145
38103,ND,Wells,0.715648855
38105,ND,Williams,0.871459695
39001,OH,Adams,0.533257492
39003,OH,Allen,0.942498096
39005,OH,Ashland,0.584519657
39007,OH,Ashtabula,0.867154021
39009,OH,Athens,0.911717893
39011,OH,Auglaize,0.741694117
39013,OH,Belmont,0.777414664
39015,OH,Brown,0.566687823
39017,OH,Butler,0.726965613
39019,OH,Carroll,0.532160216
39021,OH,Champaign,0.48558577
39023,OH,Clark,0.915388784
39025,OH,Clermont,0.654891844
39027,OH,Clinton,0.741006334
39029,OH,Columbiana,0.71911133
39031,OH,Coshocton,0.575090371
39033,OH,Crawford,0.776836158
39035,OH,Cuyahoga,0.874722581
39037,OH,Darke,0.55559813
39039,OH,Defiance,0.701116593
39041,OH,Delaware,0.877782067
39043,OH,Erie,1.028643773
39045,OH,Fairfield,0.658327847
39047,OH,Fayette,1.111111111
39049,OH,Franklin,0.898981885
39051,OH,Fulton,0.587130108
39053,OH,Gallia,1.019837484
39055,OH,Geauga,0.615090938
39057,OH,Greene,0.805762422
39059,OH,Guernsey,0.959838343
39061,OH,Hamilton,0.844252205
39063,OH,Hancock,0.822968794
39065,OH,Hardin,0.629009938
39067,OH,Harrison,0.450363508
39069,OH,Henry,0.680101657
39071,OH,Highland,0.627250552
39073,OH,Hocking,0.661444735
39075,OH,Holmes,0.318921135
39077,OH,Huron,0.817522226
39079,OH,Jackson,0.732869183
39081,OH,Jefferson,0.694300824
39083,OH,Knox,0.65394739
39085,OH,Lake,0.785237534
39087,OH,Lawrence,0.616652873
39089,OH,Licking,0.714327882
39091,OH,Logan,0.791087086
39093,OH,Lorain,0.608120546
39095,OH,Lucas,0.856907872
39097,OH,Madison,0.500933558
39099,OH,Mahoning,0.861906314
39101,OH,Marion,0.669506999
39103,OH,Medina,0.670344091
39105,OH,Meigs,0.685782864
39107,OH,Mercer,0.636771081
39109,OH,Miami,0.750721848
39111,OH,Monroe,0.414794331
39113,OH,Montgomery,0.894739606
39115,OH,Morgan,0.13474365
39117,OH,Morrow,0.398270369
39119,OH,Muskingum,0.745764292
39121,OH,Noble,0.556986702
39123,OH,Ottawa,0.874763085
39125,OH,Paulding,0.526620675
39127,OH,Perry,0.558472021
39129,OH,Pickaway,0.632955904
39131,OH,Pike,0.672423556
39133,OH,Portage,0.765990042
39135,OH,Preble,0.529024191
39137,OH,Putnam,0.643820784
39139,OH,Richland,0.787259517
39141,OH,Ross,0.686893298
39143,OH,Sandusky,0.598215324
39145,OH,Scioto,0.750731316
39147,OH,Seneca,0.502972929
39149,OH,Shelby,0.612857756
39151,OH,Stark,0.841016033
39153,OH,Summit,0.819274352
39155,OH,Trumbull,0.687218228
39157,OH,Tuscarawas,0.840625943
39159,OH,Union,0.502082713
39161,OH,Van Wert,0.562153046
39163,OH,Vinton,0.528940608
39165,OH,Warren,0.58648645
39167,OH,Washington,0.767810759
39169,OH,Wayne,0.614521755
39171,OH,Williams,0.72403529
39173,OH,Wood,0.902847442
39175,OH,Wyandot,0.671050866
40001,OK,Adair,0.405661228
40003,OK,Alfalfa,0.345423143
40005,OK,Atoka,0.507393447
40007,OK,Beaver,0.182282173
40009,OK,Beckham,0.63315183
40011,OK,Blaine,0.201673893
40013,OK,Bryan,0.674369465
40015,OK,Caddo,0.375208923
40017,OK,Canadian,0.617369696
40019,OK,Carter,0.614489666
40021,OK,Cherokee,0.537845721
40023,OK,Choctaw,0.395752259
40025,OK,Cimarron,1.307759372
40027,OK,Cleveland,0.829912415
40029,OK,Coal,0.172205958
40031,OK,Comanche,0.735805747
40033,OK,Cotton,0.325203252
40035,OK,Craig,0.342888493
40037,OK,Creek,0.523841885
40039,OK,Custer,0.847457627
40041,OK,Delaware,0.386044492
40043,OK,Dewey,0
40045,OK,Ellis,0.240963855
40047,OK,Garfield,0.681555214
40049,OK,Garvin,0.616813613
40051,OK,Grady,0.464218071
40053,OK,Grant,0
40055,OK,Greer,0.162575191
40057,OK,Harmon,0.357398142
40059,OK,Harper,0.262329486
40061,OK,Haskell,0.310173697
40063,OK,Hughes,0.579458207
40065,OK,Jackson,0.653896454
40067,OK,Jefferson,0.317863954
40069,OK,Johnston,0.360262992
40071,OK,Kay,0.835568846
40073,OK,Kingfisher,0.450682462
40075,OK,Kiowa,0.214224507
40077,OK,Latimer,0.187038249
40079,OK,Le Flore,0.361729065
40081,OK,Lincoln,0.462173951
40083,OK,Logan,0.331301352
40085,OK,Love,0.511613629
40087,OK,McClain,0.670007772
40089,OK,McCurtain,0.453857791
40091,OK,McIntosh,0.39824771
40093,OK,Major,0.258064516
40095,OK,Marshall,0.556173526
40097,OK,Mayes,0.73500588
40099,OK,Murray,0.724480185
40101,OK,Muskogee,0.786096104
40103,OK,Noble,0.522011484
40105,OK,Nowata,0.190041809
40107,OK,Okfuskee,0.164122764
40109,OK,Oklahoma,0.934463564
40111,OK,Okmulgee,0.562731807
40113,OK,Osage,0.437673246
40115,OK,Ottawa,0.467216944
40117,OK,Pawnee,0.426803244
40119,OK,Payne,0.784909798
40121,OK,Pittsburg,0.672253843
40123,OK,Pontotoc,0.552558874
40125,OK,Pottawatomie,0.863377477
40127,OK,Pushmataha,0.359550562
40129,OK,Roger Mills,0
40131,OK,Rogers,0.378555921
40133,OK,Seminole,0.629400889
40135,OK,Sequoyah,0.580298854
40137,OK,Stephens,0.606837031
40139,OK,Texas,0.36608246
40141,OK,Tillman,0.524383849
40143,OK,Tulsa,0.924399379
40145,OK,Wagoner,0.40950041
40147,OK,Washington,0.750909756
40149,OK,Washita,0.173205162
40151,OK,Woods,0.861326443
40153,OK,Woodward,0.603836685
41001,OR,Baker,0.560433402
41003,OR,Benton,0.683534918
41005,OR,Clackamas,0.59751071
41007,OR,Clatsop,0.800555052
41009,OR,Columbia,0.465031642
41011,OR,Coos,0.672268908
41013,OR,Crook,0.428612249
41015,OR,Curry,0.671591672
41017,OR,Deschutes,0.78644036
41019,OR,Douglas,0.635680365
41021,OR,Gilliam,1.035196687
41023,OR,Grant,0.69637883
41025,OR,Harney,0.982318271
41027,OR,Hood River,1.04872187
41029,OR,Jackson,0.727577073
41031,OR,Jefferson,0.495674117
41033,OR,Josephine,0.550245816
41035,OR,Klamath,0.549996181
41037,OR,Lake,0.765501403
41039,OR,Lane,0.820456721
41041,OR,Lincoln,0.689566004
41043,OR,Linn,0.519454405
41045,OR,Malheur,0.658783227
41047,OR,Marion,0.689951243
41049,OR,Morrow,0.08938947
41051,OR,Multnomah,0.858748159
41053,OR,Polk,0.539042045
41055,OR,Sherman,0.584795322
41057,OR,Tillamook,0.473522216
41059,OR,Umatilla,0.521478391
41061,OR,Union,0.700634463
41063,OR,Wallowa,0.586510264
41065,OR,Wasco,0.705467372
41067,OR,Washington,0.655419735
41069,OR,Wheeler,0
41071,OR,Yamhill,0.461880147
42001,PA,Adams,0.717698645
42003,PA,Allegheny,0.809742905
42005,PA,Armstrong,0.398318212
42007,PA,Beaver,0.602153585
42009,PA,Bedford,0.367752217
42011,PA,Berks,0.650243781
42013,PA,Blair,0.746298281
42015,PA,Bradford,0.485562605
42017,PA,Bucks,0.753169455
42019,PA,Butler,0.570067171
42021,PA,Cambria,0.740568641
42023,PA,Cameron,0.208116545
42025,PA,Carbon,0.543132478
42027,PA,Centre,0.617353945
42029,PA,Chester,0.657196792
42031,PA,Clarion,0.592462842
42033,PA,Clearfield,0.652781712
42035,PA,Clinton,0.427726758
42037,PA,Columbia,0.804505229
42039,PA,Crawford,0.539145397
42041,PA,Cumberland,0.693299202
42043,PA,Dauphin,0.806769496
42045,PA,Delaware,0.742503908
42047,PA,Elk,0.544976598
42049,PA,Erie,0.664408874
42051,PA,Fayette,0.604089912
42053,PA,Forest,0.266028199
42055,PA,Franklin,0.647515894
42057,PA,Fulton,0.341716785
42059,PA,Greene,0.687049124
42061,PA,Huntingdon,0.415300546
42063,PA,Indiana,0.570086425
42065,PA,Jefferson,0.560060935
42067,PA,Juniata,0.403290853
42069,PA,Lackawanna,0.68165044
42071,PA,Lancaster,0.611265282
42073,PA,Lawrence,0.563247006
42075,PA,Lebanon,0.572019449
42077,PA,Lehigh,0.687490743
42079,PA,Luzerne,0.649250852
42081,PA,Lycoming,0.635149518
42083,PA,McKean,0.657987498
42085,PA,Mercer,0.626719125
42087,PA,Mifflin,0.579996563
42089,PA,Monroe,0.63734863
42091,PA,Montgomery,0.804302344
42093,PA,Montour,0.590097098
42095,PA,Northampton,0.661890412
42097,PA,Northumberland,0.542876607
42099,PA,Perry,0.372529255
42101,PA,Philadelphia,0.874833445
42103,PA,Pike,0.427114662
42105,PA,Potter,0.290596304
42107,PA,Schuylkill,0.521272729
42109,PA,Snyder,0.669593036
42111,PA,Somerset,0.393607809
42113,PA,Sullivan,0.631014356
42115,PA,Susquehanna,0.405534351
42117,PA,Tioga,0.449448834
42119,PA,Union,0.512546241
42121,PA,Venango,0.448355097
42123,PA,Warren,0.491364273
42125,PA,Washington,0.648455475
42127,PA,Wayne,0.428007237
42129,PA,Westmoreland,0.654013136
42131,PA,Wyoming,0.35547972
42133,PA,York,0.680650248
44001,RI,Bristol,0.570729719
44003,RI,Kent,0.884162589
44005,RI,Newport,0.898516234
44007,RI,Providence,0.743701481
44009,RI,Washington,0.81324564
45001,SC,Abbeville,0.360504707
45003,SC,Aiken,0.667666143
45005,SC,Allendale,0.206291903
45007,SC,Anderson,0.783154401
45009,SC,Bamberg,0.724542221
45011,SC,Barnwell,0.637551801
45013,SC,Beaufort,0.59709301
45015,SC,Berkeley,0.529754547
45017,SC,Calhoun,0.268853341
45019,SC,Charleston,0.876605908
45021,SC,Cherokee,0.678280737
45023,SC,Chester,0.494789251
45025,SC,Chesterfield,0.411924119
45027,SC,Clarendon,0.439715065
45029,SC,Colleton,0.608932779
45031,SC,Darlington,0.516231803
45033,SC,Dillon,0.867414142
45035,SC,Dorchester,0.505155958
45037,SC,Edgefield,0.18830264
45039,SC,Fairfield,0.217618384
45041,SC,Florence,0.696683928
45043,SC,Georgetown,0.608822997
45045,SC,Greenville,0.841011534
45047,SC,Greenwood,0.86306099
45049,SC,Hampton,0.588091154
45051,SC,Horry,0.970444932
45053,SC,Jasper,0.846521899
45055,SC,Kershaw,0.649134751
45057,SC,Lancaster,0.481000481
45059,SC,Laurens,0.480964333
45061,SC,Lee,0.490650384
45063,SC,Lexington,0.791685859
45065,SC,McCormick,0.304692261
45067,SC,Marion,0.657626906
45069,SC,Marlboro,0.358114883
45071,SC,Newberry,0.555805521
45073,SC,Oconee,0.571869348
45075,SC,Orangeburg,0.765900766
45077,SC,Pickens,0.756014888
45079,SC,Richland,0.831743723
45081,SC,Saluda,0.249675422
45083,SC,Spartanburg,0.711993514
45085,SC,Sumter,0.537440117
45087,SC,Union,0.466350983
45089,SC,Williamsburg,0.305857165
45091,SC,York,0.627684984
46003,SD,Aurora,0.72859745
46005,SD,Beadle,0.550388024
46007,SD,Bennett,0.29154519
46009,SD,Bon Homme,0.142389292
46011,SD,Brookings,0.600348202
46013,SD,Brown,0.729014789
46015,SD,Brule,0.941796949
46017,SD,Buffalo,0
46019,SD,Butte,0.582637405
46021,SD,Campbell,0.721500722
46023,SD,Charles Mix,0.538386993
46025,SD,Clark,0
46027,SD,Clay,0.574217628
46029,SD,Codington,0.680077314
46031,SD,Corson,0
46033,SD,Custer,0.473653049
46035,SD,Davison,0.854915766
46037,SD,Day,0.715819613
46039,SD,Deuel,0.463821892
46041,SD,Dewey,0
46043,SD,Douglas,0
46045,SD,Edmunds,0.251067035
46047,SD,Fall River,0.73046019
46049,SD,Faulk,0.424268137
46051,SD,Grant,0.966717304
46053,SD,Gregory,0
46055,SD,Haakon,0.541418517
46057,SD,Hamlin,0
46059,SD,Hand,0.298953662
46061,SD,Hanson,0
46063,SD,Harding,0
46065,SD,Hughes,0.510146242
46067,SD,Hutchinson,0.277777778
46069,SD,Hyde,0
46071,SD,Jackson,0.610873549
46073,SD,Jerauld,0
46075,SD,Jones,2.051282051
46077,SD,Kingsbury,0.197044335
46079,SD,Lake,0.404269082
46081,SD,Lawrence,0.932797988
46083,SD,Lincoln,0.310390316
46085,SD,Lyman,0.515862781
46087,SD,McCook,0.177022482
46089,SD,McPherson,0
46091,SD,Marshall,0.42707666
46093,SD,Meade,0.259730622
46095,SD,Mellette,0
46097,SD,Miner,1.727115717
46099,SD,Minnehaha,0.836605024
46101,SD,Moody,0.15705984
46103,SD,Pennington,0.812993108
46105,SD,Perkins,0
46107,SD,Potter,0.854700855
46109,SD,Roberts,0.385579333
46111,SD,Sanborn,0.428082192
46113,SD,Shannon,0.14066676
46115,SD,Spink,0.454683237
46117,SD,Stanley,1.005698961
46119,SD,Sully,0
46121,SD,Todd,0.10119409
46123,SD,Tripp,0.544267054
46125,SD,Turner,0.241779497
46127,SD,Union,0.465766185
46129,SD,Walworth,1.270186899
46135,SD,Yankton,0.793510845
46137,SD,Ziebach,0.353857042
47001,TN,Anderson,0.847367864
47003,TN,Bedford,0.514723229
47005,TN,Benton,0.495509446
47007,TN,Bledsoe,0
47009,TN,Blount,0.506573584
47011,TN,Bradley,0.718621025
47013,TN,Campbell,0.676386593
47015,TN,Cannon,0.508831867
47017,TN,Carroll,0.422982023
47019,TN,Carter,0.580107584
47021,TN,Cheatham,0.477819133
47023,TN,Chester,0.51786639
47025,TN,Claiborne,0.443150165
47027,TN,Clay,0.515132003
47029,TN,Cocke,0.452309606
47031,TN,Coffee,0.708651139
47033,TN,Crockett,0.409053722
47035,TN,Cumberland,0.586358541
47037,TN,Davidson,0.935142972
47039,TN,Decatur,0.342876736
47041,TN,DeKalb,0.311397135
47043,TN,Dickson,0.790904597
47045,TN,Dyer,0.527217609
47047,TN,Fayette,0.281971752
47049,TN,Fentress,0.560067208
47051,TN,Franklin,0.458915028
47053,TN,Gibson,0.54576326
47055,TN,Giles,0.65851038
47057,TN,Grainger,0.174947516
47059,TN,Greene,0.599985366
47061,TN,Grundy,0.372439479
47063,TN,Hamblen,0.824925439
47065,TN,Hamilton,0.902568191
47067,TN,Hancock,0.150217816
47069,TN,Hardeman,0.308107067
47071,TN,Hardin,0.46385775
47073,TN,Hawkins,0.4230193
47075,TN,Haywood,0.549903767
47077,TN,Henderson,0.642650577
47079,TN,Henry,0.589988821
47081,TN,Hickman,0.246062992
47083,TN,Houston,0.725777186
47085,TN,Humphreys,0.937413841
47087,TN,Jackson,0.172890733
47089,TN,Jefferson,0.53154128
47091,TN,Johnson,0.33596506
47093,TN,Knox,0.873743993
47095,TN,Lake,0.262088848
47097,TN,Lauderdale,0.292162735
47099,TN,Lawrence,0.544069641
47101,TN,Lewis,0.839912649
47103,TN,Lincoln,0.624312513
47105,TN,Loudon,0.748458766
47107,TN,McMinn,0.646068483
47109,TN,McNairy,0.647199909
47111,TN,Macon,0.565143677
47113,TN,Madison,0.835217666
47115,TN,Marion,0.774457
47117,TN,Marshall,0.607630561
47119,TN,Maury,0.830263696
47121,TN,Meigs,0.170925562
47123,TN,Monroe,0.663232596
47125,TN,Montgomery,0.615915899
47127,TN,Moore,0.316505776
47129,TN,Morgan,0.184672207
47131,TN,Obion,0.581752367
47133,TN,Overton,0.499364445
47135,TN,Perry,0.511378164
47137,TN,Pickett,0.780640125
47139,TN,Polk,0.298864316
47141,TN,Putnam,0.822490393
47143,TN,Rhea,0.612726326
47145,TN,Roane,0.644574202
47147,TN,Robertson,0.719752053
47149,TN,Rutherford,0.699189356
47151,TN,Scott,0.591258471
47153,TN,Sequatchie,0.816104461
47155,TN,Sevier,1.019871727
47157,TN,Shelby,0.725391802
47159,TN,Smith,0.47345994
47161,TN,Stewart,0.451841253
47163,TN,Sullivan,0.897820398
47165,TN,Sumner,0.555857932
47167,TN,Tipton,0.40569268
47169,TN,Trousdale,0.499875031
47171,TN,Unicoi,0.556699883
47173,TN,Union,0.209281641
47175,TN,Van Buren,0
47177,TN,Warren,0.600465361
47179,TN,Washington,0.80797199
47181,TN,Wayne,0.236504464
47183,TN,Weakley,0.66912984
47185,TN,White,0.684384624
47187,TN,Williamson,0.779628312
47189,TN,Wilson,0.725816743
48001,TX,Anderson,0.416471446
48003,TX,Andrews,0.57218058
48005,TX,Angelina,0.729344729
48007,TX,Aransas,0.680762454
48009,TX,Archer,0.453977982
48011,TX,Armstrong,1.023017903
48013,TX,Atascosa,0.460501528
48015,TX,Austin,0.515216047
48017,TX,Bailey,0.578871201
48019,TX,Bandera,0.335056481
48021,TX,Bastrop,0.461130538
48023,TX,Baylor,0.83518931
48025,TX,Bee,0.486869732
48027,TX,Bell,0.665370359
48029,TX,Bexar,0.700481608
48031,TX,Blanco,0.832408435
48033,TX,Borden,0
48035,TX,Bosque,0.562429696
48037,TX,Bowie,0.997051729
48039,TX,Brazoria,0.576711502
48041,TX,Brazos,0.827149633
48043,TX,Brewster,0.763109125
48045,TX,Briscoe,0
48047,TX,Brooks,0.834028357
48049,TX,Brown,0.956099116
48051,TX,Burleson,0.695531212
48053,TX,Burnet,0.62301137
48055,TX,Caldwell,0.527505652
48057,TX,Calhoun,0.642290223
48059,TX,Callahan,0.666025309
48061,TX,Cameron,0.570895735
48063,TX,Camp,0.55463117
48065,TX,Carson,0.665225345
48067,TX,Cass,0.561779188
48069,TX,Castro,0.771109112
48071,TX,Chambers,0.655393892
48073,TX,Cherokee,0.510785431
48075,TX,Childress,0.987445338
48077,TX,Clay,0.385728062
48079,TX,Cochran,0
48081,TX,Coke,0
48083,TX,Coleman,0.711743772
48085,TX,Collin,0.83706019
48087,TX,Collingsworth,1.325820351
48089,TX,Colorado,0.772238042
48091,TX,Comal,0.679095187
48093,TX,Comanche,0.442804428
48095,TX,Concho,0.740740741
48097,TX,Cooke,0.464384304
48099,TX,Coryell,0.42349329
48101,TX,Cottle,0.706713781
48103,TX,Crane,0.606060606
48105,TX,Crockett,1.311647429
48107,TX,Crosby,0.169520258
48109,TX,Culberson,0.882612533
48111,TX,Dallam,0.840925018
48113,TX,Dallas,0.820681654
48115,TX,Dawson,0.972180676
48117,TX,Deaf Smith,0.573065903
48119,TX,Delta,0.190912562
48121,TX,Denton,0.65572639
48123,TX,DeWitt,0.773544769
48125,TX,Dickens,1.352569883
48127,TX,Dimmit,0.541076743
48129,TX,Donley,1.128986734
48131,TX,Duval,0.433538542
48133,TX,Eastland,0.935299296
48135,TX,Ector,0.701736147
48137,TX,Edwards,0.532197978
48139,TX,Ellis,0.608849024
48141,TX,El Paso,0.683873894
48143,TX,Erath,0.846887688
48145,TX,Falls,0.412031314
48147,TX,Fannin,0.385162361
48149,TX,Fayette,0.805379938
48151,TX,Fisher,0.261028452
48153,TX,Floyd,1.008572869
48155,TX,Foard,1.568627451
48157,TX,Fort Bend,0.579270295
48159,TX,Franklin,0.471698113
48161,TX,Freestone,0.506021658
48163,TX,Frio,0.755490799
48165,TX,Gaines,0.617760618
48167,TX,Galveston,0.728839776
48169,TX,Garza,0.777000777
48171,TX,Gillespie,0.587774295
48173,TX,Glasscock,0.774593338
48175,TX,Goliad,0.39740363
48177,TX,Gonzales,0.684195093
48179,TX,Gray,0.520742927
48181,TX,Grayson,0.704259556
48183,TX,Gregg,0.965877731
48185,TX,Grimes,0.294420727
48187,TX,Guadalupe,0.482173175
48189,TX,Hale,0.547235023
48191,TX,Hall,1.271051795
48193,TX,Hamilton,0.853762654
48195,TX,Hansford,0.726084589
48197,TX,Hardeman,1.018329939
48199,TX,Hardin,0.75511048
48201,TX,Harris,0.703611723
48203,TX,Harrison,0.534632292
48205,TX,Hartley,0
48207,TX,Haskell,0.520020801
48209,TX,Hays,0.708012431
48211,TX,Hemphill,0.717703349
48213,TX,Henderson,0.718880061
48215,TX,Hidalgo,0.436784735
48217,TX,Hill,0.60261708
48219,TX,Hockley,0.678627476
48221,TX,Hood,0.778917305
48223,TX,Hopkins,0.389744161
48225,TX,Houston,0.4397344
48227,TX,Howard,0.763962784
48229,TX,Hudspeth,0
48231,TX,Hunt,0.598917428
48233,TX,Hutchinson,0.780783539
48235,TX,Irion,0.635324015
48237,TX,Jack,0.677583286
48239,TX,Jackson,0.678472081
48241,TX,Jasper,0.646939694
48243,TX,Jeff Davis,0.453720508
48245,TX,Jefferson,0.705691121
48247,TX,Jim Hogg,0.761179829
48249,TX,Jim Wells,0.749643315
48251,TX,Johnson,0.660501982
48253,TX,Jones,0.401284109
48255,TX,Karnes,0.603783711
48257,TX,Kaufman,0.629292675
48259,TX,Kendall,0.694444444
48261,TX,Kenedy,0
48263,TX,Kent,0
48265,TX,Kerr,0.771330248
48267,TX,Kimble,0.901306895
48269,TX,King,0
48271,TX,Kinney,0.283607487
48273,TX,Kleberg,0.869835353
48275,TX,Knox,0.259201659
48277,TX,Lamar,0.706742322
48279,TX,Lamb,0.442021512
48281,TX,Lampasas,0.496130185
48283,TX,La Salle,0.936580145
48285,TX,Lavaca,0.45636631
48287,TX,Lee,0.657030223
48289,TX,Leon,0.593084633
48291,TX,Liberty,0.512052434
48293,TX,Limestone,0.46760755
48295,TX,Lipscomb,0.281452294
48297,TX,Live Oak,0.744355306
48299,TX,Llano,0.973859559
48301,TX,Loving,0
48303,TX,Lubbock,0.904841925
48305,TX,Lynn,0.519840582
48307,TX,McCulloch,0.975728747
48309,TX,McLennan,0.805123213
48311,TX,McMullen,0
48313,TX,Madison,1.226462737
48315,TX,Marion,0.492659375
48317,TX,Martin,0.183150183
48319,TX,Mason,1.22819946
48321,TX,Matagorda,0.62980914
48323,TX,Maverick,0.526103502
48325,TX,Medina,0.584624379
48327,TX,Menard,0.465766185
48329,TX,Midland,0.750818199
48331,TX,Milam,0.535949868
48333,TX,Mills,0.410677618
48335,TX,Mitchell,0.550903482
48337,TX,Montague,0.618046972
48339,TX,Montgomery,0.59158257
48341,TX,Moore,0.496658841
48343,TX,Morris,0.706270109
48345,TX,Motley,0
48347,TX,Nacogdoches,0.627861748
48349,TX,Navarro,0.663969291
48351,TX,Newton,0.070731362
48353,TX,Nolan,0.861326443
48355,TX,Nueces,0.850595557
48357,TX,Ochiltree,0.371816323
48359,TX,Oldham,1.449275362
48361,TX,Orange,0.767082569
48363,TX,Palo Pinto,0.960990888
48365,TX,Panola,0.210358029
48367,TX,Parker,0.682017473
48369,TX,Parmer,0.100928543
48371,TX,Pecos,0.503366262
48373,TX,Polk,0.542546496
48375,TX,Potter,0.953735601
48377,TX,Presidio,0.860091743
48379,TX,Rains,0.634517766
48381,TX,Randall,0.616128529
48383,TX,Reagan,0.266311585
48385,TX,Real,0.593295758
48387,TX,Red River,0.321388398
48389,TX,Reeves,0.348456338
48391,TX,Refugio,1.095590249
48393,TX,Roberts,0
48395,TX,Robertson,0.545454545
48397,TX,Rockwall,0.797184799
48399,TX,Runnels,0.480030722
48401,TX,Rusk,0.556348868
48403,TX,Sabine,0.289855072
48405,TX,San Augustine,0.116144019
48407,TX,San Jacinto,0.147606923
48409,TX,San Patricio,0.82193828
48411,TX,San Saba,0.711490573
48413,TX,Schleicher,0
48415,TX,Scurry,1.211911357
48417,TX,Shackelford,0.598265031
48419,TX,Shelby,0.391926318
48421,TX,Sherman,0.324254215
48423,TX,Smith,0.822511218
48425,TX,Somervell,0.920174833
48427,TX,Starr,0.42887777
48429,TX,Stephens,0.850611377
48431,TX,Sterling,1.493651979
48433,TX,Stonewall,2.138275125
48435,TX,Sutton,1.007049345
48437,TX,Swisher,0.131908719
48439,TX,Tarrant,0.757700374
48441,TX,Taylor,0.910147029
48443,TX,Terrell,1.078748652
48445,TX,Terry,0.549493681
48447,TX,Throckmorton,0
48449,TX,Titus,0.584507476
48451,TX,Tom Green,0.686059276
48453,TX,Travis,0.774880662
48455,TX,Trinity,0.35151856
48457,TX,Tyler,0.420207302
48459,TX,Upshur,0.446052436
48461,TX,Upton,1.737116387
48463,TX,Uvalde,0.700667478
48465,TX,Val Verde,0.632988933
48467,TX,Van Zandt,0.51030051
48469,TX,Victoria,0.779525916
48471,TX,Walker,0.487182794
48473,TX,Waller,0.448526271
48475,TX,Ward,0.516129032
48477,TX,Washington,0.754979964
48479,TX,Webb,0.659984325
48481,TX,Wharton,0.777302759
48483,TX,Wheeler,0.700035002
48485,TX,Wichita,0.732877489
48487,TX,Wilbarger,1.002081246
48489,TX,Willacy,0.36524677
48491,TX,Williamson,0.656106285
48493,TX,Wilson,0.431015904
48495,TX,Winkler,0.383582662
48497,TX,Wise,0.584055291
48499,TX,Wood,0.350042005
48501,TX,Yoakum,0.844798455
48503,TX,Young,0.980926431
48505,TX,Zapata,0.419023675
48507,TX,Zavala,0.244558572
49001,UT,Beaver,1.702522829
49003,UT,Box Elder,0.601731434
49005,UT,Cache,0.743601227
49007,UT,Carbon,0.677637948
49009,UT,Daggett,0
49011,UT,Davis,0.636958131
49013,UT,Duchesne,0.588812561
49015,UT,Emery,0.752516226
49017,UT,Garfield,2.786624204
49019,UT,Grand,0.954502068
49021,UT,Iron,0.719287482
49023,UT,Juab,0.85828724
49025,UT,Kane,0.827129859
49027,UT,Millard,0.951927653
49029,UT,Morgan,0.377073906
49031,UT,Piute,1.347708895
49033,UT,Rich,3.052769298
49035,UT,Salt Lake,0.829866397
49037,UT,San Juan,0.393416825
49039,UT,Sanpete,0.526740879
49041,UT,Sevier,0.770230588
49043,UT,Summit,0.997314921
49045,UT,Tooele,0.470794506
49047,UT,Uintah,0.542490574
49049,UT,Utah,0.625697448
49051,UT,Wasatch,0.793822617
49053,UT,Washington,0.763419064
49055,UT,Wayne,0.734484025
49057,UT,Weber,0.602973282
50001,VT,Addison,0.459347726
50003,VT,Bennington,0.823158184
50005,VT,Caledonia,0.613279107
50007,VT,Chittenden,0.747519171
50009,VT,Essex,0.163265306
50011,VT,Franklin,0.4728424
50013,VT,Grand Isle,0.142979697
50015,VT,Lamoille,0.717646121
50017,VT,Orange,0.311861118
50019,VT,Orleans,0.443098737
50021,VT,Rutland,0.732283727
50023,VT,Washington,0.559340995
50025,VT,Windham,0.869286727
50027,VT,Windsor,0.57128575
51001,VA,Accomack,0.545107659
51003,VA,Albemarle,0.555082353
51005,VA,Alleghany,0.442477876
51007,VA,Amelia,0.311162972
51009,VA,Amherst,0.499360195
51011,VA,Appomattox,0.458145167
51013,VA,Arlington,1.044476175
51015,VA,Augusta,0.36554656
51017,VA,Bath,0.219154065
51019,VA,Bedford,0.261154564
51021,VA,Bland,0.301886792
51023,VA,Botetourt,0.574018127
51025,VA,Brunswick,0.181840223
51027,VA,Buchanan,0.389509218
51029,VA,Buckingham,0.118252232
51031,VA,Campbell,0.765236403
51033,VA,Caroline,0.268654712
51035,VA,Carroll,0.405117991
51036,VA,Charles City,0
51037,VA,Charlotte,0.245398773
51041,VA,Chesterfield,0.709776571
51043,VA,Clarke,0.416002219
51045,VA,Craig,0
51047,VA,Culpeper,0.569499247
51049,VA,Cumberland,0
51051,VA,Dickenson,0.26130128
51053,VA,Dinwiddie,0.215370257
51057,VA,Essex,0.90065748
51059,VA,Fairfax,0.800852367
51061,VA,Fauquier,0.805884422
51063,VA,Floyd,0.256772371
51065,VA,Fluvanna,0.191629618
51067,VA,Franklin,0.461336456
51069,VA,Frederick,0.570547604
51071,VA,Giles,0.713648528
51073,VA,Gloucester,0.538488463
51075,VA,Goochland,0.319110139
51077,VA,Grayson,0.198767641
51079,VA,Greene,0.367820924
51081,VA,Greensville,0.342436435
51083,VA,Halifax,0.710227273
51085,VA,Hanover,0.735885712
51087,VA,Henrico,0.835600949
51089,VA,Henry,0.595226666
51091,VA,Highland,0
51093,VA,Isle of Wight,0.555447552
51095,VA,James City,0.427097254
51097,VA,King and Queen,0
51099,VA,King George,0.472980963
51101,VA,King William,0.432472507
51103,VA,Lancaster,0.905469033
51105,VA,Lee,0.280549878
51107,VA,Loudoun,0.718909241
51109,VA,Louisa,0.26202399
51111,VA,Lunenburg,0.160436387
51113,VA,Madison,0.380025842
51115,VA,Mathews,0.565866908
51117,VA,Mecklenburg,0.801487561
51119,VA,Middlesex,0.654450262
51121,VA,Montgomery,0.647854881
51125,VA,Nelson,0.404040404
51127,VA,New Kent,0.499475551
51131,VA,Northampton,1.072518769
51133,VA,Northumberland,0.244877969
51135,VA,Nottoway,0.83445664
51137,VA,Orange,0.742305716
51139,VA,Page,0.712848038
51141,VA,Patrick,0.328515112
51143,VA,Pittsylvania,0.240450123
51145,VA,Powhatan,0.210903722
51147,VA,Prince Edward,0.650082344
51149,VA,Prince George,0.455361209
51153,VA,Prince William,0.634395441
51155,VA,Pulaski,0.961482431
51157,VA,Rappahannock,0.271702214
51159,VA,Richmond,0.224668614
51161,VA,Roanoke,0.565122354
51163,VA,Rockbridge,0.403099386
51165,VA,Rockingham,0.34539663
51167,VA,Russell,0.535274596
51169,VA,Scott,0.446747677
51171,VA,Shenandoah,0.534622626
51173,VA,Smyth,0.602123277
51175,VA,Southampton,0.221496207
51177,VA,Spotsylvania,0.681177818
51179,VA,Stafford,0.542888165
51181,VA,Surry,0.147275405
51183,VA,Sussex,0.509900569
51185,VA,Tazewell,0.736444813
51187,VA,Warren,0.589940236
51191,VA,Washington,0.602971003
51193,VA,Westmoreland,0.228872232
51195,VA,Wise,0.651057969
51197,VA,Wythe,0.755468562
51199,VA,York,0.753670375
51510,VA,Alexandria,0.836792296
51515,VA,Bedford,0
51520,VA,Bristol,1.804003724
51530,VA,Buena Vista,0.605785249
51540,VA,Charlottesville,1.447590639
51550,VA,Chesapeake,0.771304061
51570,VA,Colonial Heights,1.97394394
51580,VA,Covington,1.723543606
51590,VA,Danville,1.295825087
51595,VA,Emporia,1.830831197
51600,VA,Fairfax,3.512641425
51610,VA,Falls Church,2.426292184
51620,VA,Franklin,1.290171241
51630,VA,Fredericksburg,1.446208113
51640,VA,Galax,2.281151982
51650,VA,Hampton,0.810935206
51660,VA,Harrisonburg,1.009947025
51670,VA,Hopewell,0.856010092
51678,VA,Lexington,1.367801942
51680,VA,Lynchburg,1.02470682
51683,VA,Manassas,1.188184691
51685,VA,Manassas Park,0.395413207
51690,VA,Martinsville,1.677485231
51700,VA,Newport News,0.836225508
51710,VA,Norfolk,0.969734505
51720,VA,Norton,2.976928802
51730,VA,Petersburg,1.039723556
51735,VA,Poquoson,0.83001328
51740,VA,Portsmouth,0.82288238
51750,VA,Radford,0.566700669
51760,VA,Richmond,0.812474467
51770,VA,Roanoke,0.885062558
51775,VA,Salem,1.177255425
51790,VA,Staunton,0.978074823
51800,VA,Suffolk,0.67967652
51810,VA,Virginia Beach,0.933522551
51820,VA,Waynesboro,1.263689975
51830,VA,Williamsburg,2.246273229
51840,VA,Winchester,1.670115819
53001,WA,Adams,0.677824704
53003,WA,Asotin,0.450673757
53005,WA,Benton,0.60594361
53007,WA,Chelan,0.710570065
53009,WA,Clallam,0.536340507
53011,WA,Clark,0.538793103
53013,WA,Columbia,0.501882058
53015,WA,Cowlitz,0.597260435
53017,WA,Douglas,0.376846548
53019,WA,Ferry,0.260858224
53021,WA,Franklin,0.489699234
53023,WA,Garfield,0
53025,WA,Grant,0.611935972
53027,WA,Grays Harbor,0.578948855
53029,WA,Island,0.378429518
53031,WA,Jefferson,0.595474395
53033,WA,King,0.826936197
53035,WA,Kitsap,0.625533572
53037,WA,Kittitas,1.128827431
53039,WA,Klickitat,0.431427065
53041,WA,Lewis,0.638909594
53043,WA,Lincoln,0.87804878
53045,WA,Mason,0.395315511
53047,WA,Okanogan,0.460159845
53049,WA,Pacific,0.583629201
53051,WA,Pend Oreille,0.385059684
53053,WA,Pierce,0.647892606
53055,WA,San Juan,0.936621917
53057,WA,Skagit,0.639720849
53059,WA,Skamania,0.352733686
53061,WA,Snohomish,0.701700802
53063,WA,Spokane,0.704082855
53065,WA,Stevens,0.595647194
53067,WA,Thurston,0.628171419
53069,WA,Wahkiakum,0.49176297
53071,WA,Walla Walla,0.484593276
53073,WA,Whatcom,0.595149531
53075,WA,Whitman,0.875563243
53077,WA,Yakima,0.553117443
54001,WV,Barbour,0.417511631
54003,WV,Berkeley,0.597301284
54005,WV,Boone,0.295184279
54007,WV,Braxton,0.553135587
54009,WV,Brooke,0.679983
54011,WV,Cabell,1.132747737
54013,WV,Calhoun,0.133102622
54015,WV,Clay,0.111844313
54017,WV,Doddridge,0
54019,WV,Fayette,0.420987326
54021,WV,Gilmer,0.232072407
54023,WV,Grant,0.513390947
54025,WV,Greenbrier,0.818053597
54027,WV,Hampshire,0.298087979
54029,WV,Hancock,0.830233794
54031,WV,Hardy,0.502765209
54033,WV,Harrison,0.785328893
54035,WV,Jackson,0.755338872
54037,WV,Jefferson,0.628219626
54039,WV,Kanawha,0.998827692
54041,WV,Lewis,1.096624832
54043,WV,Lincoln,0.23190019
54045,WV,Logan,0.565802874
54047,WV,McDowell,0.391236307
54049,WV,Marion,0.757002271
54051,WV,Marshall,0.616979269
54053,WV,Mason,0.333135919
54055,WV,Mercer,0.566480537
54057,WV,Mineral,0.543911814
54059,WV,Mingo,0.233317779
54061,WV,Monongalia,0.937533224
54063,WV,Monroe,0
54065,WV,Morgan,0.286483699
54067,WV,Nicholas,0.542068378
54069,WV,Ohio,1.038589365
54071,WV,Pendleton,0.407000407
54073,WV,Pleasants,0.654964632
54075,WV,Pocahontas,0.230893558
54077,WV,Preston,0.295963064
54079,WV,Putnam,1.039281311
54081,WV,Raleigh,0.600708069
54083,WV,Randolph,0.475721227
54085,WV,Ritchie,0.699230846
54087,WV,Roane,0.340971086
54089,WV,Summers,0.372661549
54091,WV,Taylor,0.527271662
54093,WV,Tucker,0.866175834
54095,WV,Tyler,0.329742801
54097,WV,Upshur,0.566091141
54099,WV,Wayne,0.413404017
54101,WV,Webster,0.113199004
54103,WV,Wetzel,0.938203653
54105,WV,Wirt,0
54107,WV,Wood,0.939272006
54109,WV,Wyoming,0.265510222
55001,WI,Adams,0.5936186
55003,WI,Ashland,0.745202757
55005,WI,Barron,0.63799362
55007,WI,Bayfield,0.4671338
55009,WI,Brown,0.670121167
55011,WI,Buffalo,0.227479527
55013,WI,Burnett,0.260960334
55015,WI,Calumet,0.424319573
55017,WI,Chippewa,0.551528522
55019,WI,Clark,0.319553787
55021,WI,Columbia,0.582884395
55023,WI,Crawford,0.488042948
55025,WI,Dane,0.811568826
55027,WI,Dodge,0.429019803
55029,WI,Door,0.828351221
55031,WI,Douglas,0.503455536
55033,WI,Dunn,0.473987135
55035,WI,Eau Claire,0.87629475
55037,WI,Florence,0.446328944
55039,WI,Fond du Lac,0.579801295
55041,WI,Forest,0.328695081
55043,WI,Grant,0.424472786
55045,WI,Green,0.43169738
55047,WI,Green Lake,0.26544914
55049,WI,Iowa,0.419727177
55051,WI,Iron,0.676018252
55053,WI,Jackson,0.629478985
55055,WI,Jefferson,0.497659814
55057,WI,Juneau,0.303087706
55059,WI,Kenosha,0.654496989
55061,WI,Kewaunee,0.391312855
55063,WI,La Crosse,0.677902907
55065,WI,Lafayette,0.296683083
55067,WI,Langlade,0.566718187
55069,WI,Lincoln,0.526445092
55071,WI,Manitowoc,0.424151697
55073,WI,Marathon,0.574458683
55075,WI,Marinette,0.629570439
55077,WI,Marquette,0.398671096
55078,WI,Menominee,0.221141088
55079,WI,Milwaukee,0.643032352
55081,WI,Monroe,0.484805747
55083,WI,Oconto,0.427613117
55085,WI,Oneida,0.759216039
55087,WI,Outagamie,0.714262167
55089,WI,Ozaukee,0.60592203
55091,WI,Pepin,0.681663258
55093,WI,Pierce,0.537135602
55095,WI,Polk,0.575546193
55097,WI,Portage,0.638460884
55099,WI,Price,0.365630713
55101,WI,Racine,0.538011816
55103,WI,Richland,0.452949836
55105,WI,Rock,0.645209321
55107,WI,Rusk,0.418614386
55109,WI,St. Croix,0.564782904
55111,WI,Sauk,0.85201723
55113,WI,Sawyer,0.547545172
55115,WI,Shawano,0.384809639
55117,WI,Sheboygan,0.589816983
55119,WI,Taylor,0.29211295
55121,WI,Trempealeau,0.474431529
55123,WI,Vernon,0.362294974
55125,WI,Vilas,0.747733433
55127,WI,Walworth,0.676152115
55129,WI,Washburn,0.318593093
55131,WI,Washington,0.562847558
55133,WI,Waukesha,0.652969493
55135,WI,Waupaca,0.7106365
55137,WI,Waushara,0.330879312
55139,WI,Winnebago,0.542737639
55141,WI,Wood,0.557004673
56001,WY,Albany,0.714077914
56003,WY,Big Horn,0.419111484
56005,WY,Campbell,0.68294702
56007,WY,Carbon,0.441528952
56009,WY,Converse,0.56749663
56011,WY,Crook,0.82781457
56013,WY,Fremont,0.491364273
56015,WY,Goshen,0.813970697
56017,WY,Hot Springs,1.03820598
56019,WY,Johnson,0.816516972
56021,WY,Laramie,0.674350808
56023,WY,Lincoln,0.646307966
56025,WY,Natrona,0.649318828
56027,WY,Niobrara,1.218026797
56029,WY,Park,0.620925179
56031,WY,Platte,0.568246392
56033,WY,Sheridan,0.732551945
56035,WY,Sublette,0.298299692
56037,WY,Sweetwater,0.733170407
56039,WY,Teton,1.003052769
56041,WY,Uinta,0.76540375
56043,WY,Washakie,0.720980534
56045,WY,Weston,0.416608804