GEOID,Percent_Adults_bachelor's_ degree or higher
01001,24.6
01003,29.5
01005,12.9
01007,12
01009,13.1
01011,10.3
01013,16.1
01015,17.7
01017,12.5
01019,14
01021,14.9
01023,12
01025,12.1
01027,11.1
01029,11.5
01031,23.7
01033,18.5
01035,8.7
01037,9.9
01039,14.9
01041,14.6
01043,15
01045,16.1
01047,13.8
01049,11.4
01051,22.2
01053,11.6
01055,16.5
01057,14.1
01059,12.4
01061,11.7
01063,10
01065,14
01067,16.1
01069,21
01071,12.6
01073,31.4
01075,13.1
01077,21.7
01079,10.3
01081,34.4
01083,23.3
01085,12.3
01087,20
01089,40.7
01091,14.8
01093,12.5
01095,16.6
01097,22.5
01099,12.4
01101,31.5
01103,21.4
01105,14.5
01107,11.1
01109,24
01111,15.4
01113,17
01115,16.1
01117,41.4
01119,18.1
01121,13.1
01123,17.3
01125,29.4
01127,10.5
01129,9.6
01131,11.3
01133,13.1
02000,28.8
02010,
02013,11.9
02016,15.7
02020,34.3
02050,11.4
02060,19.1
02068,38.5
02070,17.6
02090,33.4
02100,40.4
02105,24.3
02110,39.4
02122,23.7
02130,23.8
02150,24.9
02158,4.8
02160,
02164,12.5
02170,20.6
02180,13.9
02185,14.2
02188,10.8
02195,25
02198,15.8
02201,
02220,32.4
02230,33.7
02231,
02232,
02240,19.2
02250,
02261,30.1
02275,20.3
02280,
02282,19.7
02290,12.3
04000,28
04001,11.1
04003,23.2
04005,34.2
04007,17.7
04009,13.3
04011,12.2
04012,10.4
04013,31
04015,11.9
04017,14.5
04019,30.8
04021,18.5
04023,22.5
04025,25.5
04027,14.4
05000,21.5
05001,14.4
05003,13.6
05005,17.7
05007,30.7
05009,15
05011,14.2
05013,12
05015,17.7
05017,13.1
05019,24.7
05021,11.3
05023,15.4
05025,15.7
05027,21.9
05029,16.9
05031,25.4
05033,13.6
05035,17.4
05037,14.7
05039,12.7
05041,13.2
05043,19.8
05045,29.1
05047,13
05049,11
05051,20.6
05053,19.8
05055,16.4
05057,12.6
05059,13.5
05061,15.7
05063,17.6
05065,12.4
05067,8.6
05069,17
05071,15.9
05073,13.7
05075,13.4
05077,8.2
05079,7.8
05081,9.7
05083,13
05085,19.5
05087,11.3
05089,15.3
05091,14.5
05093,12.6
05095,9.1
05097,12.5
05099,15.1
05101,14.8
05103,16.6
05105,10.6
05107,11.7
05109,14.8
05111,9.6
05113,12.3
05115,21.3
05117,13
05119,32.9
05121,13.7
05123,10.4
05125,24.5
05127,10.6
05129,14.4
05131,18.8
05133,9.4
05135,10.1
05137,14.4
05139,19.2
05141,13.6
05143,31.2
05145,19.3
05147,10.2
05149,14.4
06000,32
06001,43.9
06003,29.7
06005,21.5
06007,26.1
06009,20.2
06011,14.4
06013,40.3
06015,14.9
06017,33
06019,19.7
06021,12.7
06023,28.2
06025,14
06027,24.5
06029,15.7
06031,12.8
06033,16.2
06035,12.5
06037,30.8
06039,13.1
06041,57.1
06043,22.6
06045,24.1
06047,13.7
06049,18.3
06051,30.6
06053,23.6
06055,33
06057,34.4
06059,38.4
06061,36.9
06063,21.9
06065,21.2
06067,29.3
06069,19
06071,19.3
06073,36.5
06075,54.8
06077,18.2
06079,34.1
06081,47.1
06083,32.2
06085,49.1
06087,39
06089,20.1
06091,19.8
06093,22.2
06095,25.1
06097,33.1
06099,16.5
06101,17.9
06103,13.8
06105,20.1
06107,14
06109,19.7
06111,32.2
06113,40
06115,15.5
08000,38.7
08001,22.4
08003,25.8
08005,40.7
08007,34.9
08009,21.8
08011,9.5
08013,59.3
08014,52.5
08015,34.4
08017,23.3
08019,44.6
08021,18.3
08023,20
08025,10.2
08027,29.4
08029,19.6
08031,45.7
08033,20.3
08035,57.5
08037,45
08039,32.8
08041,36.6
08043,16.4
08045,29.1
08047,34.4
08049,37.2
08051,52.6
08053,40.9
08055,26
08057,19.1
08059,42.2
08061,20.2
08063,13.8
08065,30.9
08067,43
08069,45.3
08071,18.9
08073,13.7
08075,16.7
08077,26.1
08079,42.5
08081,18.9
08083,27
08085,23.8
08087,16.1
08089,17.1
08091,54.5
08093,30.5
08095,20.4
08097,60.4
08099,15.4
08101,21.2
08103,21.8
08105,22.6
08107,49.4
08109,25.5
08111,28.4
08113,55.1
08115,19.8
08117,49.9
08119,32.6
08121,16
08123,26.8
08125,21.4
09000,38
09001,46.4
09003,36.9
09005,34
09007,40.9
09009,34.3
09011,32.4
09013,38.9
09015,23.9
10000,30.5
10001,23.1
10003,35.4
10005,23.9
11000,55.4
11001,55.4
12000,27.9
12001,41.5
12003,12.8
12005,22.5
12007,11.8
12009,27.7
12011,31
12013,10.5
12015,21.6
12017,17.8
12019,23.9
12021,33.9
12023,15.9
12027,10
12029,6.4
12031,28.1
12033,24.9
12035,23.3
12037,16.7
12039,17.5
12041,12.3
12043,8.9
12045,16.7
12047,10.2
12049,9.6
12051,9.1
12053,16.4
12055,16.5
12057,31.4
12059,12.3
12061,27.2
12063,13.7
12065,19
12067,13.6
12069,21.7
12071,26.7
12073,45.2
12075,11.2
12077,12.5
12079,12.3
12081,27.9
12083,18.4
12085,31.5
12086,27.3
12087,31.1
12089,24.5
12091,29.4
12093,10.7
12095,31.9
12097,18.7
12099,34.2
12101,22.5
12103,29.5
12105,19.5
12107,12.7
12109,42.5
12111,19.8
12113,26.9
12115,33.1
12117,35.8
12119,29.8
12121,12
12123,9.8
12125,7.6
12127,22.4
12129,16.6
12131,26.3
12133,11
13000,29.4
13001,11.9
13003,6.7
13005,13.2
13007,11
13009,18.4
13011,11
13013,16.8
13015,18.5
13017,10.6
13019,12.3
13021,24.6
13023,17.7
13025,9.5
13027,12.4
13029,33.3
13031,28.2
13033,10.4
13035,10.2
13037,10.3
13039,22.6
13043,14.2
13045,18.2
13047,19.7
13049,9
13051,32.9
13053,30.1
13055,8.9
13057,35.5
13059,40.8
13061,7.4
13063,19
13065,14.4
13067,45
13069,13.1
13071,12.9
13073,35.1
13075,13.8
13077,28.1
13079,13.1
13081,15.1
13083,13.8
13085,29.8
13087,16.9
13089,41.7
13091,13.5
13093,11.3
13095,19.8
13097,26.1
13099,14.1
13101,7.9
13103,18.3
13105,11.7
13107,11.7
13109,15.1
13111,17.7
13113,45.8
13115,19.8
13117,48.3
13119,12.6
13121,49.8
13123,17.8
13125,8.2
13127,28.2
13129,12.9
13131,12.8
13133,24.7
13135,34.9
13137,17.5
13139,22.5
13141,10.9
13143,13.8
13145,26.6
13147,13.7
13149,10.5
13151,27.5
13153,24
13155,11.1
13157,19.1
13159,10.4
13161,10.7
13163,10.4
13165,13
13167,8.7
13169,20.2
13171,17.2
13173,15.4
13175,15.2
13177,24.2
13179,18.9
13181,13.2
13183,15.2
13185,23.9
13187,27
13189,14.2
13191,13.8
13193,8.5
13195,15.5
13197,11.1
13199,10.1
13201,11.4
13205,12
13207,22.2
13209,15.6
13211,20.8
13213,10.9
13215,25
13217,19.8
13219,46.6
13221,16.6
13223,24.6
13225,20.2
13227,24.8
13229,12.9
13231,15.3
13233,13
13235,11.8
13237,18.3
13239,8.6
13241,26.3
13243,13.4
13245,21
13247,26
13249,14.9
13251,14.4
13253,14.9
13255,15.4
13257,17.6
13259,10.4
13261,19.9
13263,12.6
13265,8.8
13267,11.4
13269,11.3
13271,9.1
13273,12.1
13275,19.5
13277,17.5
13279,17
13281,25.1
13283,16.5
13285,18.8
13287,12.3
13289,11.6
13291,22.4
13293,13.4
13295,15
13297,18.6
13299,12.8
13301,12.1
13303,12.3
13305,13.3
13307,9.4
13309,4.9
13311,20.8
13313,13.6
13315,9.5
13317,13.8
13319,8.6
13321,10.2
15000,31.4
15001,27.6
15003,33.4
15005,29.8
15007,27.8
15009,25.7
16000,26.2
16001,37
16003,22.7
16005,27.5
16007,19.5
16009,13.6
16011,18.1
16013,41.9
16015,27
16017,22.1
16019,27.8
16021,17.5
16023,14.9
16025,20.5
16027,18.4
16029,18.1
16031,18.6
16033,15.2
16035,16.8
16037,26.2
16039,16.6
16041,19.6
16043,20.9
16045,15.3
16047,14.3
16049,16.9
16051,20.8
16053,14.3
16055,24
16057,45.9
16059,21
16061,16
16063,11.8
16065,36.8
16067,14.9
16069,22.2
16071,16.3
16073,9.7
16075,15.8
16077,15.3
16079,12.8
16081,40
16083,18.1
16085,31
16087,15.4
17000,32.9
17001,22.6
17003,9
17005,18.3
17007,21.5
17009,14.3
17011,18.8
17013,15
17015,16.4
17017,13.8
17019,43.9
17021,15.1
17023,16.5
17025,14.8
17027,21.2
17029,25.3
17031,36.5
17033,17.2
17035,14.8
17037,30.8
17039,20.4
17041,19.1
17043,47.3
17045,18
17047,12
17049,22.5
17051,13.6
17053,17.4
17055,15.3
17057,16.4
17059,11.5
17061,11.2
17063,21.8
17065,15.7
17067,19.6
17069,11.3
17071,13.3
17073,21.3
17075,14.6
17077,35.9
17079,18.3
17081,16.4
17083,18.4
17085,24.1
17087,16.7
17089,32.1
17091,19
17093,34.3
17095,18.1
17097,43.7
17099,17
17101,10.1
17103,17.7
17105,15.2
17107,18.4
17109,33.5
17111,33.2
17113,44.5
17115,22.8
17117,18.2
17119,25.7
17121,15
17123,16.1
17125,14.3
17127,13.3
17129,23.9
17131,17.5
17133,29.8
17135,13.9
17137,20.6
17139,17.1
17141,19.8
17143,29.8
17145,13.4
17147,29.9
17149,15.3
17151,13.7
17153,11
17155,14.4
17157,13
17159,20.6
17161,22
17163,26.1
17165,16
17167,34.3
17169,18.9
17171,12.1
17173,15.2
17175,16.7
17177,17.9
17179,25
17181,21.3
17183,14
17185,17.2
17187,21.9
17189,20.9
17191,14
17193,13.7
17195,17.3
17197,33.5
17199,22.1
17201,22.4
17203,30.4
18000,24.6
18001,15.6
18003,27.4
18005,29.7
18007,17.1
18009,11
18011,44.5
18013,23.5
18015,17.4
18017,14
18019,20.2
18021,16.9
18023,14.9
18025,9.8
18027,14
18029,20
18031,18.2
18033,17.4
18035,23.3
18037,19.7
18039,18.3
18041,10.7
18043,26.9
18045,14.5
18047,19.1
18049,13.7
18051,15.6
18053,16.7
18055,14.3
18057,56.3
18059,29
18061,16.9
18063,34.7
18065,15.7
18067,19.5
18069,18.9
18071,16.2
18073,16.5
18075,10.9
18077,17
18079,9.6
18081,29.5
18083,15.2
18085,21.2
18087,11.2
18089,20.9
18091,17.6
18093,14.3
18095,17.4
18097,29
18099,18.5
18101,11.4
18103,11.9
18105,45.1
18107,16.8
18109,15.5
18111,10.5
18113,14.1
18115,13.8
18117,11.9
18119,12
18121,11.8
18123,13.4
18125,12.6
18127,26.1
18129,20.6
18131,10.7
18133,15
18135,13.1
18137,17.4
18139,14
18141,28.2
18143,13
18145,16.6
18147,15.3
18149,11.6
18151,19.9
18153,12.7
18155,8.3
18157,35.3
18159,21.1
18161,18.6
18163,24.9
18165,13
18167,23.2
18169,18.3
18171,19.6
18173,28
18175,12.7
18177,17.1
18179,17.4
18181,15.7
18183,18.3
19000,27.2
19001,16.6
19003,16.7
19005,17
19007,18.1
19009,13.1
19011,21.8
19013,27
19015,22.4
19017,27.9
19019,18
19021,18.7
19023,15.7
19025,18.4
19027,21.4
19029,19.8
19031,22
19033,21.9
19035,19.2
19037,14.5
19039,15.4
19041,20.9
19043,15.3
19045,19.4
19047,11.7
19049,47.4
19051,16.6
19053,20.1
19055,15.1
19057,19.6
19059,29
19061,29.2
19063,17.5
19065,19.6
19067,19.7
19069,16.7
19071,21.4
19073,18
19075,25.1
19077,20.5
19079,22
19081,19.9
19083,20.4
19085,17.4
19087,18.8
19089,13.2
19091,19.9
19093,19
19095,18.6
19097,16.5
19099,17.9
19101,33.1
19103,52.4
19105,16.7
19107,17
19109,19.5
19111,14.6
19113,32.2
19115,13.3
19117,16.5
19119,21.3
19121,22.5
19123,23.9
19125,25.4
19127,19.5
19129,23.9
19131,15.7
19133,16.6
19135,15.4
19137,15.5
19139,20.5
19141,20
19143,16.6
19145,21.9
19147,22.1
19149,19.5
19151,16.9
19153,35.6
19155,20.7
19157,22.9
19159,19.3
19161,19.3
19163,31.9
19165,21.1
19167,26.9
19169,50.3
19171,16.3
19173,13.6
19175,16.4
19177,12.7
19179,17.6
19181,28.8
19183,20.9
19185,13.1
19187,20.6
19189,21.6
19191,27.6
19193,21.7
19195,15.3
19197,17
20000,31.6
20001,18.3
20003,19.2
20005,19.9
20007,18.7
20009,16.7
20011,21.7
20013,20.1
20015,28.6
20017,24.3
20019,18.3
20021,18.5
20023,24.6
20025,28.8
20027,25
20029,20.2
20031,21.1
20033,20.1
20035,19.4
20037,28.4
20039,26.2
20041,19.5
20043,16.9
20045,49.7
20047,18.2
20049,16.8
20051,34.1
20053,19.7
20055,18.5
20057,17.8
20059,19.9
20061,20.4
20063,22.4
20065,25.5
20067,15.2
20069,19.2
20071,29.6
20073,17.7
20075,16.3
20077,19.7
20079,27.7
20081,17.7
20083,25.7
20085,20.4
20087,20.6
20089,15.3
20091,53.6
20093,14.3
20095,23.5
20097,27.3
20099,18
20101,21.3
20103,30.1
20105,19.2
20107,16
20109,18.3
20111,26.7
20113,28.3
20115,22.8
20117,17.9
20119,22
20121,24.7
20123,25.7
20125,17.6
20127,16.8
20129,14.3
20131,21.8
20133,18.9
20135,20.1
20137,13.8
20139,19.9
20141,21
20143,21.5
20145,22.4
20147,22.3
20149,32
20151,25.5
20153,23.9
20155,19.2
20157,21
20159,22.4
20161,46
20163,24.3
20165,23.7
20167,24.2
20169,23.8
20171,26.3
20173,30
20175,11.6
20177,29.3
20179,22.9
20181,19
20183,22
20185,21.7
20187,24.8
20189,16.5
20191,19.4
20193,28.4
20195,25.8
20197,23.7
20199,24.9
20201,18.4
20203,18.3
20205,15.3
20207,13.7
20209,16.3
21000,22.7
21001,16.5
21003,13.6
21005,18.9
21007,15.3
21009,15.5
21011,12.1
21013,9.5
21015,31.1
21017,17.8
21019,19.1
21021,23
21023,14.6
21025,12.2
21027,10.5
21029,14.2
21031,10.4
21033,15.2
21035,28.6
21037,30.6
21039,15.7
21041,12.5
21043,13.1
21045,12.4
21047,16.7
21049,20.5
21051,10.6
21053,11
21055,12.8
21057,14.2
21059,21.2
21061,11.9
21063,8.8
21065,9.2
21067,41.4
21069,12.7
21071,11.8
21073,28.3
21075,13.4
21077,10
21079,15.5
21081,12.4
21083,16.8
21085,10.2
21087,10.3
21089,16.8
21091,11.8
21093,23.6
21095,12.1
21097,15.4
21099,11.4
21101,17.4
21103,11.3
21105,8.8
21107,15.1
21109,11.2
21111,31.8
21113,28.7
21115,11.7
21117,29.1
21119,12.9
21121,10.9
21123,10.7
21125,12.5
21127,11.5
21129,7.6
21131,9.7
21133,11.2
21135,11.6
21137,9.9
21139,10
21141,13.4
21143,17.5
21145,22.9
21147,7.7
21149,9.2
21151,29.1
21153,10.1
21155,13
21157,15.9
21159,6.3
21161,15.8
21163,15.3
21165,12.3
21167,18.5
21169,11.4
21171,15.4
21173,16.6
21175,11.9
21177,12.1
21179,17.2
21181,10.5
21183,9.9
21185,39.8
21187,11.3
21189,17.4
21191,10.3
21193,14
21195,12.9
21197,14.1
21199,14.7
21201,17
21203,9.7
21205,26.6
21207,12.7
21209,28.4
21211,23.8
21213,14.2
21215,18.7
21217,17.3
21219,11.7
21221,18
21223,11.6
21225,12.2
21227,29.1
21229,14.8
21231,9.3
21233,8.9
21235,17.9
21237,11.8
21239,31.9
22000,23
22001,11.1
22003,11.9
22005,26.6
22007,11.4
22009,10.1
22011,16.3
22013,13
22015,26
22017,23.8
22019,20.6
22021,11.8
22023,16.9
22025,13.1
22027,13
22029,11.3
22031,13.5
22033,34.2
22035,11.3
22037,12.9
22039,11.9
22041,11.9
22043,9.3
22045,13.7
22047,13.4
22049,13.6
22051,24.8
22053,14.5
22055,30.9
22057,16.2
22059,11
22061,35.4
22063,17.4
22065,12
22067,13.7
22069,18.7
22071,36.2
22073,24.2
22075,15.8
22077,13.9
22079,19.9
22081,13.5
22083,13.7
22085,13.9
22087,13.2
22089,20.7
22091,10.6
22093,14.4
22095,16.9
22097,13.2
22099,13.8
22101,11
22103,31.3
22105,19.8
22107,9.1
22109,14.3
22111,12.1
22113,12.3
22115,17.8
22117,11.9
22119,13.9
22121,19.7
22123,12.4
22125,22.5
22127,12.6
23000,29.3
23001,20.7
23003,18.1
23005,44.1
23007,25.8
23009,32.5
23011,25.3
23013,30.2
23015,32.4
23017,18.2
23019,24.7
23021,16.3
23023,33.5
23025,15.8
23027,29.2
23029,20.1
23031,30.1
24000,38.4
24001,18
24003,39.4
24005,37.2
24009,29.3
24011,15.3
24013,33.7
24015,22.5
24017,27.4
24019,20.8
24021,39.7
24023,19.2
24025,34.5
24027,61
24029,30.5
24031,58.1
24033,31.5
24035,35
24037,29.9
24039,14
24041,35.8
24043,20.1
24045,27.4
24047,29.9
24510,29.7
25000,41.2
25001,41.1
25003,32.6
25005,26.5
25007,39.8
25009,38
25011,35.9
25013,26.2
25015,44.7
25017,53
25019,42
25021,51.2
25023,35
25025,42.7
25027,34.8
26000,27.4
26001,14.5
26003,18.1
26005,21.4
26007,16.8
26009,26.7
26011,11.4
26013,15.6
26015,18.9
26017,18.1
26019,25.6
26021,26.8
26023,13.6
26025,20.8
26027,17.4
26029,28.5
26031,18.3
26033,19.7
26035,11.4
26037,30.7
26039,16.7
26041,20.6
26043,23.4
26045,25.2
26047,32.9
26049,19.9
26051,13.4
26053,17.5
26055,31.7
26057,14.3
26059,16.7
26061,31
26063,14.9
26065,37.7
26067,15.6
26069,16.3
26071,18.1
26073,28.2
26075,20.6
26077,36.1
26079,13.6
26081,33.7
26083,24.9
26085,9
26087,17.8
26089,41.1
26091,19.9
26093,34
26095,13.8
26097,19.1
26099,23.8
26101,19.9
26103,30.1
26105,20.8
26107,21.2
26109,15.9
26111,32.9
26113,13.4
26115,18.8
26117,12.6
26119,11.8
26121,18
26123,14.3
26125,45
26127,17.1
26129,11.4
26131,17.4
26133,13
26135,10.2
26137,20.5
26139,31.6
26141,16.7
26143,13.9
26145,20.7
26147,17.6
26149,15.3
26151,13.1
26153,15.7
26155,15.8
26157,13.9
26159,20.3
26161,53.2
26163,22.3
26165,16.7
27000,34.2
27001,16
27003,28.2
27005,23.7
27007,26.8
27009,22.2
27011,16.6
27013,31.7
27015,20.9
27017,22
27019,46
27021,20.9
27023,16.5
27025,22
27027,33
27029,14.6
27031,39.6
27033,19.9
27035,24.2
27037,40.7
27039,23.8
27041,25.1
27043,17
27045,20.4
27047,16.8
27049,24.3
27051,19.6
27053,47.6
27055,22.6
27057,25.4
27059,17.7
27061,22.3
27063,21.2
27065,13.8
27067,22.5
27069,20.7
27071,18.4
27073,18.3
27075,27.2
27077,17
27079,21.4
27081,18.9
27083,26.8
27085,17.3
27087,12.6
27089,20
27091,18.5
27093,18.9
27095,15.6
27097,16.2
27099,20
27101,17.8
27103,32.3
27105,13.5
27107,15.7
27109,42
27111,24.1
27113,17.4
27115,13.8
27117,19.9
27119,23.9
27121,22.5
27123,41
27125,15
27127,17.8
27129,14.8
27131,27.2
27133,20.6
27135,18.7
27137,27.8
27139,38.8
27141,26.7
27143,16.7
27145,25.9
27147,24.8
27149,28.2
27151,17.3
27153,15.4
27155,18.1
27157,21.2
27159,13
27161,19.9
27163,42.3
27165,16.3
27167,21.3
27169,29.3
27171,26.8
27173,16.2
28000,21
28001,18.1
28003,16.6
28005,12.2
28007,14.8
28009,11.4
28011,21.5
28013,10.9
28015,16.1
28017,11
28019,15.4
28021,19.2
28023,14.1
28025,18.9
28027,17.2
28029,12.9
28031,14.4
28033,23.2
28035,25.7
28037,16.7
28039,13.1
28041,7.8
28043,16.8
28045,20.9
28047,21.5
28049,28
28051,11.6
28053,13.9
28055,9
28057,13.1
28059,20.5
28061,13.7
28063,17.8
28065,14.6
28067,18.7
28069,11.4
28071,39.7
28073,36.8
28075,19.2
28077,13.6
28079,12.3
28081,23.1
28083,18.8
28085,14.8
28087,22.4
28089,45.7
28091,12.7
28093,13
28095,15.6
28097,18.3
28099,14.4
28101,15.8
28103,14.5
28105,42
28107,15.6
28109,14.2
28111,9
28113,15.7
28115,14.7
28117,12
28119,12.9
28121,29.6
28123,11.8
28125,19
28127,12.8
28129,11.9
28131,14
28133,14.1
28135,8.9
28137,16.2
28139,13.7
28141,10.9
28143,19
28145,15.5
28147,9.7
28149,23.6
28151,18.5
28153,11.6
28155,18.5
28157,13
28159,17.3
28161,13.6
28163,12.9
29000,27.6
29001,30.5
29003,24
29005,22.3
29007,12.6
29009,12.8
29011,15.2
29013,13.8
29015,10.6
29017,9.4
29019,46.8
29021,20.5
29023,15.6
29025,17.9
29027,20.5
29029,21.3
29031,29.9
29033,17.3
29035,12.2
29037,25.3
29039,14.9
29041,15.8
29043,26.5
29045,12.3
29047,31.9
29049,18.6
29051,31.7
29053,20.5
29055,12.5
29057,14.9
29059,13.2
29061,16.8
29063,13.6
29065,12.6
29067,9.4
29069,11.4
29071,19.7
29073,16.4
29075,19.4
29077,29.9
29079,18.7
29081,13.9
29083,15.5
29085,9.8
29087,20.1
29089,25.3
29091,14.4
29093,11.4
29095,29.4
29097,22.1
29099,18.4
29101,27.8
29103,15.5
29105,13.7
29107,18.3
29109,16.2
29111,13.9
29113,15.2
29115,14.6
29117,19.8
29119,13.3
29121,15.8
29123,12.3
29125,14
29127,20.5
29129,16.9
29131,15.7
29133,11.4
29135,18.3
29137,14
29139,13.5
29141,11.7
29143,11.1
29145,18.4
29147,25
29149,12.6
29151,19.1
29153,11.5
29155,11.7
29157,16.1
29159,17.2
29161,27.9
29163,13.3
29165,40.7
29167,19.6
29169,23.9
29171,18.4
29173,12.7
29175,14.4
29177,13.9
29179,9.1
29181,11.3
29183,36.1
29185,11.4
29186,13.9
29187,13.8
29189,42.4
29195,18.8
29197,12.5
29199,14
29201,13.9
29203,15
29205,14
29207,13.6
29209,16.9
29211,11.6
29213,18.4
29215,13.5
29217,16.2
29219,18.2
29221,8
29223,11.9
29225,16.2
29227,17.3
29229,11.2
29510,33
30000,29.9
30001,30.9
30003,15.7
30005,19.6
30007,27.3
30009,29.2
30011,17.1
30013,25.9
30015,24.7
30017,19.9
30019,23.7
30021,18.9
30023,15.9
30025,14.8
30027,28.6
30029,28.9
30031,48
30033,14.6
30035,18.3
30037,23.6
30039,25
30041,23.5
30043,33.1
30045,31.3
30047,24.9
30049,37.5
30051,18.4
30053,19
30055,16.4
30057,26.6
30059,21.2
30061,12.7
30063,41.8
30065,14.6
30067,35.2
30069,21.3
30071,17.4
30073,22.7
30075,25.4
30077,18
30079,19.2
30081,25.8
30083,18.4
30085,14.2
30087,19.8
30089,16.4
30091,20.1
30093,25.9
30095,25.4
30097,24.7
30099,22.3
30101,14.7
30103,19.8
30105,21.5
30107,19.1
30109,20.1
30111,29.2
30113,
31000,30
31001,22.6
31003,18.6
31005,26.8
31007,17
31009,25.1
31011,17.7
31013,15.7
31015,19.6
31017,18.7
31019,33.5
31021,17.8
31023,17.4
31025,24.9
31027,17.6
31029,18.5
31031,19.1
31033,24.4
31035,18.6
31037,13.9
31039,20
31041,21.4
31043,13
31045,34.7
31047,15.2
31049,17.8
31051,19
31053,18.9
31055,37.6
31057,19.5
31059,19.5
31061,18.8
31063,18.7
31065,16.8
31067,20.1
31069,21.9
31071,18.5
31073,20.9
31075,22
31077,16.6
31079,19
31081,25.3
31083,16.5
31085,20.6
31087,14.7
31089,21.2
31091,23.7
31093,20.3
31095,14.9
31097,16
31099,23.9
31101,21.6
31103,18.8
31105,15.6
31107,20.2
31109,37.3
31111,21.7
31113,20.8
31115,21.9
31117,24.5
31119,19.7
31121,16
31123,19
31125,17.3
31127,28.8
31129,16.6
31131,20.7
31133,16.2
31135,23.1
31137,23.3
31139,21.4
31141,21.4
31143,21.5
31145,18.2
31147,19.1
31149,17.5
31151,14.6
31153,38.4
31155,26.1
31157,21.4
31159,27.2
31161,25.1
31163,15.9
31165,29.1
31167,19.2
31169,19.6
31171,23.8
31173,15.9
31175,20.6
31177,30.6
31179,36.3
31181,20.8
31183,16.6
31185,28.3
32000,23.2
32001,16.6
32003,22.8
32005,26.3
32007,18.1
32009,16.8
32011,16.6
32013,14
32015,14.1
32017,22.7
32019,14.5
32021,11.8
32023,12.1
32027,11
32029,23.1
32031,29
32033,14
32510,21
33000,35.5
33001,30.5
33003,33.6
33005,31.4
33007,17.8
33009,38.9
33011,36.3
33013,34.9
33015,39.6
33017,34.8
33019,26.8
34000,37.5
34001,25.9
34003,47.6
34005,36.4
34007,30.6
34009,30.5
34011,14.3
34013,33.3
34015,29.9
34017,38.6
34019,49.6
34021,40.4
34023,41.5
34025,43.3
34027,51.9
34029,27.5
34031,26.7
34033,20.3
34035,53
34037,33.7
34039,33.4
34041,30.4
35000,26.7
35001,32.8
35003,24.8
35005,19.3
35006,12.4
35007,22.1
35009,19.7
35011,9.5
35013,27.5
35015,17
35017,27.4
35019,13.9
35021,25.8
35023,15.4
35025,13.1
35027,28.6
35028,64.6
35029,12.5
35031,11
35033,13.2
35035,17.6
35037,15.2
35039,18.1
35041,22.7
35043,29.8
35045,15.5
35047,19.3
35049,41
35051,17.7
35053,19.6
35055,28
35057,17.7
35059,15.9
35061,17.1
36000,34.7
36001,39.7
36003,20.5
36005,19.1
36007,27.8
36009,18.1
36011,21.6
36013,20.8
36015,24.4
36017,17.4
36019,22.2
36021,29.5
36023,24.8
36025,21.3
36027,34
36029,32.2
36031,24.6
36033,18.4
36035,17
36037,21.2
36039,20.3
36041,21.6
36043,21.5
36045,20.8
36047,34.1
36049,15.5
36051,24.5
36053,26.7
36055,36.7
36057,16
36059,43.5
36061,60.4
36063,23.5
36065,23.8
36067,34.3
36069,32.1
36071,28.7
36073,15.9
36075,18
36077,28.5
36079,38.9
36081,30.6
36083,29.3
36085,31.4
36087,40.4
36089,22.8
36091,39.7
36093,30.6
36095,20.5
36097,20.8
36099,20
36101,22.3
36103,34.4
36105,22.4
36107,25
36109,51.6
36111,31
36113,28.4
36115,20.2
36117,21.2
36119,47.3
36121,15
36123,23.2
37000,29
37001,22.1
37003,13.3
37005,18.6
37007,9.5
37009,19.5
37011,19.8
37013,18.6
37015,11.5
37017,14.8
37019,27
37021,36.6
37023,16.9
37025,28.6
37027,13.8
37029,20.4
37031,25.9
37033,13.2
37035,21.6
37037,38.8
37039,19.2
37041,20.1
37043,21
37045,16.3
37047,12
37049,22.5
37051,24.1
37053,21.9
37055,29
37057,18.2
37059,23.6
37061,10.3
37063,46.9
37065,10.4
37067,33.6
37069,20.4
37071,19.8
37073,14.5
37075,14
37077,19.4
37079,9.2
37081,34.5
37083,13.4
37085,19.3
37087,23.8
37089,29.7
37091,15
37093,17.8
37095,8.7
37097,25.7
37099,29.4
37101,21.2
37103,14
37105,20.8
37107,13.7
37109,19.7
37111,14.6
37113,22.8
37115,24.7
37117,15.8
37119,43.1
37121,17.5
37123,14.5
37125,34.2
37127,19.6
37129,37.9
37131,11.3
37133,19.5
37135,57.7
37137,19.2
37139,18.9
37141,23.1
37143,17.4
37145,14.9
37147,29.5
37149,31.8
37151,15.1
37153,13.8
37155,12.6
37157,13.8
37159,17.6
37161,16.7
37163,11.9
37165,14.7
37167,16.1
37169,14.3
37171,15.3
37173,15.3
37175,29.7
37177,8.2
37179,33.6
37181,11.5
37183,50.1
37185,14.6
37187,9.7
37189,38.9
37191,18.7
37193,13.8
37195,18.6
37197,12.1
37199,20.1
38000,28.2
38001,27.5
38003,23.7
38005,15
38007,24.9
38009,21.3
38011,21.9
38013,20.9
38015,34.2
38017,37.4
38019,18.7
38021,28
38023,23.1
38025,20.5
38027,22.2
38029,15.3
38031,21.6
38033,22.3
38035,33.1
38037,18.1
38039,20.3
38041,13.8
38043,19.7
38045,22.5
38047,13.8
38049,20.8
38051,18.3
38053,24.6
38055,18.3
38057,20.7
38059,25.3
38061,23.6
38063,19.4
38065,17.4
38067,20.2
38069,14
38071,21.9
38073,17.2
38075,17.2
38077,21.9
38079,22.5
38081,19
38083,15.4
38085,16.6
38087,29.3
38089,24.7
38091,23.2
38093,24.5
38095,18.6
38097,27.2
38099,16.7
38101,26.4
38103,21.3
38105,22.5
39000,26.7
39001,10.9
39003,17.4
39005,19.6
39007,13.1
39009,29.1
39011,17.8
39013,16.4
39015,12.4
39017,29.1
39019,11.4
39021,16.5
39023,18
39025,27.6
39027,16.5
39029,13.9
39031,12.1
39033,12.7
39035,30.9
39037,13.1
39039,15.8
39041,52.5
39043,21.6
39045,26.4
39047,14.5
39049,38.4
39051,17
39053,15.4
39055,37.3
39057,37.6
39059,13.7
39061,35.6
39063,25.8
39065,14.4
39067,9.7
39069,16
39071,12
39073,14.1
39075,7.7
39077,13.5
39079,16.9
39081,15.4
39083,21.9
39085,27
39087,14.1
39089,23.3
39091,15.6
39093,23.5
39095,25.1
39097,16.4
39099,22.8
39101,12.3
39103,31.5
39105,13.4
39107,16.8
39109,21.1
39111,10.7
39113,26.1
39115,12.2
39117,13.5
39119,15.1
39121,9.5
39123,21.3
39125,13
39127,12
39129,17.3
39131,12.3
39133,27.3
39135,13.5
39137,19.4
39139,16.4
39141,15.3
39143,14.8
39145,15
39147,14.7
39149,17.1
39151,22.6
39153,30.7
39155,18
39157,15
39159,29.1
39161,17.2
39163,9.6
39165,41
39167,18.4
39169,21.5
39171,14.2
39173,31.7
39175,14.6
40000,24.5
40001,13.4
40003,20.9
40005,14.7
40007,21.5
40009,18.3
40011,17
40013,22.1
40015,16.1
40017,25.8
40019,19.5
40021,24.1
40023,13
40025,19.8
40027,31.8
40029,17
40031,20.7
40033,16.4
40035,14.3
40037,15.6
40039,27.8
40041,16.7
40043,22
40045,21.9
40047,21.4
40049,15.4
40051,17.8
40053,24.3
40055,14.4
40057,21.5
40059,24.1
40061,12.1
40063,10.9
40065,20.6
40067,13.3
40069,15.8
40071,19.5
40073,22
40075,17.6
40077,15.9
40079,14.5
40081,14.3
40083,26.6
40085,13.4
40087,22.9
40089,13.8
40091,13.8
40093,16.9
40095,13.6
40097,15.3
40099,20.2
40101,19.2
40103,22.7
40105,12.6
40107,12.1
40109,30.8
40111,15.6
40113,16.9
40115,13.9
40117,16.5
40119,37.1
40121,16.1
40123,27
40125,17.7
40127,14.4
40129,21.2
40131,23.2
40133,13.9
40135,14.1
40137,18
40139,20.1
40141,16.1
40143,30.7
40145,21.8
40147,26.3
40149,21.4
40151,26.7
40153,20.9
41000,31.4
41001,23
41003,53.7
41005,34.1
41007,24.1
41009,19.2
41011,18.4
41013,16.1
41015,23.6
41017,33.3
41019,16.3
41021,17.1
41023,21.7
41025,17.3
41027,30.1
41029,26.1
41031,16.1
41033,17.3
41035,18.9
41037,17.3
41039,28.7
41041,23
41043,18.1
41045,13.3
41047,22.4
41049,10
41051,42.7
41053,29.8
41055,17
41057,20.9
41059,15.6
41061,23.3
41063,25.2
41065,18.6
41067,41.2
41069,17
41071,24.5
42000,29.3
42001,21.9
42003,39.1
42005,15.5
42007,23.4
42009,13.8
42011,23.6
42013,19.5
42015,17.7
42017,38.4
42019,33.3
42021,20.2
42023,15.6
42025,16
42027,42.4
42029,50.2
42031,20.9
42033,13.2
42035,17.5
42037,21.4
42039,20.6
42041,33.6
42043,29.3
42045,36.8
42047,17.8
42049,27
42051,14.7
42053,8.3
42055,20.1
42057,13.4
42059,17.3
42061,14.7
42063,22.2
42065,14.8
42067,13.3
42069,26.1
42071,25.7
42073,20.3
42075,19.9
42077,28.9
42079,22.1
42081,20.6
42083,17
42085,21.6
42087,12.1
42089,23.6
42091,47.5
42093,28.5
42095,27.9
42097,15
42099,16.3
42101,26.4
42103,25.3
42105,15
42107,15.3
42109,16.7
42111,15.5
42113,15.5
42115,16.7
42117,20.5
42119,22.1
42121,16.5
42123,18.4
42125,28.1
42127,20.5
42129,26.9
42131,18.6
42133,23.1
44000,32.5
44001,46.4
44003,31.8
44005,45.5
44007,27.3
44009,44.6
45000,26.5
45001,13.7
45003,25.3
45005,9.8
45007,20
45009,19.1
45011,13.2
45013,39.6
45015,23
45017,17
45019,41.1
45021,16
45023,14.4
45025,11.5
45027,15
45029,15.3
45031,17.1
45033,9.6
45035,26.4
45037,18.6
45039,17.4
45041,22.4
45043,26.1
45045,32.9
45047,23.5
45049,11.1
45051,22.6
45053,14.5
45055,20.6
45057,23.3
45059,14.2
45061,10.5
45063,29.9
45065,18.7
45067,16.3
45069,8.4
45071,16.3
45073,23.5
45075,20
45077,23.6
45079,37.5
45081,16.6
45083,22.8
45085,19
45087,12.4
45089,12.5
45091,29.5
46000,27.5
46003,20.6
46005,20.3
46007,17.8
46009,18.3
46011,41
46013,27.9
46015,25.6
46017,8.1
46019,19.7
46021,23.8
46023,18.1
46025,16.7
46027,47.8
46029,20.9
46031,16.4
46033,24.5
46035,26.6
46037,17.1
46039,19.8
46041,14.1
46043,20.6
46045,22.9
46047,23.9
46049,26.1
46051,14.6
46053,19.3
46055,19.9
46057,20.5
46059,23.1
46061,21.4
46063,29.7
46065,33
46067,21.6
46069,20.4
46071,18.6
46073,17.8
46075,14.4
46077,22.7
46079,33.2
46081,31.6
46083,41.2
46085,18.3
46087,22.5
46089,15.1
46091,22.6
46093,23.8
46095,14
46097,21.6
46099,30.3
46101,26.8
46102,11.2
46103,28.9
46105,19.2
46107,20
46109,16
46111,19.3
46115,21.1
46117,27
46119,25.3
46121,15.7
46123,21.4
46125,21.4
46127,30.1
46129,20.6
46135,27.3
46137,15.5
47000,25.4
47001,24
47003,14.3
47005,12.2
47007,11.3
47009,23.1
47011,20.9
47013,10.6
47015,13
47017,15
47019,16.1
47021,19.4
47023,15.8
47025,13.2
47027,13.7
47029,10.2
47031,18.5
47033,13.6
47035,18.8
47037,38.2
47039,11.3
47041,14.2
47043,14.1
47045,18.4
47047,22.1
47049,12.5
47051,19
47053,17.3
47055,14
47057,11.6
47059,14.7
47061,11
47063,16
47065,29.6
47067,11.3
47069,10.8
47071,12.7
47073,13
47075,11.9
47077,13.4
47079,14.7
47081,11.4
47083,10.7
47085,12.9
47087,8
47089,15.6
47091,10.1
47093,35.7
47095,9.1
47097,8.6
47099,11.7
47101,12.3
47103,17.5
47105,25.4
47107,13.7
47109,11
47111,9.2
47113,25.5
47115,12.3
47117,14
47119,19.6
47121,8.8
47123,12.2
47125,25.3
47127,17.2
47129,7.5
47131,16.6
47133,13.8
47135,9.8
47137,9.2
47139,9.7
47141,24.4
47143,13.2
47145,18.8
47147,18.1
47149,30.2
47151,8.9
47153,13.2
47155,17.5
47157,30.2
47159,10.7
47161,13
47163,21.4
47165,25.6
47167,15.6
47169,14.8
47171,12.6
47173,10
47175,11.7
47177,13.2
47179,30.9
47181,10.6
47183,21.1
47185,11.8
47187,56.6
47189,28.9
48000,28.1
48001,11.8
48003,10.6
48005,15.7
48007,20.2
48009,21.8
48011,23.1
48013,14.3
48015,21
48017,10.7
48019,24
48021,18.4
48023,26.6
48025,8.9
48027,23.2
48029,26.9
48031,28.8
48033,36.5
48035,17.7
48037,18.8
48039,28.7
48041,39.8
48043,36
48045,23
48047,14.6
48049,18.5
48051,14.8
48053,23
48055,14.7
48057,15.4
48059,14.7
48061,16.8
48063,15
48065,26.4
48067,14.4
48069,13.1
48071,21.1
48073,17.4
48075,15.6
48077,16.3
48079,9.5
48081,20.5
48083,14.2
48085,50.2
48087,17
48089,18.4
48091,34.5
48093,17
48095,11.5
48097,21.6
48099,15.1
48101,16.2
48103,12.9
48105,11
48107,12.1
48109,7.7
48111,11.8
48113,29.7
48115,12.6
48117,14.2
48119,18.6
48121,42.2
48123,14.6
48125,14.3
48127,10.5
48129,16.5
48131,8.9
48133,14.6
48135,15.2
48137,24
48139,21.9
48141,21.7
48143,28.2
48145,11.9
48147,15.6
48149,17.1
48151,18.4
48153,16.4
48155,16
48157,44.6
48159,19
48161,11.5
48163,7.3
48165,10.5
48167,28.9
48169,8.8
48171,34.1
48173,25.2
48175,16
48177,13.7
48179,13.6
48181,20.2
48183,20.7
48185,13.2
48187,26.5
48189,15.8
48191,12.5
48193,21.5
48195,20.8
48197,13.5
48199,16.1
48201,30.1
48203,17.7
48205,20.1
48207,13.5
48209,36.3
48211,23.2
48213,17.5
48215,17.4
48217,16
48219,14.7
48221,25.8
48223,17.1
48225,14.5
48227,12.6
48229,7.5
48231,17.3
48233,15.3
48235,15.7
48237,10.8
48239,17.3
48241,10.6
48243,38.4
48245,18.8
48247,11.1
48249,10.7
48251,17.7
48253,11
48255,12.3
48257,19.5
48259,39.3
48261,11.5
48263,23.9
48265,26.2
48267,17
48269,23.2
48271,13.2
48273,25.3
48275,18.3
48277,16.7
48279,17.4
48281,20.5
48283,14.6
48285,16.2
48287,17
48289,16.7
48291,10
48293,14.9
48295,17.7
48297,11.1
48299,26.6
48301,3
48303,28
48305,17.2
48307,16.1
48309,22.2
48311,16.2
48313,12.3
48315,12.7
48317,19.3
48319,23.7
48321,15.2
48323,11.7
48325,19.4
48327,15.1
48329,26.2
48331,15.7
48333,22.8
48335,11.1
48337,14.8
48339,33
48341,13.5
48343,16.5
48345,17.4
48347,25.2
48349,15.7
48351,7.5
48353,12.7
48355,20.5
48357,16.4
48359,25.9
48361,15.2
48363,15.8
48365,14.2
48367,27
48369,16
48371,9.6
48373,12
48375,14.6
48377,25
48379,9.5
48381,30.4
48383,11.5
48385,23.2
48387,13.4
48389,11.2
48391,10.8
48393,31.5
48395,17.4
48397,38
48399,18.1
48401,14.7
48403,12.9
48405,11.5
48407,10
48409,14.5
48411,14.5
48413,19.1
48415,15.4
48417,25.2
48419,15.3
48421,21.6
48423,24.7
48425,19.2
48427,9.3
48429,16.9
48431,23.7
48433,13.5
48435,16.8
48437,14.8
48439,30.7
48441,24.1
48443,17
48445,12.1
48447,19.9
48449,15.2
48451,22.4
48453,46.4
48455,12.2
48457,11.3
48459,15.8
48461,9.9
48463,14.9
48465,17.5
48467,16.3
48469,18.8
48471,19.5
48473,18.7
48475,14.1
48477,22
48479,17.5
48481,14.5
48483,14.1
48485,22.2
48487,15.5
48489,8.6
48491,39.4
48493,19.3
48495,10.3
48497,16.9
48499,17.1
48501,17.8
48503,18.6
48505,8.3
48507,9.1
49000,31.7
49001,21.4
49003,21.4
49005,36.3
49007,15.5
49009,14.5
49011,35.4
49013,14.1
49015,13.5
49017,20.1
49019,27.1
49021,28.3
49023,16.9
49025,25.3
49027,19.8
49029,38
49031,20.7
49033,20.4
49035,32.8
49037,17.5
49039,19.5
49041,16.5
49043,52.1
49045,20.8
49047,14.9
49049,38.1
49051,36.9
49053,27.6
49055,29.1
49057,23.3
50000,36.2
50001,35.8
50003,33.6
50005,27.7
50007,49.4
50009,15.9
50011,23.5
50013,34.9
50015,36.4
50017,30.2
50019,22.1
50021,29.2
50023,40.5
50025,35.3
50027,35.2
51000,36.9
51001,18.3
51003,51.5
51005,16.3
51007,14.1
51009,18.9
51011,19.6
51013,73.7
51015,23.3
51017,15.4
51019,27.8
51021,16.2
51023,27.3
51025,12.4
51027,9.9
51029,11.9
51031,20.4
51033,18.8
51035,12.8
51036,12.7
51037,13
51041,37.7
51043,30
51045,13
51047,22.3
51049,15.1
51051,10.7
51053,16.9
51057,16.7
51059,60.3
51061,33.5
51063,17.7
51065,31
51067,20.7
51069,28.8
51071,15.9
51073,22.6
51075,36.1
51077,10.7
51079,24.4
51081,8.5
51083,15.8
51085,36.7
51087,40.8
51089,11.6
51091,22.4
51093,27.4
51095,47.8
51097,19.2
51099,34.5
51101,18.6
51103,29.7
51105,11.6
51107,58.8
51109,21.9
51111,11.8
51113,25.6
51115,26.6
51117,17.1
51119,23.4
51121,46
51125,30.1
51127,26
51131,21.5
51133,27.1
51135,15.2
51137,25.9
51139,12.9
51141,13.6
51143,14.6
51145,28.5
51147,23.2
51149,22.1
51153,39.5
51155,18.2
51157,32.4
51159,13.4
51161,34.1
51163,25.1
51165,24.6
51167,13.1
51169,12.6
51171,19.4
51173,14.8
51175,16.1
51177,29.6
51179,37.3
51181,22.8
51183,11.3
51185,14.6
51187,20
51191,24.8
51193,21.2
51195,14.4
51197,16.6
51199,43.2
51510,62.1
51515,
51520,23.4
51530,16.2
51540,50
51550,30.4
51560,
51570,21.9
51580,11.3
51590,18.2
51595,15.3
51600,54.7
51610,80.2
51620,22.4
51630,42.3
51640,9.6
51650,24
51660,36.2
51670,14.4
51678,44.9
51680,33.3
51683,30.1
51685,30.4
51690,18.3
51700,24.7
51710,26.6
51720,17.3
51730,16.6
51735,39.8
51740,21.1
51750,34.1
51760,36.7
51770,22.9
51775,26.9
51790,33.7
51800,26.6
51810,34.2
51820,22.6
51830,56.7
51840,31.3
53000,33.6
53001,13.8
53003,21
53005,29.4
53007,25.3
53009,24.3
53011,27.9
53013,25.4
53015,15.9
53017,17.7
53019,18.1
53021,15.8
53023,24.2
53025,15.6
53027,15.3
53029,31.7
53031,38.8
53033,49.1
53035,31.2
53037,34.7
53039,24.4
53041,15.5
53043,22
53045,18.6
53047,18.4
53049,17
53051,18.7
53053,25.4
53055,47
53057,24.7
53059,22.7
53061,30.6
53063,28.7
53065,18
53067,33.3
53069,15.1
53071,28.6
53073,32.6
53075,49.8
53077,15.3
54000,19.6
54001,12.8
54003,20.3
54005,8.7
54007,12.2
54009,19.8
54011,26.1
54013,11.9
54015,10.1
54017,14.8
54019,13.2
54021,16
54023,14
54025,19.6
54027,11.4
54029,18.2
54031,14.7
54033,21.6
54035,17.7
54037,29.9
54039,25.2
54041,14
54043,9
54045,8.9
54047,5.2
54049,21.8
54051,16.1
54053,11.4
54055,19.5
54057,12.4
54059,9.9
54061,39.2
54063,13.4
54065,17.7
54067,15.3
54069,30.1
54071,14.6
54073,13.5
54075,16.2
54077,14.6
54079,25
54081,18.2
54083,18.3
54085,10.4
54087,11.7
54089,14.8
54091,18.5
54093,14.2
54095,13.7
54097,18.6
54099,12.9
54101,9.2
54103,10.7
54105,9.7
54107,20.3
54109,8.2
55000,28.4
55001,12.7
55003,22.2
55005,18.2
55007,29.2
55009,28.2
55011,18.2
55013,18.5
55015,28.7
55017,19.3
55019,11.5
55021,22.7
55023,15.7
55025,49
55027,16.3
55029,31.3
55031,22.8
55033,26.6
55035,30.8
55037,17.5
55039,21.9
55041,14.1
55043,21.3
55045,22.7
55047,17.7
55049,23
55051,19.7
55053,13.9
55055,23.5
55057,12.9
55059,24.6
55061,16.9
55063,32.5
55065,17.7
55067,16.1
55069,16
55071,19.7
55073,23.9
55075,14.5
55077,13.8
55078,16.5
55079,29.7
55081,18.2
55083,16.2
55085,26.2
55087,27.8
55089,46.7
55091,18.3
55093,27.8
55095,19.6
55097,30.3
55099,16.2
55101,24
55103,17.8
55105,20.8
55107,14.8
55109,33.4
55111,22.3
55113,22.1
55115,15.6
55117,23.6
55119,13.5
55121,19.3
55123,21.2
55125,26.8
55127,27.8
55129,21.6
55131,29.4
55133,41.6
55135,17.7
55137,15.1
55139,26.9
55141,20.4
56000,26
56001,47.9
56003,19.3
56005,19.1
56007,20.3
56009,15.5
56011,21.4
56013,22.4
56015,23
56017,22.3
56019,25.5
56021,27.7
56023,20.4
56025,22.2
56027,19
56029,32
56031,19.7
56033,30.1
56035,24.4
56037,21.4
56039,53.8
56041,18.2
56043,21.1
56045,18.8
72000,24.6
72001,18.6
72003,20.2
72005,23.9
72007,15
72009,20.8
72011,16.3
72013,21.3
72015,16.8
72017,16.8
72019,17.2
72021,28.1
72023,25
72025,29.8
72027,21.2
72029,20.4
72031,30.1
72033,21.4
72035,24.1
72037,17.3
72039,14.1
72041,23.1
72043,21.1
72045,12.3
72047,16.1
72049,12.5
72051,30.3
72053,22.1
72054,11.1
72055,14.9
72057,19.5
72059,20.3
72061,45.1
72063,34.4
72065,24.4
72067,23.1
72069,23.3
72071,20
72073,16.2
72075,22.1
72077,21.1
72079,15.6
72081,16.7
72083,13.5
72085,17.9
72087,13
72089,19.2
72091,22.1
72093,9.8
72095,16
72097,22.4
72099,18.6
72101,17.2
72103,19.5
72105,16.3
72107,15.3
72109,15.6
72111,19
72113,25.9
72115,16.2
72117,19.7
72119,20
72121,19.5
72123,17.5
72125,22.8
72127,34.7
72129,19.4
72131,17.4
72133,22.8
72135,31.9
72137,23
72139,35.1
72141,17.8
72143,19.4
72145,20.7
72147,19
72149,18.6
72151,16.8
72153,21.7