"","State","Age_group","Deaths","Population","Female","Male"
"1","Alabama","25-34",695,5846272,11.9,NA
"2","Alabama","25-34",1179,5678498,NA,20.8
"3","Alabama","35-44",2323,6158050,37.7,NA
"4","Alabama","35-44",4185,5882549,NA,71.1
"5","Alabama","45-54",5785,6385531,90.6,NA
"6","Alabama","45-54",11810,6037822,NA,195.6
"7","Alabama","55-64",10342,5414228,191,NA
"8","Alabama","55-64",20444,4935101,NA,414.3
"9","Alabama","65-74",17179,3832617,448.2,NA
"10","Alabama","65-74",26367,3207791,NA,822
"11","Alabama","75-84",32247,1609834,NA,2003.1
"12","Alabama","75-84",32880,2418788,1359.4,NA
"13","Alabama","85+",23984,420645,NA,5701.7
"14","Alabama","85+",50155,990988,5061.1,NA
"15","Alaska","25-34",54,907303,6,NA
"16","Alaska","25-34",92,998923,NA,9.2
"17","Alaska","35-44",163,907065,18,NA
"18","Alaska","35-44",364,965241,NA,37.7
"19","Alaska","45-54",390,938891,41.5,NA
"20","Alaska","45-54",1072,1026308,NA,104.5
"21","Alaska","55-64",608,668087,91,NA
"22","Alaska","55-64",1760,747104,NA,235.6
"23","Alaska","65-74",810,317573,255.1,NA
"24","Alaska","65-74",1809,337087,NA,536.7
"25","Alaska","75-84",1291,148982,866.5,NA
"26","Alaska","75-84",1664,125675,NA,1324.1
"27","Alaska","85+",1154,29543,NA,3906.2
"28","Alaska","85+",1589,54048,2940,NA
"29","Arizona","25-34",296,7729821,3.8,NA
"30","Arizona","25-34",692,8228036,NA,8.4
"31","Arizona","35-44",959,7652170,12.5,NA
"32","Arizona","35-44",2415,7818065,NA,30.9
"33","Arizona","45-54",2856,7490474,38.1,NA
"34","Arizona","45-54",7761,7266650,NA,106.8
"35","Arizona","55-64",6395,6555065,97.6,NA
"36","Arizona","55-64",16111,5950292,NA,270.8
"37","Arizona","65-74",12338,4898287,251.9,NA
"38","Arizona","65-74",23445,4396139,NA,533.3
"39","Arizona","75-84",25841,2948377,876.4,NA
"40","Arizona","75-84",32297,2432601,NA,1327.7
"41","Arizona","85+",29627,687367,NA,4310.2
"42","Arizona","85+",43785,1176118,3722.8,NA
"43","Arkansas","25-34",347,3505906,9.9,NA
"44","Arkansas","25-34",647,3528965,NA,18.3
"45","Arkansas","35-44",1079,3596684,30,NA
"46","Arkansas","35-44",2294,3551680,NA,64.6
"47","Arkansas","45-54",3083,3692822,83.5,NA
"48","Arkansas","45-54",6759,3571724,NA,189.2
"49","Arkansas","55-64",5826,3224037,180.7,NA
"50","Arkansas","55-64",12222,2990964,NA,408.6
"51","Arkansas","65-74",9972,2352921,423.8,NA
"52","Arkansas","65-74",16544,2045080,NA,809
"53","Arkansas","75-84",19206,1497496,1282.5,NA
"54","Arkansas","75-84",20212,1070732,NA,1887.7
"55","Arkansas","85+",16286,305330,NA,5333.9
"56","Arkansas","85+",31634,656247,4820.4,NA
"57","California","25-34",1530,50066081,3.1,NA
"58","California","25-34",3968,52646057,NA,7.5
"59","California","35-44",5135,50121819,10.2,NA
"60","California","35-44",14096,50895350,NA,27.7
"61","California","45-54",15946,47600929,33.5,NA
"62","California","45-54",45930,46840070,NA,98.1
"63","California","55-64",35144,36577475,96.1,NA
"64","California","55-64",84997,34164125,NA,248.8
"65","California","65-74",67376,23577678,285.8,NA
"66","California","65-74",112358,20220946,NA,555.7
"67","California","75-84",154614,15262326,1013,NA
"68","California","75-84",171490,11166249,NA,1535.8
"69","California","85+",184944,3721634,NA,4969.4
"70","California","85+",303907,7031316,4322.2,NA
"71","Colorado","25-34",233,6641347,3.5,NA
"72","Colorado","25-34",511,7167877,NA,7.1
"73","Colorado","35-44",665,6700485,9.9,NA
"74","Colorado","35-44",1712,6967997,NA,24.6
"75","Colorado","45-54",1902,6650604,28.6,NA
"76","Colorado","45-54",5337,6639949,NA,80.4
"77","Colorado","55-64",3953,5167608,76.5,NA
"78","Colorado","55-64",9895,4994831,NA,198.1
"79","Colorado","65-74",6921,3101249,223.2,NA
"80","Colorado","65-74",12324,2806946,NA,439.1
"81","Colorado","75-84",14857,1831091,811.4,NA
"82","Colorado","75-84",17144,1363316,NA,1257.5
"83","Colorado","85+",16919,411187,NA,4114.7
"84","Colorado","85+",29050,837981,3466.7,NA
"85","Connecticut","25-34",188,4085859,4.6,NA
"86","Connecticut","25-34",415,4071707,NA,10.2
"87","Connecticut","35-44",597,4931287,12.1,NA
"88","Connecticut","35-44",1495,4716997,NA,31.7
"89","Connecticut","45-54",1690,5217065,32.4,NA
"90","Connecticut","45-54",4844,4960608,NA,97.6
"91","Connecticut","55-64",3476,4086941,85.1,NA
"92","Connecticut","55-64",8443,3795436,NA,222.5
"93","Connecticut","65-74",6874,2659672,258.5,NA
"94","Connecticut","65-74",11731,2252997,NA,520.7
"95","Connecticut","75-84",18561,1919308,967.1,NA
"96","Connecticut","75-84",19750,1315813,NA,1501
"97","Connecticut","85+",23477,471888,NA,4975.1
"98","Connecticut","85+",43868,1040635,4215.5,NA
"99","Delaware","25-34",76,1089133,7,NA
"100","Delaware","25-34",117,1066419,NA,11
"101","Delaware","35-44",258,1160023,22.2,NA
"102","Delaware","35-44",538,1106228,NA,48.6
"103","Delaware","45-54",698,1210388,57.7,NA
"104","Delaware","45-54",1534,1126820,NA,136.1
"105","Delaware","55-64",1216,1033622,117.6,NA
"106","Delaware","55-64",2603,920243,NA,282.9
"107","Delaware","65-74",2249,738694,304.5,NA
"108","Delaware","65-74",3887,638259,NA,609
"109","Delaware","75-84",4839,444924,1087.6,NA
"110","Delaware","75-84",5302,330758,NA,1603
"111","Delaware","85+",4612,90369,NA,5103.5
"112","Delaware","85+",8392,188043,4462.8,NA
"113","Florida","25-34",1108,21721694,5.1,NA
"114","Florida","25-34",2392,22084208,NA,10.8
"115","Florida","35-44",3716,23776765,15.6,NA
"116","Florida","35-44",8935,23484072,NA,38
"117","Florida","45-54",11018,24707229,44.6,NA
"118","Florida","45-54",28749,23577269,NA,121.9
"119","Florida","55-64",23528,21902325,107.4,NA
"120","Florida","55-64",55601,19567060,NA,284.2
"121","Florida","65-74",47290,17664336,267.7,NA
"122","Florida","65-74",84353,15350947,NA,549.5
"123","Florida","75-84",111080,11899618,933.5,NA
"124","Florida","75-84",135600,9353101,NA,1449.8
"125","Florida","85+",138555,2937153,NA,4717.3
"126","Florida","85+",208784,5114025,4082.6,NA
"127","Georgia","25-34",919,12795825,7.2,NA
"128","Georgia","25-34",1658,12651072,NA,13.1
"129","Georgia","35-44",2960,13367434,22.1,NA
"130","Georgia","35-44",6123,12901556,NA,47.5
"131","Georgia","45-54",8209,12626411,65,NA
"132","Georgia","45-54",17820,11968959,NA,148.9
"133","Georgia","55-64",15372,9706711,158.4,NA
"134","Georgia","55-64",30934,8806466,NA,351.3
"135","Georgia","65-74",23083,6155528,375,NA
"136","Georgia","65-74",36767,5157882,NA,712.8
"137","Georgia","75-84",40985,2348499,NA,1745.2
"138","Georgia","75-84",41836,3547890,1179.2,NA
"139","Georgia","85+",30016,610059,NA,4920.2
"140","Georgia","85+",62426,1479424,4219.6,NA
"141","Hawaii","25-34",85,1691105,5,NA
"142","Hawaii","25-34",228,1840771,NA,12.4
"143","Hawaii","35-44",247,1694486,14.6,NA
"144","Hawaii","35-44",702,1738559,NA,40.4
"145","Hawaii","45-54",723,1743554,41.5,NA
"146","Hawaii","45-54",2105,1744397,NA,120.7
"147","Hawaii","55-64",1479,1491632,99.2,NA
"148","Hawaii","55-64",3646,1451400,NA,251.2
"149","Hawaii","65-74",2578,1027977,250.8,NA
"150","Hawaii","65-74",4991,915342,NA,545.3
"151","Hawaii","75-84",5057,690791,732.1,NA
"152","Hawaii","75-84",6879,518097,NA,1327.7
"153","Hawaii","85+",7623,198769,NA,3835.1
"154","Hawaii","85+",9194,331433,2774,NA
"155","Idaho","25-34",73,1830499,4,NA
"156","Idaho","25-34",132,1910931,NA,6.9
"157","Idaho","35-44",251,1829783,13.7,NA
"158","Idaho","35-44",551,1870461,NA,29.5
"159","Idaho","45-54",640,1860914,34.4,NA
"160","Idaho","45-54",1762,1852502,NA,95.1
"161","Idaho","55-64",1395,1558373,89.5,NA
"162","Idaho","55-64",3587,1532936,NA,234
"163","Idaho","65-74",2675,1039285,257.4,NA
"164","Idaho","65-74",5098,992038,NA,513.9
"165","Idaho","75-84",5704,630854,904.2,NA
"166","Idaho","75-84",7293,511340,NA,1426.3
"167","Idaho","85+",7844,158791,NA,4939.8
"168","Idaho","85+",11518,286313,4022.9,NA
"169","Illinois","25-34",935,16738770,5.6,NA
"170","Illinois","25-34",2012,16969421,NA,11.9
"171","Illinois","35-44",2980,17146088,17.4,NA
"172","Illinois","35-44",6768,17000107,NA,39.8
"173","Illinois","45-54",8689,17072740,50.9,NA
"174","Illinois","45-54",21844,16524697,NA,132.2
"175","Illinois","55-64",17247,13515054,127.6,NA
"176","Illinois","55-64",38526,12562489,NA,306.7
"177","Illinois","65-74",31037,8908751,348.4,NA
"178","Illinois","65-74",49997,7487244,NA,667.8
"179","Illinois","75-84",67740,6078492,1114.4,NA
"180","Illinois","75-84",70633,4117989,NA,1715.2
"181","Illinois","85+",67367,1313917,NA,5127.2
"182","Illinois","85+",130277,2978388,4374.1,NA
"183","Indiana","25-34",559,7839701,7.1,NA
"184","Indiana","25-34",1087,7933765,NA,13.7
"185","Indiana","35-44",1689,8326630,20.3,NA
"186","Indiana","35-44",3963,8317778,NA,47.6
"187","Indiana","45-54",4785,8547976,56,NA
"188","Indiana","45-54",12006,8397924,NA,143
"189","Indiana","55-64",9655,6956581,138.8,NA
"190","Indiana","55-64",21030,6571056,NA,320
"191","Indiana","65-74",17733,4660292,380.5,NA
"192","Indiana","65-74",27828,3987228,NA,697.9
"193","Indiana","75-84",36529,3123475,1169.5,NA
"194","Indiana","75-84",38514,2129814,NA,1808.3
"195","Indiana","85+",33734,638638,NA,5282.2
"196","Indiana","85+",64107,1451309,4417.2,NA
"197","Iowa","25-34",143,3463502,4.1,NA
"198","Iowa","25-34",293,3610925,NA,8.1
"199","Iowa","35-44",550,3685998,14.9,NA
"200","Iowa","35-44",1341,3745984,NA,35.8
"201","Iowa","45-54",1664,3954606,42.1,NA
"202","Iowa","45-54",4569,3974994,NA,114.9
"203","Iowa","55-64",3512,3299651,106.4,NA
"204","Iowa","55-64",8554,3225967,NA,265.2
"205","Iowa","65-74",6977,2321848,300.5,NA
"206","Iowa","65-74",12231,2046748,NA,597.6
"207","Iowa","75-84",17084,1743426,979.9,NA
"208","Iowa","75-84",19778,1232295,NA,1605
"209","Iowa","85+",21970,423551,NA,5187.1
"210","Iowa","85+",40759,955691,4264.9,NA
"211","Kansas","25-34",153,3382527,4.5,NA
"212","Kansas","25-34",321,3530333,NA,9.1
"213","Kansas","35-44",556,3488401,15.9,NA
"214","Kansas","35-44",1169,3528849,NA,33.1
"215","Kansas","45-54",1595,3636698,43.9,NA
"216","Kansas","45-54",4164,3608907,NA,115.4
"217","Kansas","55-64",3150,2933087,107.4,NA
"218","Kansas","55-64",7366,2829583,NA,260.3
"219","Kansas","65-74",5870,1970776,297.9,NA
"220","Kansas","65-74",10131,1732291,NA,584.8
"221","Kansas","75-84",14063,1418327,991.5,NA
"222","Kansas","75-84",15653,1016304,NA,1540.2
"223","Kansas","85+",17099,349045,NA,4898.8
"224","Kansas","85+",30735,751412,4090.3,NA
"225","Kentucky","25-34",453,5313840,8.5,NA
"226","Kentucky","25-34",936,5384673,NA,17.4
"227","Kentucky","35-44",1614,5658299,28.5,NA
"228","Kentucky","35-44",3492,5625826,NA,62.1
"229","Kentucky","45-54",4385,5857420,74.9,NA
"230","Kentucky","45-54",10222,5680372,NA,180
"231","Kentucky","55-64",8417,4876877,172.6,NA
"232","Kentucky","55-64",17630,4559064,NA,386.7
"233","Kentucky","65-74",14379,3318067,433.4,NA
"234","Kentucky","65-74",22943,2851979,NA,804.5
"235","Kentucky","75-84",27104,2085300,1299.8,NA
"236","Kentucky","75-84",27214,1420800,NA,1915.4
"237","Kentucky","85+",20243,382265,NA,5295.5
"238","Kentucky","85+",41053,890703,4609.1,NA
"239","Louisiana","25-34",568,5937120,9.6,NA
"240","Louisiana","25-34",952,5855944,NA,16.3
"241","Louisiana","35-44",1842,5870278,31.4,NA
"242","Louisiana","35-44",3578,5673680,NA,63.1
"243","Louisiana","45-54",5125,6065416,84.5,NA
"244","Louisiana","45-54",10632,5783545,NA,183.8
"245","Louisiana","55-64",9713,4941469,196.6,NA
"246","Louisiana","55-64",18847,4553721,NA,413.9
"247","Louisiana","65-74",14950,3297667,453.4,NA
"248","Louisiana","65-74",22791,2759582,NA,825.9
"249","Louisiana","75-84",27143,2080917,1304.4,NA
"250","Louisiana","75-84",27317,1404565,NA,1944.9
"251","Louisiana","85+",20588,388045,NA,5305.6
"252","Louisiana","85+",39304,855036,4596.8,NA
"253","Maine","25-34",65,1441201,4.5,NA
"254","Maine","25-34",145,1410966,NA,10.3
"255","Maine","35-44",222,1761676,12.6,NA
"256","Maine","35-44",607,1698508,NA,35.7
"257","Maine","45-54",629,1992911,31.6,NA
"258","Maine","45-54",1959,1924149,NA,101.8
"259","Maine","55-64",1484,1690860,87.8,NA
"260","Maine","55-64",3804,1619368,NA,234.9
"261","Maine","65-74",3001,1145438,262,NA
"262","Maine","65-74",5601,1033979,NA,541.7
"263","Maine","75-84",7247,758044,956,NA
"264","Maine","75-84",8246,550966,NA,1496.6
"265","Maine","85+",7893,166645,NA,4736.4
"266","Maine","85+",14611,361410,4042.8,NA
"267","Maryland","25-34",513,7446401,6.9,NA
"268","Maryland","25-34",946,7143746,NA,13.2
"269","Maryland","35-44",1559,8223895,19,NA
"270","Maryland","35-44",3164,7682864,NA,41.2
"271","Maryland","45-54",4465,8381408,53.3,NA
"272","Maryland","45-54",9847,7729088,NA,127.4
"273","Maryland","55-64",8262,6465773,127.8,NA
"274","Maryland","55-64",17108,5836051,NA,293.1
"275","Maryland","65-74",14149,4028898,351.2,NA
"276","Maryland","65-74",21702,3373457,NA,643.3
"277","Maryland","75-84",28721,2556672,1123.4,NA
"278","Maryland","75-84",29141,1745014,NA,1670
"279","Maryland","85+",26856,542031,NA,4954.7
"280","Maryland","85+",50943,1189731,4281.9,NA
"281","Massachusetts","25-34",311,8517585,3.7,NA
"282","Massachusetts","25-34",640,8328661,NA,7.7
"283","Massachusetts","35-44",938,9092443,10.3,NA
"284","Massachusetts","35-44",2584,8729456,NA,29.6
"285","Massachusetts","45-54",2636,9345447,28.2,NA
"286","Massachusetts","45-54",8159,8861385,NA,92.1
"287","Massachusetts","55-64",5866,7397231,79.3,NA
"288","Massachusetts","55-64",14599,6791923,NA,214.9
"289","Massachusetts","65-74",12288,4890356,251.3,NA
"290","Massachusetts","65-74",21356,4098048,NA,521.1
"291","Massachusetts","75-84",32621,3504955,930.7,NA
"292","Massachusetts","75-84",35223,2354990,NA,1495.7
"293","Massachusetts","85+",38093,797365,NA,4777.4
"294","Massachusetts","85+",73196,1836427,3985.8,NA
"295","Michigan","25-34",711,11765081,6,NA
"296","Michigan","25-34",1409,11806675,NA,11.9
"297","Michigan","35-44",2502,13057579,19.2,NA
"298","Michigan","35-44",5983,12874967,NA,46.5
"299","Michigan","45-54",7989,13897982,57.5,NA
"300","Michigan","45-54",19496,13524755,NA,144.2
"301","Michigan","55-64",16668,11323690,147.2,NA
"302","Michigan","55-64",35666,10704407,NA,333.2
"303","Michigan","65-74",29158,7468731,390.4,NA
"304","Michigan","65-74",45734,6494940,NA,704.1
"305","Michigan","75-84",63200,5007447,1262.1,NA
"306","Michigan","75-84",65857,3527892,NA,1866.8
"307","Michigan","85+",62944,1082885,NA,5812.6
"308","Michigan","85+",116315,2334993,4981.4,NA
"309","Minnesota","25-34",228,6562210,3.5,NA
"310","Minnesota","25-34",428,6760015,NA,6.3
"311","Minnesota","35-44",691,6887411,10,NA
"312","Minnesota","35-44",1760,7016543,NA,25.1
"313","Minnesota","45-54",1752,7118432,24.6,NA
"314","Minnesota","45-54",5800,7153761,NA,81.1
"315","Minnesota","55-64",3361,5563810,60.4,NA
"316","Minnesota","55-64",9475,5448862,NA,173.9
"317","Minnesota","65-74",6439,3560492,180.8,NA
"318","Minnesota","65-74",12997,3209984,NA,404.9
"319","Minnesota","75-84",16805,2456492,684.1,NA
"320","Minnesota","75-84",22099,1804166,NA,1224.9
"321","Minnesota","85+",25721,620339,NA,4146.3
"322","Minnesota","85+",42545,1332352,3193.2,NA
"323","Mississippi","25-34",462,3704360,12.5,NA
"324","Mississippi","25-34",741,3573798,NA,20.7
"325","Mississippi","35-44",1468,3795810,38.7,NA
"326","Mississippi","35-44",2679,3594195,NA,74.5
"327","Mississippi","45-54",3775,3851539,98,NA
"328","Mississippi","45-54",7744,3621054,NA,213.9
"329","Mississippi","55-64",7017,3194568,219.7,NA
"330","Mississippi","55-64",13663,2916695,NA,468.4
"331","Mississippi","65-74",11408,2225680,512.6,NA
"332","Mississippi","65-74",17202,1859332,NA,925.2
"333","Mississippi","75-84",19835,921214,NA,2153.1
"334","Mississippi","75-84",21098,1412122,1494.1,NA
"335","Mississippi","85+",14710,249098,NA,5905.3
"336","Mississippi","85+",32689,600654,5442.2,NA
"337","Missouri","25-34",515,7272703,7.1,NA
"338","Missouri","25-34",979,7244761,NA,13.5
"339","Missouri","35-44",1768,7571790,23.3,NA
"340","Missouri","35-44",3731,7470506,NA,49.9
"341","Missouri","45-54",5059,7952508,63.6,NA
"342","Missouri","45-54",12058,7687860,NA,156.8
"343","Missouri","55-64",9983,6640160,150.3,NA
"344","Missouri","55-64",21053,6158618,NA,341.8
"345","Missouri","65-74",17607,4595157,383.2,NA
"346","Missouri","65-74",28588,3961426,NA,721.7
"347","Missouri","75-84",37895,3074270,1232.7,NA
"348","Missouri","75-84",39939,2163529,NA,1846
"349","Missouri","85+",36270,651929,NA,5563.5
"350","Missouri","85+",70935,1462155,4851.4,NA
"351","Montana","25-34",48,1074639,4.5,NA
"352","Montana","25-34",74,1130791,NA,6.5
"353","Montana","35-44",128,1161616,11,NA
"354","Montana","35-44",395,1171731,NA,33.7
"355","Montana","45-54",463,1346891,34.4,NA
"356","Montana","45-54",1457,1338837,NA,108.8
"357","Montana","55-64",1146,1175326,97.5,NA
"358","Montana","55-64",2963,1179787,NA,251.1
"359","Montana","65-74",1997,769621,259.5,NA
"360","Montana","65-74",4124,753108,NA,547.6
"361","Montana","75-84",4403,487494,903.2,NA
"362","Montana","75-84",5709,395385,NA,1443.9
"363","Montana","85+",5652,126067,NA,4483.3
"364","Montana","85+",8584,236583,3628.3,NA
"365","Nebraska","25-34",99,2195269,4.5,NA
"366","Nebraska","25-34",193,2294019,NA,8.4
"367","Nebraska","35-44",311,2219607,14,NA
"368","Nebraska","35-44",734,2268886,NA,32.4
"369","Nebraska","45-54",806,2319226,34.8,NA
"370","Nebraska","45-54",2208,2319786,NA,95.2
"371","Nebraska","55-64",1624,1882016,86.3,NA
"372","Nebraska","55-64",3944,1831197,NA,215.4
"373","Nebraska","65-74",3266,1279157,255.3,NA
"374","Nebraska","65-74",5744,1132571,NA,507.2
"375","Nebraska","75-84",8241,929969,886.2,NA
"376","Nebraska","75-84",9923,669056,NA,1483.1
"377","Nebraska","85+",11332,229976,NA,4927.5
"378","Nebraska","85+",20623,494107,4173.8,NA
"379","Nevada","25-34",200,3429815,5.8,NA
"380","Nevada","25-34",485,3625337,NA,13.4
"381","Nevada","35-44",688,3396805,20.3,NA
"382","Nevada","35-44",1675,3605533,NA,46.5
"383","Nevada","45-54",1998,3255177,61.4,NA
"384","Nevada","45-54",5139,3349432,NA,153.4
"385","Nevada","55-64",4360,2776616,157,NA
"386","Nevada","55-64",10433,2705913,NA,385.6
"387","Nevada","65-74",7051,1866549,377.8,NA
"388","Nevada","65-74",13787,1798814,NA,766.4
"389","Nevada","75-84",11031,973483,1133.1,NA
"390","Nevada","75-84",14959,836678,NA,1787.9
"391","Nevada","85+",9578,197881,NA,4840.3
"392","Nevada","85+",13907,340454,4084.8,NA
"393","New Hampshire","25-34",42,1434825,2.9,NA
"394","New Hampshire","25-34",100,1449220,NA,6.9
"395","New Hampshire","35-44",147,1814698,8.1,NA
"396","New Hampshire","35-44",470,1783810,NA,26.3
"397","New Hampshire","45-54",518,1990887,26,NA
"398","New Hampshire","45-54",1738,1962972,NA,88.5
"399","New Hampshire","55-64",1159,1562114,74.2,NA
"400","New Hampshire","55-64",3329,1526712,NA,218.1
"401","New Hampshire","65-74",2476,971132,255,NA
"402","New Hampshire","65-74",4673,893678,NA,522.9
"403","New Hampshire","75-84",6253,619197,1009.9,NA
"404","New Hampshire","75-84",6946,454602,NA,1527.9
"405","New Hampshire","85+",7360,142343,NA,5170.6
"406","New Hampshire","85+",13225,306636,4312.9,NA
"407","New Jersey","25-34",432,10783508,4,NA
"408","New Jersey","25-34",995,10822421,NA,9.2
"409","New Jersey","35-44",1466,12504441,11.7,NA
"410","New Jersey","35-44",3642,12119527,NA,30.1
"411","New Jersey","45-54",4295,12610851,34.1,NA
"412","New Jersey","45-54",11947,11973471,NA,99.8
"413","New Jersey","55-64",9589,9813224,97.7,NA
"414","New Jersey","55-64",21892,8958645,NA,244.4
"415","New Jersey","65-74",20159,6545448,308,NA
"416","New Jersey","65-74",32743,5393861,NA,607
"417","New Jersey","75-84",52209,4580546,1139.8,NA
"418","New Jersey","75-84",54343,3059609,NA,1776.1
"419","New Jersey","85+",56432,997084,NA,5659.7
"420","New Jersey","85+",108454,2203383,4922.2,NA
"421","New Mexico","25-34",91,2402718,3.8,NA
"422","New Mexico","25-34",229,2478451,NA,9.2
"423","New Mexico","35-44",254,2463844,10.3,NA
"424","New Mexico","35-44",786,2424857,NA,32.4
"425","New Mexico","45-54",960,2616183,36.7,NA
"426","New Mexico","45-54",2543,2501139,NA,101.7
"427","New Mexico","55-64",2134,2248925,94.9,NA
"428","New Mexico","55-64",5154,2081008,NA,247.7
"429","New Mexico","65-74",3899,1518469,256.8,NA
"430","New Mexico","65-74",7146,1363237,NA,524.2
"431","New Mexico","75-84",8168,901158,906.4,NA
"432","New Mexico","75-84",9591,708620,NA,1353.5
"433","New Mexico","85+",9055,206602,NA,4382.8
"434","New Mexico","85+",14511,374699,3872.7,NA
"435","New York","25-34",917,26143878,3.5,NA
"436","New York","25-34",2081,25517923,NA,8.2
"437","New York","35-44",3339,26652406,12.5,NA
"438","New York","35-44",8238,25663678,NA,32.1
"439","New York","45-54",10842,26875826,40.3,NA
"440","New York","45-54",27580,25260972,NA,109.2
"441","New York","55-64",25637,21712680,118.1,NA
"442","New York","55-64",54390,19465711,NA,279.4
"443","New York","65-74",53720,14627788,367.2,NA
"444","New York","65-74",81152,11916331,NA,681
"445","New York","75-84",129176,6683383,NA,1932.8
"446","New York","75-84",130464,10018056,1302.3,NA
"447","New York","85+",135051,2208336,NA,6115.5
"448","New York","85+",274734,4913841,5591,NA
"449","North Carolina","25-34",685,11876711,5.8,NA
"450","North Carolina","25-34",1251,11752319,NA,10.6
"451","North Carolina","35-44",2488,12610455,19.7,NA
"452","North Carolina","35-44",5219,12240848,NA,42.6
"453","North Carolina","45-54",6758,12490467,54.1,NA
"454","North Carolina","45-54",16015,11830109,NA,135.4
"455","North Carolina","55-64",13273,10367235,128,NA
"456","North Carolina","55-64",29304,9386375,NA,312.2
"457","North Carolina","65-74",23550,7124666,330.5,NA
"458","North Carolina","65-74",39139,5999196,NA,652.4
"459","North Carolina","75-84",45791,4366801,1048.6,NA
"460","North Carolina","75-84",47796,2947545,NA,1621.6
"461","North Carolina","85+",36597,788861,NA,4639.2
"462","North Carolina","85+",72869,1856768,3924.5,NA
"463","North Dakota","25-34",43,790693,5.4,NA
"464","North Dakota","25-34",81,895100,NA,9
"465","North Dakota","35-44",125,776828,16.1,NA
"466","North Dakota","35-44",299,822659,NA,36.3
"467","North Dakota","45-54",290,855266,33.9,NA
"468","North Dakota","45-54",923,889051,NA,103.8
"469","North Dakota","55-64",611,698882,87.4,NA
"470","North Dakota","55-64",1727,721672,NA,239.3
"471","North Dakota","65-74",1249,481367,259.5,NA
"472","North Dakota","65-74",2498,442115,NA,565
"473","North Dakota","75-84",3029,368012,823.1,NA
"474","North Dakota","75-84",4160,272322,NA,1527.6
"475","North Dakota","85+",4789,101266,NA,4729.1
"476","North Dakota","85+",8123,210542,3858.1,NA
"477","Ohio","25-34",880,13886935,6.3,NA
"478","Ohio","25-34",1706,13818162,NA,12.3
"479","Ohio","35-44",3066,15016265,20.4,NA
"480","Ohio","35-44",6713,14738494,NA,45.5
"481","Ohio","45-54",8747,16000596,54.7,NA
"482","Ohio","45-54",21760,15456421,NA,140.8
"483","Ohio","55-64",18162,13181836,137.8,NA
"484","Ohio","55-64",39540,12294408,NA,321.6
"485","Ohio","65-74",34053,8962774,379.9,NA
"486","Ohio","65-74",52997,7578907,NA,699.3
"487","Ohio","75-84",74811,6207988,1205.1,NA
"488","Ohio","75-84",77454,4226530,NA,1832.6
"489","Ohio","85+",69314,1276581,NA,5429.7
"490","Ohio","85+",131672,2849732,4620.5,NA
"491","Oklahoma","25-34",323,4576096,7.1,NA
"492","Oklahoma","25-34",660,4729399,NA,14
"493","Oklahoma","35-44",1326,4564983,29,NA
"494","Oklahoma","35-44",2659,4595607,NA,57.9
"495","Oklahoma","45-54",3937,4735120,83.1,NA
"496","Oklahoma","45-54",8554,4629285,NA,184.8
"497","Oklahoma","55-64",8113,4032584,201.2,NA
"498","Oklahoma","55-64",16016,3770513,NA,424.8
"499","Oklahoma","65-74",13073,2840660,460.2,NA
"500","Oklahoma","65-74",20585,2459244,NA,837
"501","Oklahoma","75-84",25642,1821314,1407.9,NA
"502","Oklahoma","75-84",26920,1312570,NA,2050.9
"503","Oklahoma","85+",22272,374806,NA,5942.3
"504","Oklahoma","85+",42760,791921,5399.5,NA
"505","Oregon","25-34",137,4780434,2.9,NA
"506","Oregon","25-34",325,4955430,NA,6.6
"507","Oregon","35-44",468,4831344,9.7,NA
"508","Oregon","35-44",1175,4926615,NA,23.9
"509","Oregon","45-54",1432,5074137,28.2,NA
"510","Oregon","45-54",4244,4971828,NA,85.4
"511","Oregon","55-64",3306,4407562,75,NA
"512","Oregon","55-64",8493,4181814,NA,203.1
"513","Oregon","65-74",6637,2889614,229.7,NA
"514","Oregon","65-74",12424,2621053,NA,474
"515","Oregon","75-84",15423,1837317,839.4,NA
"516","Oregon","75-84",19160,1399281,NA,1369.3
"517","Oregon","85+",21286,470860,NA,4520.7
"518","Oregon","85+",32953,906561,3634.9,NA
"519","Pennsylvania","25-34",763,14654596,5.2,NA
"520","Pennsylvania","25-34",1526,14755248,NA,10.3
"521","Pennsylvania","35-44",2631,16273987,16.2,NA
"522","Pennsylvania","35-44",6292,15985560,NA,39.4
"523","Pennsylvania","45-54",8120,17677678,45.9,NA
"524","Pennsylvania","45-54",20915,17139322,NA,122
"525","Pennsylvania","55-64",17829,14740709,121,NA
"526","Pennsylvania","55-64",40517,13793115,NA,293.7
"527","Pennsylvania","65-74",36736,10469192,350.9,NA
"528","Pennsylvania","65-74",59543,8827260,NA,674.5
"529","Pennsylvania","75-84",93064,7825090,1189.3,NA
"530","Pennsylvania","75-84",96363,5280889,NA,1824.7
"531","Pennsylvania","85+",93376,1687720,NA,5532.7
"532","Pennsylvania","85+",178395,3801772,4692.4,NA
"533","Rhode Island","25-34",42,1287596,3.3,NA
"534","Rhode Island","25-34",101,1273051,NA,7.9
"535","Rhode Island","35-44",157,1419998,11.1,NA
"536","Rhode Island","35-44",495,1362163,NA,36.3
"537","Rhode Island","45-54",463,1504236,30.8,NA
"538","Rhode Island","45-54",1517,1414496,NA,107.2
"539","Rhode Island","55-64",1148,1196297,96,NA
"540","Rhode Island","55-64",2808,1105131,NA,254.1
"541","Rhode Island","65-74",2427,800115,303.3,NA
"542","Rhode Island","65-74",4143,670923,NA,617.5
"543","Rhode Island","75-84",6727,614268,1095.1,NA
"544","Rhode Island","75-84",6849,403700,NA,1696.6
"545","Rhode Island","85+",7747,141568,NA,5472.3
"546","Rhode Island","85+",15847,337148,4700.3,NA
"547","South Carolina","25-34",530,5647128,9.4,NA
"548","South Carolina","25-34",938,5556863,NA,16.9
"549","South Carolina","35-44",1598,5894104,27.1,NA
"550","South Carolina","35-44",3386,5666049,NA,59.8
"551","South Carolina","45-54",4293,6116695,70.2,NA
"552","South Carolina","45-54",9905,5708373,NA,173.5
"553","South Carolina","55-64",8160,5324086,153.3,NA
"554","South Carolina","55-64",17834,4773581,NA,373.6
"555","South Carolina","65-74",13284,3719156,357.2,NA
"556","South Carolina","65-74",21891,3192929,NA,685.6
"557","South Carolina","75-84",23344,2154523,1083.5,NA
"558","South Carolina","75-84",24996,1501877,NA,1664.3
"559","South Carolina","85+",17477,379058,NA,4610.6
"560","South Carolina","85+",33000,881350,3744.3,NA
"561","South Dakota","25-34",47,925307,5.1,NA
"562","South Dakota","25-34",88,985294,NA,8.9
"563","South Dakota","35-44",128,944471,13.6,NA
"564","South Dakota","35-44",350,978326,NA,35.8
"565","South Dakota","45-54",359,1020647,35.2,NA
"566","South Dakota","45-54",1139,1044003,NA,109.1
"567","South Dakota","55-64",805,851578,94.5,NA
"568","South Dakota","55-64",2236,857288,NA,260.8
"569","South Dakota","65-74",1574,587373,268,NA
"570","South Dakota","65-74",3196,541762,NA,589.9
"571","South Dakota","75-84",3776,431053,876,NA
"572","South Dakota","75-84",4918,324522,NA,1515.5
"573","South Dakota","85+",5570,113151,NA,4922.6
"574","South Dakota","85+",9533,240888,3957.4,NA
"575","Tennessee","25-34",678,7936610,8.5,NA
"576","Tennessee","25-34",1367,7845327,NA,17.4
"577","Tennessee","35-44",2267,8335503,27.2,NA
"578","Tennessee","35-44",4992,8114500,NA,61.5
"579","Tennessee","45-54",6724,8520495,78.9,NA
"580","Tennessee","45-54",14843,8096785,NA,183.3
"581","Tennessee","55-64",12589,7146853,176.1,NA
"582","Tennessee","55-64",25923,6576931,NA,394.2
"583","Tennessee","65-74",20312,4903589,414.2,NA
"584","Tennessee","65-74",32742,4206179,NA,778.4
"585","Tennessee","75-84",38029,2041026,NA,1863.2
"586","Tennessee","75-84",38547,3018814,1276.9,NA
"587","Tennessee","85+",29118,546717,NA,5326
"588","Tennessee","85+",59587,1281928,4648.2,NA
"589","Texas","25-34",1706,33306520,5.1,NA
"590","Texas","25-34",3422,34138863,NA,10
"591","Texas","35-44",5640,32953325,17.1,NA
"592","Texas","35-44",12228,32909191,NA,37.2
"593","Texas","45-54",15802,30620196,51.6,NA
"594","Texas","45-54",37373,30074006,NA,124.3
"595","Texas","55-64",31782,23354187,136.1,NA
"596","Texas","55-64",68204,21910688,NA,311.3
"597","Texas","65-74",52578,14928082,352.2,NA
"598","Texas","65-74",85939,12935877,NA,664.3
"599","Texas","75-84",100949,9009694,1120.4,NA
"600","Texas","75-84",108807,6465109,NA,1683
"601","Texas","85+",89455,1837590,NA,4868.1
"602","Texas","85+",161890,3811624,4247.3,NA
"603","Utah","25-34",137,3751578,3.7,NA
"604","Utah","25-34",247,3923457,NA,6.3
"605","Utah","35-44",296,3131465,9.5,NA
"606","Utah","35-44",704,3240288,NA,21.7
"607","Utah","45-54",743,2733577,27.2,NA
"608","Utah","45-54",2065,2736433,NA,75.5
"609","Utah","55-64",1568,2118365,74,NA
"610","Utah","55-64",3819,2044160,NA,186.8
"611","Utah","65-74",3139,1359602,230.9,NA
"612","Utah","65-74",5076,1231495,NA,412.2
"613","Utah","75-84",7873,833462,944.6,NA
"614","Utah","75-84",8725,665691,NA,1310.7
"615","Utah","85+",9552,202336,NA,4720.9
"616","Utah","85+",14523,347719,4176.6,NA
"617","Vermont","25-34",23,673100,3.4,NA
"618","Vermont","25-34",41,668939,NA,6.1
"619","Vermont","35-44",90,815830,11,NA
"620","Vermont","35-44",221,790110,NA,28
"621","Vermont","45-54",250,938835,26.6,NA
"622","Vermont","45-54",790,905517,NA,87.2
"623","Vermont","55-64",560,779606,71.8,NA
"624","Vermont","55-64",1662,760927,NA,218.4
"625","Vermont","65-74",1274,494210,257.8,NA
"626","Vermont","65-74",2446,454845,NA,537.8
"627","Vermont","75-84",3125,315657,990,NA
"628","Vermont","75-84",3464,232200,NA,1491.8
"629","Vermont","85+",3686,72222,NA,5103.7
"630","Vermont","85+",6672,158823,4200.9,NA
"631","Virginia","25-34",559,10241334,5.5,NA
"632","Virginia","25-34",1037,10348245,NA,10
"633","Virginia","35-44",1791,10946986,16.4,NA
"634","Virginia","35-44",3969,10690025,NA,37.1
"635","Virginia","45-54",5084,11020000,46.1,NA
"636","Virginia","45-54",12139,10537093,NA,115.2
"637","Virginia","55-64",9978,8684752,114.9,NA
"638","Virginia","55-64",21765,8070382,NA,269.7
"639","Virginia","65-74",17771,5579774,318.5,NA
"640","Virginia","65-74",28737,4813026,NA,597.1
"641","Virginia","75-84",35933,3434763,1046.2,NA
"642","Virginia","75-84",37621,2385123,NA,1577.3
"643","Virginia","85+",31547,675949,NA,4667.1
"644","Virginia","85+",60246,1508404,3994,NA
"645","Washington","25-34",304,8588166,3.5,NA
"646","Washington","25-34",639,8968471,NA,7.1
"647","Washington","35-44",950,8805568,10.8,NA
"648","Washington","35-44",2282,8988009,NA,25.4
"649","Washington","45-54",2681,8942860,30,NA
"650","Washington","45-54",7848,8888646,NA,88.3
"651","Washington","55-64",5995,7265504,82.5,NA
"652","Washington","55-64",15294,6991457,NA,218.8
"653","Washington","65-74",11079,4513616,245.5,NA
"654","Washington","65-74",21001,4111433,NA,510.8
"655","Washington","75-84",25083,2799511,896,NA
"656","Washington","75-84",30139,2116227,NA,1424.2
"657","Washington","85+",32680,701786,NA,4656.7
"658","Washington","85+",51143,1371974,3727.7,NA
"659","West Virginia","25-34",160,2081313,7.7,NA
"660","West Virginia","25-34",315,2126256,NA,14.8
"661","West Virginia","35-44",599,2318913,25.8,NA
"662","West Virginia","35-44",1307,2313438,NA,56.5
"663","West Virginia","45-54",1634,2574706,63.5,NA
"664","West Virginia","45-54",4142,2533612,NA,163.5
"665","West Virginia","55-64",3577,2311450,154.8,NA
"666","West Virginia","55-64",7278,2227310,NA,326.8
"667","West Virginia","65-74",7024,1671969,420.1,NA
"668","West Virginia","65-74",10942,1477954,NA,740.3
"669","West Virginia","75-84",15042,773690,NA,1944.2
"670","West Virginia","75-84",15070,1109490,1358.3,NA
"671","West Virginia","85+",11833,207418,NA,5704.9
"672","West Virginia","85+",23321,456853,5104.7,NA
"673","Wisconsin","25-34",241,6599913,3.7,NA
"674","Wisconsin","25-34",555,6854658,NA,8.1
"675","Wisconsin","35-44",910,7267768,12.5,NA
"676","Wisconsin","35-44",2263,7380755,NA,30.7
"677","Wisconsin","45-54",2708,7724769,35.1,NA
"678","Wisconsin","45-54",7780,7763043,NA,100.2
"679","Wisconsin","55-64",5708,6165009,92.6,NA
"680","Wisconsin","55-64",14876,6057412,NA,245.6
"681","Wisconsin","65-74",11402,4086724,279,NA
"682","Wisconsin","65-74",21275,3684764,NA,577.4
"683","Wisconsin","75-84",27744,2869893,966.7,NA
"684","Wisconsin","75-84",33462,2080062,NA,1608.7
"685","Wisconsin","85+",34797,675252,NA,5153.2
"686","Wisconsin","85+",61216,1476922,4144.8,NA
"687","Wyoming","25-34",31,647220,4.8,NA
"688","Wyoming","25-34",68,700548,NA,9.7
"689","Wyoming","35-44",124,652443,19,NA
"690","Wyoming","35-44",233,683882,NA,34.1
"691","Wyoming","45-54",357,732143,48.8,NA
"692","Wyoming","45-54",834,755941,NA,110.3
"693","Wyoming","55-64",613,610207,100.5,NA
"694","Wyoming","55-64",1620,637524,NA,254.1
"695","Wyoming","65-74",1195,378733,315.5,NA
"696","Wyoming","65-74",2109,369704,NA,570.5
"697","Wyoming","75-84",2230,229126,973.3,NA
"698","Wyoming","75-84",2858,185015,NA,1544.7
"699","Wyoming","85+",2492,54975,NA,4533
"700","Wyoming","85+",3858,103848,3715,NA
