State,Gender,Age_group,Deaths,Population,Crude_Rate
Alabama,Female,25-34,695,5846272,11.9
Alabama,Male,25-34,1179,5678498,20.8
Alabama,Female,35-44,2323,6158050,37.7
Alabama,Male,35-44,4185,5882549,71.1
Alabama,Female,45-54,5785,6385531,90.6
Alabama,Male,45-54,11810,6037822,195.6
Alabama,Female,55-64,10342,5414228,191
Alabama,Male,55-64,20444,4935101,414.3
Alabama,Female,65-74,17179,3832617,448.2
Alabama,Male,65-74,26367,3207791,822
Alabama,Female,75-84,32880,2418788,1359.4
Alabama,Male,75-84,32247,1609834,2003.1
Alabama,Female,85+,50155,990988,5061.1
Alabama,Male,85+,23984,420645,5701.7
Alaska,Female,25-34,54,907303,6
Alaska,Male,25-34,92,998923,9.2
Alaska,Female,35-44,163,907065,18
Alaska,Male,35-44,364,965241,37.7
Alaska,Female,45-54,390,938891,41.5
Alaska,Male,45-54,1072,1026308,104.5
Alaska,Female,55-64,608,668087,91
Alaska,Male,55-64,1760,747104,235.6
Alaska,Female,65-74,810,317573,255.1
Alaska,Male,65-74,1809,337087,536.7
Alaska,Female,75-84,1291,148982,866.5
Alaska,Male,75-84,1664,125675,1324.1
Alaska,Female,85+,1589,54048,2940
Alaska,Male,85+,1154,29543,3906.2
Arizona,Female,25-34,296,7729821,3.8
Arizona,Male,25-34,692,8228036,8.4
Arizona,Female,35-44,959,7652170,12.5
Arizona,Male,35-44,2415,7818065,30.9
Arizona,Female,45-54,2856,7490474,38.1
Arizona,Male,45-54,7761,7266650,106.8
Arizona,Female,55-64,6395,6555065,97.6
Arizona,Male,55-64,16111,5950292,270.8
Arizona,Female,65-74,12338,4898287,251.9
Arizona,Male,65-74,23445,4396139,533.3
Arizona,Female,75-84,25841,2948377,876.4
Arizona,Male,75-84,32297,2432601,1327.7
Arizona,Female,85+,43785,1176118,3722.8
Arizona,Male,85+,29627,687367,4310.2
Arkansas,Female,25-34,347,3505906,9.9
Arkansas,Male,25-34,647,3528965,18.3
Arkansas,Female,35-44,1079,3596684,30
Arkansas,Male,35-44,2294,3551680,64.6
Arkansas,Female,45-54,3083,3692822,83.5
Arkansas,Male,45-54,6759,3571724,189.2
Arkansas,Female,55-64,5826,3224037,180.7
Arkansas,Male,55-64,12222,2990964,408.6
Arkansas,Female,65-74,9972,2352921,423.8
Arkansas,Male,65-74,16544,2045080,809
Arkansas,Female,75-84,19206,1497496,1282.5
Arkansas,Male,75-84,20212,1070732,1887.7
Arkansas,Female,85+,31634,656247,4820.4
Arkansas,Male,85+,16286,305330,5333.9
California,Female,25-34,1530,50066081,3.1
California,Male,25-34,3968,52646057,7.5
California,Female,35-44,5135,50121819,10.2
California,Male,35-44,14096,50895350,27.7
California,Female,45-54,15946,47600929,33.5
California,Male,45-54,45930,46840070,98.1
California,Female,55-64,35144,36577475,96.1
California,Male,55-64,84997,34164125,248.8
California,Female,65-74,67376,23577678,285.8
California,Male,65-74,112358,20220946,555.7
California,Female,75-84,154614,15262326,1013
California,Male,75-84,171490,11166249,1535.8
California,Female,85+,303907,7031316,4322.2
California,Male,85+,184944,3721634,4969.4
Colorado,Female,25-34,233,6641347,3.5
Colorado,Male,25-34,511,7167877,7.1
Colorado,Female,35-44,665,6700485,9.9
Colorado,Male,35-44,1712,6967997,24.6
Colorado,Female,45-54,1902,6650604,28.6
Colorado,Male,45-54,5337,6639949,80.4
Colorado,Female,55-64,3953,5167608,76.5
Colorado,Male,55-64,9895,4994831,198.1
Colorado,Female,65-74,6921,3101249,223.2
Colorado,Male,65-74,12324,2806946,439.1
Colorado,Female,75-84,14857,1831091,811.4
Colorado,Male,75-84,17144,1363316,1257.5
Colorado,Female,85+,29050,837981,3466.7
Colorado,Male,85+,16919,411187,4114.7
Connecticut,Female,25-34,188,4085859,4.6
Connecticut,Male,25-34,415,4071707,10.2
Connecticut,Female,35-44,597,4931287,12.1
Connecticut,Male,35-44,1495,4716997,31.7
Connecticut,Female,45-54,1690,5217065,32.4
Connecticut,Male,45-54,4844,4960608,97.6
Connecticut,Female,55-64,3476,4086941,85.1
Connecticut,Male,55-64,8443,3795436,222.5
Connecticut,Female,65-74,6874,2659672,258.5
Connecticut,Male,65-74,11731,2252997,520.7
Connecticut,Female,75-84,18561,1919308,967.1
Connecticut,Male,75-84,19750,1315813,1501
Connecticut,Female,85+,43868,1040635,4215.5
Connecticut,Male,85+,23477,471888,4975.1
Delaware,Female,25-34,76,1089133,7
Delaware,Male,25-34,117,1066419,11
Delaware,Female,35-44,258,1160023,22.2
Delaware,Male,35-44,538,1106228,48.6
Delaware,Female,45-54,698,1210388,57.7
Delaware,Male,45-54,1534,1126820,136.1
Delaware,Female,55-64,1216,1033622,117.6
Delaware,Male,55-64,2603,920243,282.9
Delaware,Female,65-74,2249,738694,304.5
Delaware,Male,65-74,3887,638259,609
Delaware,Female,75-84,4839,444924,1087.6
Delaware,Male,75-84,5302,330758,1603
Delaware,Female,85+,8392,188043,4462.8
Delaware,Male,85+,4612,90369,5103.5
Florida,Female,25-34,1108,21721694,5.1
Florida,Male,25-34,2392,22084208,10.8
Florida,Female,35-44,3716,23776765,15.6
Florida,Male,35-44,8935,23484072,38
Florida,Female,45-54,11018,24707229,44.6
Florida,Male,45-54,28749,23577269,121.9
Florida,Female,55-64,23528,21902325,107.4
Florida,Male,55-64,55601,19567060,284.2
Florida,Female,65-74,47290,17664336,267.7
Florida,Male,65-74,84353,15350947,549.5
Florida,Female,75-84,111080,11899618,933.5
Florida,Male,75-84,135600,9353101,1449.8
Florida,Female,85+,208784,5114025,4082.6
Florida,Male,85+,138555,2937153,4717.3
Georgia,Female,25-34,919,12795825,7.2
Georgia,Male,25-34,1658,12651072,13.1
Georgia,Female,35-44,2960,13367434,22.1
Georgia,Male,35-44,6123,12901556,47.5
Georgia,Female,45-54,8209,12626411,65
Georgia,Male,45-54,17820,11968959,148.9
Georgia,Female,55-64,15372,9706711,158.4
Georgia,Male,55-64,30934,8806466,351.3
Georgia,Female,65-74,23083,6155528,375
Georgia,Male,65-74,36767,5157882,712.8
Georgia,Female,75-84,41836,3547890,1179.2
Georgia,Male,75-84,40985,2348499,1745.2
Georgia,Female,85+,62426,1479424,4219.6
Georgia,Male,85+,30016,610059,4920.2
Hawaii,Female,25-34,85,1691105,5
Hawaii,Male,25-34,228,1840771,12.4
Hawaii,Female,35-44,247,1694486,14.6
Hawaii,Male,35-44,702,1738559,40.4
Hawaii,Female,45-54,723,1743554,41.5
Hawaii,Male,45-54,2105,1744397,120.7
Hawaii,Female,55-64,1479,1491632,99.2
Hawaii,Male,55-64,3646,1451400,251.2
Hawaii,Female,65-74,2578,1027977,250.8
Hawaii,Male,65-74,4991,915342,545.3
Hawaii,Female,75-84,5057,690791,732.1
Hawaii,Male,75-84,6879,518097,1327.7
Hawaii,Female,85+,9194,331433,2774
Hawaii,Male,85+,7623,198769,3835.1
Idaho,Female,25-34,73,1830499,4
Idaho,Male,25-34,132,1910931,6.9
Idaho,Female,35-44,251,1829783,13.7
Idaho,Male,35-44,551,1870461,29.5
Idaho,Female,45-54,640,1860914,34.4
Idaho,Male,45-54,1762,1852502,95.1
Idaho,Female,55-64,1395,1558373,89.5
Idaho,Male,55-64,3587,1532936,234
Idaho,Female,65-74,2675,1039285,257.4
Idaho,Male,65-74,5098,992038,513.9
Idaho,Female,75-84,5704,630854,904.2
Idaho,Male,75-84,7293,511340,1426.3
Idaho,Female,85+,11518,286313,4022.9
Idaho,Male,85+,7844,158791,4939.8
Illinois,Female,25-34,935,16738770,5.6
Illinois,Male,25-34,2012,16969421,11.9
Illinois,Female,35-44,2980,17146088,17.4
Illinois,Male,35-44,6768,17000107,39.8
Illinois,Female,45-54,8689,17072740,50.9
Illinois,Male,45-54,21844,16524697,132.2
Illinois,Female,55-64,17247,13515054,127.6
Illinois,Male,55-64,38526,12562489,306.7
Illinois,Female,65-74,31037,8908751,348.4
Illinois,Male,65-74,49997,7487244,667.8
Illinois,Female,75-84,67740,6078492,1114.4
Illinois,Male,75-84,70633,4117989,1715.2
Illinois,Female,85+,130277,2978388,4374.1
Illinois,Male,85+,67367,1313917,5127.2
Indiana,Female,25-34,559,7839701,7.1
Indiana,Male,25-34,1087,7933765,13.7
Indiana,Female,35-44,1689,8326630,20.3
Indiana,Male,35-44,3963,8317778,47.6
Indiana,Female,45-54,4785,8547976,56
Indiana,Male,45-54,12006,8397924,143
Indiana,Female,55-64,9655,6956581,138.8
Indiana,Male,55-64,21030,6571056,320
Indiana,Female,65-74,17733,4660292,380.5
Indiana,Male,65-74,27828,3987228,697.9
Indiana,Female,75-84,36529,3123475,1169.5
Indiana,Male,75-84,38514,2129814,1808.3
Indiana,Female,85+,64107,1451309,4417.2
Indiana,Male,85+,33734,638638,5282.2
Iowa,Female,25-34,143,3463502,4.1
Iowa,Male,25-34,293,3610925,8.1
Iowa,Female,35-44,550,3685998,14.9
Iowa,Male,35-44,1341,3745984,35.8
Iowa,Female,45-54,1664,3954606,42.1
Iowa,Male,45-54,4569,3974994,114.9
Iowa,Female,55-64,3512,3299651,106.4
Iowa,Male,55-64,8554,3225967,265.2
Iowa,Female,65-74,6977,2321848,300.5
Iowa,Male,65-74,12231,2046748,597.6
Iowa,Female,75-84,17084,1743426,979.9
Iowa,Male,75-84,19778,1232295,1605
Iowa,Female,85+,40759,955691,4264.9
Iowa,Male,85+,21970,423551,5187.1
Kansas,Female,25-34,153,3382527,4.5
Kansas,Male,25-34,321,3530333,9.1
Kansas,Female,35-44,556,3488401,15.9
Kansas,Male,35-44,1169,3528849,33.1
Kansas,Female,45-54,1595,3636698,43.9
Kansas,Male,45-54,4164,3608907,115.4
Kansas,Female,55-64,3150,2933087,107.4
Kansas,Male,55-64,7366,2829583,260.3
Kansas,Female,65-74,5870,1970776,297.9
Kansas,Male,65-74,10131,1732291,584.8
Kansas,Female,75-84,14063,1418327,991.5
Kansas,Male,75-84,15653,1016304,1540.2
Kansas,Female,85+,30735,751412,4090.3
Kansas,Male,85+,17099,349045,4898.8
Kentucky,Female,25-34,453,5313840,8.5
Kentucky,Male,25-34,936,5384673,17.4
Kentucky,Female,35-44,1614,5658299,28.5
Kentucky,Male,35-44,3492,5625826,62.1
Kentucky,Female,45-54,4385,5857420,74.9
Kentucky,Male,45-54,10222,5680372,180
Kentucky,Female,55-64,8417,4876877,172.6
Kentucky,Male,55-64,17630,4559064,386.7
Kentucky,Female,65-74,14379,3318067,433.4
Kentucky,Male,65-74,22943,2851979,804.5
Kentucky,Female,75-84,27104,2085300,1299.8
Kentucky,Male,75-84,27214,1420800,1915.4
Kentucky,Female,85+,41053,890703,4609.1
Kentucky,Male,85+,20243,382265,5295.5
Louisiana,Female,25-34,568,5937120,9.6
Louisiana,Male,25-34,952,5855944,16.3
Louisiana,Female,35-44,1842,5870278,31.4
Louisiana,Male,35-44,3578,5673680,63.1
Louisiana,Female,45-54,5125,6065416,84.5
Louisiana,Male,45-54,10632,5783545,183.8
Louisiana,Female,55-64,9713,4941469,196.6
Louisiana,Male,55-64,18847,4553721,413.9
Louisiana,Female,65-74,14950,3297667,453.4
Louisiana,Male,65-74,22791,2759582,825.9
Louisiana,Female,75-84,27143,2080917,1304.4
Louisiana,Male,75-84,27317,1404565,1944.9
Louisiana,Female,85+,39304,855036,4596.8
Louisiana,Male,85+,20588,388045,5305.6
Maine,Female,25-34,65,1441201,4.5
Maine,Male,25-34,145,1410966,10.3
Maine,Female,35-44,222,1761676,12.6
Maine,Male,35-44,607,1698508,35.7
Maine,Female,45-54,629,1992911,31.6
Maine,Male,45-54,1959,1924149,101.8
Maine,Female,55-64,1484,1690860,87.8
Maine,Male,55-64,3804,1619368,234.9
Maine,Female,65-74,3001,1145438,262
Maine,Male,65-74,5601,1033979,541.7
Maine,Female,75-84,7247,758044,956
Maine,Male,75-84,8246,550966,1496.6
Maine,Female,85+,14611,361410,4042.8
Maine,Male,85+,7893,166645,4736.4
Maryland,Female,25-34,513,7446401,6.9
Maryland,Male,25-34,946,7143746,13.2
Maryland,Female,35-44,1559,8223895,19
Maryland,Male,35-44,3164,7682864,41.2
Maryland,Female,45-54,4465,8381408,53.3
Maryland,Male,45-54,9847,7729088,127.4
Maryland,Female,55-64,8262,6465773,127.8
Maryland,Male,55-64,17108,5836051,293.1
Maryland,Female,65-74,14149,4028898,351.2
Maryland,Male,65-74,21702,3373457,643.3
Maryland,Female,75-84,28721,2556672,1123.4
Maryland,Male,75-84,29141,1745014,1670
Maryland,Female,85+,50943,1189731,4281.9
Maryland,Male,85+,26856,542031,4954.7
Massachusetts,Female,25-34,311,8517585,3.7
Massachusetts,Male,25-34,640,8328661,7.7
Massachusetts,Female,35-44,938,9092443,10.3
Massachusetts,Male,35-44,2584,8729456,29.6
Massachusetts,Female,45-54,2636,9345447,28.2
Massachusetts,Male,45-54,8159,8861385,92.1
Massachusetts,Female,55-64,5866,7397231,79.3
Massachusetts,Male,55-64,14599,6791923,214.9
Massachusetts,Female,65-74,12288,4890356,251.3
Massachusetts,Male,65-74,21356,4098048,521.1
Massachusetts,Female,75-84,32621,3504955,930.7
Massachusetts,Male,75-84,35223,2354990,1495.7
Massachusetts,Female,85+,73196,1836427,3985.8
Massachusetts,Male,85+,38093,797365,4777.4
Michigan,Female,25-34,711,11765081,6
Michigan,Male,25-34,1409,11806675,11.9
Michigan,Female,35-44,2502,13057579,19.2
Michigan,Male,35-44,5983,12874967,46.5
Michigan,Female,45-54,7989,13897982,57.5
Michigan,Male,45-54,19496,13524755,144.2
Michigan,Female,55-64,16668,11323690,147.2
Michigan,Male,55-64,35666,10704407,333.2
Michigan,Female,65-74,29158,7468731,390.4
Michigan,Male,65-74,45734,6494940,704.1
Michigan,Female,75-84,63200,5007447,1262.1
Michigan,Male,75-84,65857,3527892,1866.8
Michigan,Female,85+,116315,2334993,4981.4
Michigan,Male,85+,62944,1082885,5812.6
Minnesota,Female,25-34,228,6562210,3.5
Minnesota,Male,25-34,428,6760015,6.3
Minnesota,Female,35-44,691,6887411,10
Minnesota,Male,35-44,1760,7016543,25.1
Minnesota,Female,45-54,1752,7118432,24.6
Minnesota,Male,45-54,5800,7153761,81.1
Minnesota,Female,55-64,3361,5563810,60.4
Minnesota,Male,55-64,9475,5448862,173.9
Minnesota,Female,65-74,6439,3560492,180.8
Minnesota,Male,65-74,12997,3209984,404.9
Minnesota,Female,75-84,16805,2456492,684.1
Minnesota,Male,75-84,22099,1804166,1224.9
Minnesota,Female,85+,42545,1332352,3193.2
Minnesota,Male,85+,25721,620339,4146.3
Mississippi,Female,25-34,462,3704360,12.5
Mississippi,Male,25-34,741,3573798,20.7
Mississippi,Female,35-44,1468,3795810,38.7
Mississippi,Male,35-44,2679,3594195,74.5
Mississippi,Female,45-54,3775,3851539,98
Mississippi,Male,45-54,7744,3621054,213.9
Mississippi,Female,55-64,7017,3194568,219.7
Mississippi,Male,55-64,13663,2916695,468.4
Mississippi,Female,65-74,11408,2225680,512.6
Mississippi,Male,65-74,17202,1859332,925.2
Mississippi,Female,75-84,21098,1412122,1494.1
Mississippi,Male,75-84,19835,921214,2153.1
Mississippi,Female,85+,32689,600654,5442.2
Mississippi,Male,85+,14710,249098,5905.3
Missouri,Female,25-34,515,7272703,7.1
Missouri,Male,25-34,979,7244761,13.5
Missouri,Female,35-44,1768,7571790,23.3
Missouri,Male,35-44,3731,7470506,49.9
Missouri,Female,45-54,5059,7952508,63.6
Missouri,Male,45-54,12058,7687860,156.8
Missouri,Female,55-64,9983,6640160,150.3
Missouri,Male,55-64,21053,6158618,341.8
Missouri,Female,65-74,17607,4595157,383.2
Missouri,Male,65-74,28588,3961426,721.7
Missouri,Female,75-84,37895,3074270,1232.7
Missouri,Male,75-84,39939,2163529,1846
Missouri,Female,85+,70935,1462155,4851.4
Missouri,Male,85+,36270,651929,5563.5
Montana,Female,25-34,48,1074639,4.5
Montana,Male,25-34,74,1130791,6.5
Montana,Female,35-44,128,1161616,11
Montana,Male,35-44,395,1171731,33.7
Montana,Female,45-54,463,1346891,34.4
Montana,Male,45-54,1457,1338837,108.8
Montana,Female,55-64,1146,1175326,97.5
Montana,Male,55-64,2963,1179787,251.1
Montana,Female,65-74,1997,769621,259.5
Montana,Male,65-74,4124,753108,547.6
Montana,Female,75-84,4403,487494,903.2
Montana,Male,75-84,5709,395385,1443.9
Montana,Female,85+,8584,236583,3628.3
Montana,Male,85+,5652,126067,4483.3
Nebraska,Female,25-34,99,2195269,4.5
Nebraska,Male,25-34,193,2294019,8.4
Nebraska,Female,35-44,311,2219607,14
Nebraska,Male,35-44,734,2268886,32.4
Nebraska,Female,45-54,806,2319226,34.8
Nebraska,Male,45-54,2208,2319786,95.2
Nebraska,Female,55-64,1624,1882016,86.3
Nebraska,Male,55-64,3944,1831197,215.4
Nebraska,Female,65-74,3266,1279157,255.3
Nebraska,Male,65-74,5744,1132571,507.2
Nebraska,Female,75-84,8241,929969,886.2
Nebraska,Male,75-84,9923,669056,1483.1
Nebraska,Female,85+,20623,494107,4173.8
Nebraska,Male,85+,11332,229976,4927.5
Nevada,Female,25-34,200,3429815,5.8
Nevada,Male,25-34,485,3625337,13.4
Nevada,Female,35-44,688,3396805,20.3
Nevada,Male,35-44,1675,3605533,46.5
Nevada,Female,45-54,1998,3255177,61.4
Nevada,Male,45-54,5139,3349432,153.4
Nevada,Female,55-64,4360,2776616,157
Nevada,Male,55-64,10433,2705913,385.6
Nevada,Female,65-74,7051,1866549,377.8
Nevada,Male,65-74,13787,1798814,766.4
Nevada,Female,75-84,11031,973483,1133.1
Nevada,Male,75-84,14959,836678,1787.9
Nevada,Female,85+,13907,340454,4084.8
Nevada,Male,85+,9578,197881,4840.3
New Hampshire,Female,25-34,42,1434825,2.9
New Hampshire,Male,25-34,100,1449220,6.9
New Hampshire,Female,35-44,147,1814698,8.1
New Hampshire,Male,35-44,470,1783810,26.3
New Hampshire,Female,45-54,518,1990887,26
New Hampshire,Male,45-54,1738,1962972,88.5
New Hampshire,Female,55-64,1159,1562114,74.2
New Hampshire,Male,55-64,3329,1526712,218.1
New Hampshire,Female,65-74,2476,971132,255
New Hampshire,Male,65-74,4673,893678,522.9
New Hampshire,Female,75-84,6253,619197,1009.9
New Hampshire,Male,75-84,6946,454602,1527.9
New Hampshire,Female,85+,13225,306636,4312.9
New Hampshire,Male,85+,7360,142343,5170.6
New Jersey,Female,25-34,432,10783508,4
New Jersey,Male,25-34,995,10822421,9.2
New Jersey,Female,35-44,1466,12504441,11.7
New Jersey,Male,35-44,3642,12119527,30.1
New Jersey,Female,45-54,4295,12610851,34.1
New Jersey,Male,45-54,11947,11973471,99.8
New Jersey,Female,55-64,9589,9813224,97.7
New Jersey,Male,55-64,21892,8958645,244.4
New Jersey,Female,65-74,20159,6545448,308
New Jersey,Male,65-74,32743,5393861,607
New Jersey,Female,75-84,52209,4580546,1139.8
New Jersey,Male,75-84,54343,3059609,1776.1
New Jersey,Female,85+,108454,2203383,4922.2
New Jersey,Male,85+,56432,997084,5659.7
New Mexico,Female,25-34,91,2402718,3.8
New Mexico,Male,25-34,229,2478451,9.2
New Mexico,Female,35-44,254,2463844,10.3
New Mexico,Male,35-44,786,2424857,32.4
New Mexico,Female,45-54,960,2616183,36.7
New Mexico,Male,45-54,2543,2501139,101.7
New Mexico,Female,55-64,2134,2248925,94.9
New Mexico,Male,55-64,5154,2081008,247.7
New Mexico,Female,65-74,3899,1518469,256.8
New Mexico,Male,65-74,7146,1363237,524.2
New Mexico,Female,75-84,8168,901158,906.4
New Mexico,Male,75-84,9591,708620,1353.5
New Mexico,Female,85+,14511,374699,3872.7
New Mexico,Male,85+,9055,206602,4382.8
New York,Female,25-34,917,26143878,3.5
New York,Male,25-34,2081,25517923,8.2
New York,Female,35-44,3339,26652406,12.5
New York,Male,35-44,8238,25663678,32.1
New York,Female,45-54,10842,26875826,40.3
New York,Male,45-54,27580,25260972,109.2
New York,Female,55-64,25637,21712680,118.1
New York,Male,55-64,54390,19465711,279.4
New York,Female,65-74,53720,14627788,367.2
New York,Male,65-74,81152,11916331,681
New York,Female,75-84,130464,10018056,1302.3
New York,Male,75-84,129176,6683383,1932.8
New York,Female,85+,274734,4913841,5591
New York,Male,85+,135051,2208336,6115.5
North Carolina,Female,25-34,685,11876711,5.8
North Carolina,Male,25-34,1251,11752319,10.6
North Carolina,Female,35-44,2488,12610455,19.7
North Carolina,Male,35-44,5219,12240848,42.6
North Carolina,Female,45-54,6758,12490467,54.1
North Carolina,Male,45-54,16015,11830109,135.4
North Carolina,Female,55-64,13273,10367235,128
North Carolina,Male,55-64,29304,9386375,312.2
North Carolina,Female,65-74,23550,7124666,330.5
North Carolina,Male,65-74,39139,5999196,652.4
North Carolina,Female,75-84,45791,4366801,1048.6
North Carolina,Male,75-84,47796,2947545,1621.6
North Carolina,Female,85+,72869,1856768,3924.5
North Carolina,Male,85+,36597,788861,4639.2
North Dakota,Female,25-34,43,790693,5.4
North Dakota,Male,25-34,81,895100,9
North Dakota,Female,35-44,125,776828,16.1
North Dakota,Male,35-44,299,822659,36.3
North Dakota,Female,45-54,290,855266,33.9
North Dakota,Male,45-54,923,889051,103.8
North Dakota,Female,55-64,611,698882,87.4
North Dakota,Male,55-64,1727,721672,239.3
North Dakota,Female,65-74,1249,481367,259.5
North Dakota,Male,65-74,2498,442115,565
North Dakota,Female,75-84,3029,368012,823.1
North Dakota,Male,75-84,4160,272322,1527.6
North Dakota,Female,85+,8123,210542,3858.1
North Dakota,Male,85+,4789,101266,4729.1
Ohio,Female,25-34,880,13886935,6.3
Ohio,Male,25-34,1706,13818162,12.3
Ohio,Female,35-44,3066,15016265,20.4
Ohio,Male,35-44,6713,14738494,45.5
Ohio,Female,45-54,8747,16000596,54.7
Ohio,Male,45-54,21760,15456421,140.8
Ohio,Female,55-64,18162,13181836,137.8
Ohio,Male,55-64,39540,12294408,321.6
Ohio,Female,65-74,34053,8962774,379.9
Ohio,Male,65-74,52997,7578907,699.3
Ohio,Female,75-84,74811,6207988,1205.1
Ohio,Male,75-84,77454,4226530,1832.6
Ohio,Female,85+,131672,2849732,4620.5
Ohio,Male,85+,69314,1276581,5429.7
Oklahoma,Female,25-34,323,4576096,7.1
Oklahoma,Male,25-34,660,4729399,14
Oklahoma,Female,35-44,1326,4564983,29
Oklahoma,Male,35-44,2659,4595607,57.9
Oklahoma,Female,45-54,3937,4735120,83.1
Oklahoma,Male,45-54,8554,4629285,184.8
Oklahoma,Female,55-64,8113,4032584,201.2
Oklahoma,Male,55-64,16016,3770513,424.8
Oklahoma,Female,65-74,13073,2840660,460.2
Oklahoma,Male,65-74,20585,2459244,837
Oklahoma,Female,75-84,25642,1821314,1407.9
Oklahoma,Male,75-84,26920,1312570,2050.9
Oklahoma,Female,85+,42760,791921,5399.5
Oklahoma,Male,85+,22272,374806,5942.3
Oregon,Female,25-34,137,4780434,2.9
Oregon,Male,25-34,325,4955430,6.6
Oregon,Female,35-44,468,4831344,9.7
Oregon,Male,35-44,1175,4926615,23.9
Oregon,Female,45-54,1432,5074137,28.2
Oregon,Male,45-54,4244,4971828,85.4
Oregon,Female,55-64,3306,4407562,75
Oregon,Male,55-64,8493,4181814,203.1
Oregon,Female,65-74,6637,2889614,229.7
Oregon,Male,65-74,12424,2621053,474
Oregon,Female,75-84,15423,1837317,839.4
Oregon,Male,75-84,19160,1399281,1369.3
Oregon,Female,85+,32953,906561,3634.9
Oregon,Male,85+,21286,470860,4520.7
Pennsylvania,Female,25-34,763,14654596,5.2
Pennsylvania,Male,25-34,1526,14755248,10.3
Pennsylvania,Female,35-44,2631,16273987,16.2
Pennsylvania,Male,35-44,6292,15985560,39.4
Pennsylvania,Female,45-54,8120,17677678,45.9
Pennsylvania,Male,45-54,20915,17139322,122
Pennsylvania,Female,55-64,17829,14740709,121
Pennsylvania,Male,55-64,40517,13793115,293.7
Pennsylvania,Female,65-74,36736,10469192,350.9
Pennsylvania,Male,65-74,59543,8827260,674.5
Pennsylvania,Female,75-84,93064,7825090,1189.3
Pennsylvania,Male,75-84,96363,5280889,1824.7
Pennsylvania,Female,85+,178395,3801772,4692.4
Pennsylvania,Male,85+,93376,1687720,5532.7
Rhode Island,Female,25-34,42,1287596,3.3
Rhode Island,Male,25-34,101,1273051,7.9
Rhode Island,Female,35-44,157,1419998,11.1
Rhode Island,Male,35-44,495,1362163,36.3
Rhode Island,Female,45-54,463,1504236,30.8
Rhode Island,Male,45-54,1517,1414496,107.2
Rhode Island,Female,55-64,1148,1196297,96
Rhode Island,Male,55-64,2808,1105131,254.1
Rhode Island,Female,65-74,2427,800115,303.3
Rhode Island,Male,65-74,4143,670923,617.5
Rhode Island,Female,75-84,6727,614268,1095.1
Rhode Island,Male,75-84,6849,403700,1696.6
Rhode Island,Female,85+,15847,337148,4700.3
Rhode Island,Male,85+,7747,141568,5472.3
South Carolina,Female,25-34,530,5647128,9.4
South Carolina,Male,25-34,938,5556863,16.9
South Carolina,Female,35-44,1598,5894104,27.1
South Carolina,Male,35-44,3386,5666049,59.8
South Carolina,Female,45-54,4293,6116695,70.2
South Carolina,Male,45-54,9905,5708373,173.5
South Carolina,Female,55-64,8160,5324086,153.3
South Carolina,Male,55-64,17834,4773581,373.6
South Carolina,Female,65-74,13284,3719156,357.2
South Carolina,Male,65-74,21891,3192929,685.6
South Carolina,Female,75-84,23344,2154523,1083.5
South Carolina,Male,75-84,24996,1501877,1664.3
South Carolina,Female,85+,33000,881350,3744.3
South Carolina,Male,85+,17477,379058,4610.6
South Dakota,Female,25-34,47,925307,5.1
South Dakota,Male,25-34,88,985294,8.9
South Dakota,Female,35-44,128,944471,13.6
South Dakota,Male,35-44,350,978326,35.8
South Dakota,Female,45-54,359,1020647,35.2
South Dakota,Male,45-54,1139,1044003,109.1
South Dakota,Female,55-64,805,851578,94.5
South Dakota,Male,55-64,2236,857288,260.8
South Dakota,Female,65-74,1574,587373,268
South Dakota,Male,65-74,3196,541762,589.9
South Dakota,Female,75-84,3776,431053,876
South Dakota,Male,75-84,4918,324522,1515.5
South Dakota,Female,85+,9533,240888,3957.4
South Dakota,Male,85+,5570,113151,4922.6
Tennessee,Female,25-34,678,7936610,8.5
Tennessee,Male,25-34,1367,7845327,17.4
Tennessee,Female,35-44,2267,8335503,27.2
Tennessee,Male,35-44,4992,8114500,61.5
Tennessee,Female,45-54,6724,8520495,78.9
Tennessee,Male,45-54,14843,8096785,183.3
Tennessee,Female,55-64,12589,7146853,176.1
Tennessee,Male,55-64,25923,6576931,394.2
Tennessee,Female,65-74,20312,4903589,414.2
Tennessee,Male,65-74,32742,4206179,778.4
Tennessee,Female,75-84,38547,3018814,1276.9
Tennessee,Male,75-84,38029,2041026,1863.2
Tennessee,Female,85+,59587,1281928,4648.2
Tennessee,Male,85+,29118,546717,5326
Texas,Female,25-34,1706,33306520,5.1
Texas,Male,25-34,3422,34138863,10
Texas,Female,35-44,5640,32953325,17.1
Texas,Male,35-44,12228,32909191,37.2
Texas,Female,45-54,15802,30620196,51.6
Texas,Male,45-54,37373,30074006,124.3
Texas,Female,55-64,31782,23354187,136.1
Texas,Male,55-64,68204,21910688,311.3
Texas,Female,65-74,52578,14928082,352.2
Texas,Male,65-74,85939,12935877,664.3
Texas,Female,75-84,100949,9009694,1120.4
Texas,Male,75-84,108807,6465109,1683
Texas,Female,85+,161890,3811624,4247.3
Texas,Male,85+,89455,1837590,4868.1
Utah,Female,25-34,137,3751578,3.7
Utah,Male,25-34,247,3923457,6.3
Utah,Female,35-44,296,3131465,9.5
Utah,Male,35-44,704,3240288,21.7
Utah,Female,45-54,743,2733577,27.2
Utah,Male,45-54,2065,2736433,75.5
Utah,Female,55-64,1568,2118365,74
Utah,Male,55-64,3819,2044160,186.8
Utah,Female,65-74,3139,1359602,230.9
Utah,Male,65-74,5076,1231495,412.2
Utah,Female,75-84,7873,833462,944.6
Utah,Male,75-84,8725,665691,1310.7
Utah,Female,85+,14523,347719,4176.6
Utah,Male,85+,9552,202336,4720.9
Vermont,Female,25-34,23,673100,3.4
Vermont,Male,25-34,41,668939,6.1
Vermont,Female,35-44,90,815830,11
Vermont,Male,35-44,221,790110,28
Vermont,Female,45-54,250,938835,26.6
Vermont,Male,45-54,790,905517,87.2
Vermont,Female,55-64,560,779606,71.8
Vermont,Male,55-64,1662,760927,218.4
Vermont,Female,65-74,1274,494210,257.8
Vermont,Male,65-74,2446,454845,537.8
Vermont,Female,75-84,3125,315657,990
Vermont,Male,75-84,3464,232200,1491.8
Vermont,Female,85+,6672,158823,4200.9
Vermont,Male,85+,3686,72222,5103.7
Virginia,Female,25-34,559,10241334,5.5
Virginia,Male,25-34,1037,10348245,10
Virginia,Female,35-44,1791,10946986,16.4
Virginia,Male,35-44,3969,10690025,37.1
Virginia,Female,45-54,5084,11020000,46.1
Virginia,Male,45-54,12139,10537093,115.2
Virginia,Female,55-64,9978,8684752,114.9
Virginia,Male,55-64,21765,8070382,269.7
Virginia,Female,65-74,17771,5579774,318.5
Virginia,Male,65-74,28737,4813026,597.1
Virginia,Female,75-84,35933,3434763,1046.2
Virginia,Male,75-84,37621,2385123,1577.3
Virginia,Female,85+,60246,1508404,3994
Virginia,Male,85+,31547,675949,4667.1
Washington,Female,25-34,304,8588166,3.5
Washington,Male,25-34,639,8968471,7.1
Washington,Female,35-44,950,8805568,10.8
Washington,Male,35-44,2282,8988009,25.4
Washington,Female,45-54,2681,8942860,30
Washington,Male,45-54,7848,8888646,88.3
Washington,Female,55-64,5995,7265504,82.5
Washington,Male,55-64,15294,6991457,218.8
Washington,Female,65-74,11079,4513616,245.5
Washington,Male,65-74,21001,4111433,510.8
Washington,Female,75-84,25083,2799511,896
Washington,Male,75-84,30139,2116227,1424.2
Washington,Female,85+,51143,1371974,3727.7
Washington,Male,85+,32680,701786,4656.7
West Virginia,Female,25-34,160,2081313,7.7
West Virginia,Male,25-34,315,2126256,14.8
West Virginia,Female,35-44,599,2318913,25.8
West Virginia,Male,35-44,1307,2313438,56.5
West Virginia,Female,45-54,1634,2574706,63.5
West Virginia,Male,45-54,4142,2533612,163.5
West Virginia,Female,55-64,3577,2311450,154.8
West Virginia,Male,55-64,7278,2227310,326.8
West Virginia,Female,65-74,7024,1671969,420.1
West Virginia,Male,65-74,10942,1477954,740.3
West Virginia,Female,75-84,15070,1109490,1358.3
West Virginia,Male,75-84,15042,773690,1944.2
West Virginia,Female,85+,23321,456853,5104.7
West Virginia,Male,85+,11833,207418,5704.9
Wisconsin,Female,25-34,241,6599913,3.7
Wisconsin,Male,25-34,555,6854658,8.1
Wisconsin,Female,35-44,910,7267768,12.5
Wisconsin,Male,35-44,2263,7380755,30.7
Wisconsin,Female,45-54,2708,7724769,35.1
Wisconsin,Male,45-54,7780,7763043,100.2
Wisconsin,Female,55-64,5708,6165009,92.6
Wisconsin,Male,55-64,14876,6057412,245.6
Wisconsin,Female,65-74,11402,4086724,279
Wisconsin,Male,65-74,21275,3684764,577.4
Wisconsin,Female,75-84,27744,2869893,966.7
Wisconsin,Male,75-84,33462,2080062,1608.7
Wisconsin,Female,85+,61216,1476922,4144.8
Wisconsin,Male,85+,34797,675252,5153.2
Wyoming,Female,25-34,31,647220,4.8
Wyoming,Male,25-34,68,700548,9.7
Wyoming,Female,35-44,124,652443,19
Wyoming,Male,35-44,233,683882,34.1
Wyoming,Female,45-54,357,732143,48.8
Wyoming,Male,45-54,834,755941,110.3
Wyoming,Female,55-64,613,610207,100.5
Wyoming,Male,55-64,1620,637524,254.1
Wyoming,Female,65-74,1195,378733,315.5
Wyoming,Male,65-74,2109,369704,570.5
Wyoming,Female,75-84,2230,229126,973.3
Wyoming,Male,75-84,2858,185015,1544.7
Wyoming,Female,85+,3858,103848,3715
Wyoming,Male,85+,2492,54975,4533