State_name,State,Gender,Year,Deaths,Population,Crude.Rate,Age_Adjusted_Rate
Alabama,AL,Male,2000,6466,2146504,301.2,375
Alabama,AL,Male,2001,6367,2158138,295,363.5
Alabama,AL,Female,1999,6918,2293259,301.7,247.1
Alabama,AL,Female,2000,6940,2300596,301.7,244.6
Alabama,AL,Female,2001,6840,2309496,296.2,240.6
Alabama,AL,Female,2002,6886,2314370,297.5,242.1
Alabama,AL,Female,2003,6804,2324069,292.8,238.5
Alabama,AL,Female,2004,6470,2337857,276.7,227.3
Alabama,AL,Female,2005,6679,2356423,283.4,231.5
Alabama,AL,Female,2006,6426,2385480,269.4,219.7
Alabama,AL,Female,2007,6018,2407275,250,202.8
Alabama,AL,Female,2008,6106,2430257,251.2,202.7
Alabama,AL,Female,2009,5862,2448159,239.4,192.3
Alabama,AL,Female,2010,5950,2459548,241.9,193.3
Alabama,AL,Female,2011,5867,2473249,237.2,187.4
Alabama,AL,Female,2012,5831,2483466,234.8,182.8
Alabama,AL,Female,2013,5910,2488375,237.5,182.8
Alabama,AL,Female,2014,5998,2499410,240,182.5
Alabama,AL,Female,2015,6190,2505795,247,185.7
Alabama,AL,Female,2016,6020,2507714,240.1,177.8
Alabama,AL,Female,2017,6036,2514911,240,175.5
Alabama,AL,Male,1999,6501,2136882,304.2,380.5
Alabama,AL,Male,2013,6562,2345347,279.8,285.9
Alabama,AL,Male,2014,6463,2349967,275,277.5
Alabama,AL,Male,2002,6311,2165719,291.4,356.8
Alabama,AL,Male,2003,6346,2179422,291.2,354.3
Alabama,AL,Male,2004,6304,2192872,287.5,345.3
Alabama,AL,Male,2005,6190,2213382,279.7,331.8
Alabama,AL,Male,2006,6157,2243501,274.4,318.1
Alabama,AL,Male,2007,5908,2265565,260.8,299.3
Alabama,AL,Male,2008,5968,2287949,260.8,295.9
Alabama,AL,Male,2009,6159,2309779,266.6,298.7
Alabama,AL,Male,2010,6133,2320188,264.3,290.5
Alabama,AL,Male,2011,6075,2329491,260.8,280.6
Alabama,AL,Male,2012,6205,2338557,265.3,278.7
Alabama,AL,Male,2017,7074,2359836,299.8,283
Alabama,AL,Male,2015,6791,2353184,288.6,286.9
Alabama,AL,Male,2016,6812,2355586,289.2,280
Alaska,AK,Male,2003,370,335380,110.3,232.6
Alaska,AK,Male,2002,370,332704,111.2,226.5
Alaska,AK,Female,1999,235,301266,78,164.7
Alaska,AK,Female,2000,257,302820,84.9,176.8
Alaska,AK,Female,2001,235,305579,76.9,143.6
Alaska,AK,Female,2002,197,309633,63.6,118.9
Alaska,AK,Female,2003,256,313034,81.8,148.2
Alaska,AK,Female,2004,229,317807,72.1,124.3
Alaska,AK,Female,2005,237,320920,73.9,124.3
Alaska,AK,Female,2006,266,325121,81.8,135.8
Alaska,AK,Female,2007,249,327138,76.1,124.5
Alaska,AK,Female,2008,259,329412,78.6,118
Alaska,AK,Female,2009,272,337002,80.7,121.6
Alaska,AK,Female,2010,266,340603,78.1,112.1
Alaska,AK,Female,2011,258,347526,74.2,106.5
Alaska,AK,Female,2012,260,350211,74.2,101.1
Alaska,AK,Female,2013,253,349564,72.4,95.4
Alaska,AK,Female,2014,293,349436,83.8,109
Alaska,AK,Female,2015,324,349407,92.7,117.7
Alaska,AK,Female,2016,300,353762,84.8,103.4
Alaska,AK,Female,2017,298,353003,84.4,99.4
Alaska,AK,Male,1999,328,323513,101.4,233.5
Alaska,AK,Male,2000,350,324112,108,251.3
Alaska,AK,Male,2001,368,328135,112.1,246.7
Alaska,AK,Male,2014,489,387296,126.3,188.3
Alaska,AK,Male,2015,522,389025,134.2,193.3
Alaska,AK,Male,2016,531,388132,136.8,181.6
Alaska,AK,Male,2004,360,341479,105.4,198.7
Alaska,AK,Male,2005,390,346026,112.7,213.3
Alaska,AK,Male,2006,379,350181,108.2,210.6
Alaska,AK,Male,2007,364,353162,103.1,182.9
Alaska,AK,Male,2008,375,358043,104.7,185.8
Alaska,AK,Male,2009,442,361893,122.1,201
Alaska,AK,Male,2010,441,369628,119.3,197.1
Alaska,AK,Male,2011,481,375192,128.2,199.8
Alaska,AK,Male,2012,448,381238,117.5,175.9
Alaska,AK,Male,2013,453,385568,117.5,179.8
Alaska,AK,Male,2017,516,386792,133.4,172.5
Arizona,AZ,Male,2004,5626,2816798,199.7,234.7
Arizona,AZ,Male,2005,5902,2908266,202.9,235.8
Arizona,AZ,Male,2006,5712,3003007,190.2,217.7
Arizona,AZ,Female,1999,5017,2518299,199.2,176.9
Arizona,AZ,Female,2000,4876,2569575,189.8,168.2
Arizona,AZ,Female,2001,4938,2641676,186.9,165.5
Arizona,AZ,Female,2002,5003,2704217,185,164.4
Arizona,AZ,Female,2003,5091,2764077,184.2,162.5
Arizona,AZ,Female,2004,4913,2835606,173.3,152.7
Arizona,AZ,Female,2005,5064,2930811,172.8,152
Arizona,AZ,Female,2006,4895,3026134,161.8,141.5
Arizona,AZ,Female,2007,4730,3096998,152.7,132.6
Arizona,AZ,Female,2008,4637,3155278,147,126.2
Arizona,AZ,Female,2009,4632,3189908,145.2,122.5
Arizona,AZ,Female,2010,4452,3216194,138.4,114.4
Arizona,AZ,Female,2011,4762,3258634,146.1,117.2
Arizona,AZ,Female,2012,4740,3294772,143.9,113
Arizona,AZ,Female,2013,4667,3331505,140.1,107.7
Arizona,AZ,Female,2014,4756,3387637,140.4,106.2
Arizona,AZ,Female,2015,5026,3436575,146.3,108
Arizona,AZ,Female,2016,5165,3488176,148.1,107
Arizona,AZ,Female,2017,5351,3527969,151.7,109.8
Arizona,AZ,Male,1999,5783,2505524,230.8,279.2
Arizona,AZ,Male,2000,5708,2561057,222.9,270.9
Arizona,AZ,Male,2001,5650,2631801,214.7,258.2
Arizona,AZ,Male,2002,5849,2692038,217.3,261.3
Arizona,AZ,Male,2003,5796,2746287,211,249.9
Arizona,AZ,Male,2009,5641,3153246,178.9,195.1
Arizona,AZ,Male,2010,5502,3175823,173.2,184.5
Arizona,AZ,Male,2007,5572,3070683,181.5,205.2
Arizona,AZ,Male,2008,5748,3125084,183.9,205.3
Arizona,AZ,Male,2013,6088,3295119,184.8,179.9
Arizona,AZ,Male,2014,6049,3343847,180.9,171.1
Arizona,AZ,Male,2011,5900,3223871,183,189.1
Arizona,AZ,Male,2012,5949,3258483,182.6,183.6
Arizona,AZ,Male,2017,7047,3488301,202,178.4
Arizona,AZ,Male,2015,6432,3391490,189.7,174.1
Arizona,AZ,Male,2016,6792,3442895,197.3,175.8
Arkansas,AR,Male,2008,3829,1410334,271.5,290.4
Arkansas,AR,Male,2007,3617,1397292,258.9,279.6
Arkansas,AR,Female,1999,4227,1359445,310.9,233.2
Arkansas,AR,Female,2000,4233,1368707,309.3,231.3
Arkansas,AR,Female,2001,4238,1376845,307.8,231
Arkansas,AR,Female,2002,4171,1383239,301.5,228.1
Arkansas,AR,Female,2003,3924,1391523,282,212.6
Arkansas,AR,Female,2004,3850,1403048,274.4,209.8
Arkansas,AR,Female,2005,3771,1418295,265.9,203
Arkansas,AR,Female,2006,3687,1438428,256.3,196.5
Arkansas,AR,Female,2007,3597,1451358,247.8,188.5
Arkansas,AR,Female,2008,3687,1464220,251.8,192
Arkansas,AR,Female,2009,3486,1475013,236.3,180.5
Arkansas,AR,Female,2010,3448,1484281,232.3,176.1
Arkansas,AR,Female,2011,3394,1495200,227,170.7
Arkansas,AR,Female,2012,3493,1500641,232.8,175.5
Arkansas,AR,Female,2013,3517,1505782,233.6,174.5
Arkansas,AR,Female,2014,3435,1509053,227.6,169.8
Arkansas,AR,Female,2015,3664,1515348,241.8,177.9
Arkansas,AR,Female,2016,3717,1520375,244.5,177.6
Arkansas,AR,Female,2017,3809,1528215,249.2,178.9
Arkansas,AR,Male,1999,4088,1292415,316.3,360.8
Arkansas,AR,Male,2000,4045,1304693,310,352.1
Arkansas,AR,Male,2001,4025,1314726,306.1,344.5
Arkansas,AR,Male,2002,4159,1322688,314.4,356.5
Arkansas,AR,Male,2003,3862,1333293,289.7,324.8
Arkansas,AR,Male,2004,3684,1346638,273.6,305.6
Arkansas,AR,Male,2005,3804,1362802,279.1,308
Arkansas,AR,Male,2006,3744,1383333,270.7,294.1
Arkansas,AR,Male,2011,3774,1442779,261.6,265
Arkansas,AR,Male,2012,3914,1448490,270.2,270.9
Arkansas,AR,Male,2009,3809,1421830,267.9,281.8
Arkansas,AR,Male,2010,3826,1431637,267.2,279.8
Arkansas,AR,Male,2015,4274,1462856,292.2,276.6
Arkansas,AR,Male,2016,4373,1467873,297.9,278.7
Arkansas,AR,Male,2013,3860,1453591,265.5,260.8
Arkansas,AR,Male,2014,4146,1457316,284.5,274
Arkansas,AR,Male,2017,4461,1476064,302.2,277.8
California,CA,Male,2009,30836,18378154,167.8,208.4
California,CA,Male,2010,30485,18517830,164.6,201.8
California,CA,Female,1999,36823,16800161,219.2,215.4
California,CA,Female,2000,34560,16996756,203.3,197.5
California,CA,Female,2001,34828,17294223,201.4,194.8
California,CA,Female,2002,34582,17498462,197.6,190.4
California,CA,Female,2003,34348,17709509,194,185.2
California,CA,Female,2004,32482,17871415,181.8,173
California,CA,Female,2005,32204,17996230,178.9,167
California,CA,Female,2006,31811,18097471,175.8,161.9
California,CA,Female,2007,30321,18214926,166.5,150.7
California,CA,Female,2008,29570,18396972,160.7,143.4
California,CA,Female,2009,28370,18583075,152.7,133.9
California,CA,Female,2010,28156,18736126,150.3,129.9
California,CA,Female,2011,28443,18943585,150.1,126.7
California,CA,Female,2012,27869,19122866,145.7,120.6
California,CA,Female,2013,28114,19268325,145.9,119.2
California,CA,Female,2014,26920,19533596,137.8,111
California,CA,Female,2015,28348,19701750,143.9,114.1
California,CA,Female,2016,28246,19756656,143,111.6
California,CA,Female,2017,28781,19889100,144.7,111.4
California,CA,Male,1999,35107,16699043,210.2,311
California,CA,Male,2000,33866,16874892,200.7,294.8
California,CA,Male,2001,33406,17185235,194.4,283.5
California,CA,Male,2002,34215,17373381,196.9,281.6
California,CA,Male,2003,34516,17543650,196.7,276.1
California,CA,Male,2004,32517,17703161,183.7,255.1
California,CA,Male,2005,32712,17831713,183.4,248.4
California,CA,Male,2006,33060,17923731,184.4,245.4
California,CA,Male,2007,31369,18035385,173.9,225.5
California,CA,Male,2008,31139,18207365,171,217.1
California,CA,Male,2012,31502,18918564,166.5,194.3
California,CA,Male,2013,32185,19064196,168.8,192.8
California,CA,Male,2014,31269,19268904,162.3,180.5
California,CA,Male,2011,31329,18748327,167.1,199.5
California,CA,Male,2016,33327,19493361,171,182
California,CA,Male,2017,34016,19647553,173.1,181.2
California,CA,Male,2015,32941,19443068,169.4,184.5
Colorado,CO,Male,2013,3439,2646446,129.9,155.6
Colorado,CO,Male,2011,3261,2567195,127,160.9
Colorado,CO,Male,2012,3351,2603705,128.7,158.6
Colorado,CO,Female,1999,3184,2101358,151.5,159.2
Colorado,CO,Female,2000,3084,2135278,144.4,151.7
Colorado,CO,Female,2001,3156,2195705,143.7,151.4
Colorado,CO,Female,2002,3105,2228665,139.3,146.1
Colorado,CO,Female,2003,3219,2253214,142.9,147.5
Colorado,CO,Female,2004,2899,2274511,127.5,130
Colorado,CO,Female,2005,3012,2308238,130.5,131.2
Colorado,CO,Female,2006,3012,2352960,128,126
Colorado,CO,Female,2007,2907,2396433,121.3,118.1
Colorado,CO,Female,2008,2921,2439060,119.8,115
Colorado,CO,Female,2009,2834,2480710,114.2,107.6
Colorado,CO,Female,2010,2865,2508534,114.2,106.9
Colorado,CO,Female,2011,2916,2549601,114.4,104.7
Colorado,CO,Female,2012,2960,2583877,114.6,101.6
Colorado,CO,Female,2013,3017,2621921,115.1,100.7
Colorado,CO,Female,2014,3140,2664707,117.8,102.5
Colorado,CO,Female,2015,3159,2712811,116.4,100.2
Colorado,CO,Female,2016,3191,2754727,115.8,99.4
Colorado,CO,Female,2017,3197,2784821,114.8,97.4
Colorado,CO,Male,1999,3236,2124660,152.3,242.6
Colorado,CO,Male,2000,3100,2165983,143.1,230.4
Colorado,CO,Male,2001,3137,2229982,140.7,224.2
Colorado,CO,Male,2002,3320,2261741,146.8,232.8
Colorado,CO,Male,2003,3280,2275518,144.1,222.3
Colorado,CO,Male,2004,3180,2300502,138.2,207.8
Colorado,CO,Male,2005,3295,2323650,141.8,209.2
Colorado,CO,Male,2006,3112,2367463,131.4,186
Colorado,CO,Male,2007,3199,2407435,132.9,184.1
Colorado,CO,Male,2008,3197,2450670,130.5,177.9
Colorado,CO,Male,2009,3259,2491485,130.8,172.5
Colorado,CO,Male,2010,3173,2520662,125.9,164.4
Colorado,CO,Male,2016,4086,2785818,146.7,167
Colorado,CO,Male,2017,3863,2822333,136.9,153.1
Colorado,CO,Male,2014,3760,2691159,139.7,164.3
Colorado,CO,Male,2015,3850,2743763,140.3,162.9
Connecticut,CT,Male,2014,3518,1754549,200.5,186.5
Connecticut,CT,Male,2015,3590,1751747,204.9,186.6
Connecticut,CT,Female,1999,4866,1747148,278.5,195.1
Connecticut,CT,Female,2000,4697,1756246,267.4,186.2
Connecticut,CT,Female,2001,4562,1768959,257.9,178.2
Connecticut,CT,Female,2002,4670,1780500,262.3,177
Connecticut,CT,Female,2003,4467,1793468,249.1,167
Connecticut,CT,Female,2004,4108,1798078,228.5,152.9
Connecticut,CT,Female,2005,4024,1802068,223.3,145.9
Connecticut,CT,Female,2006,3949,1807675,218.5,142.4
Connecticut,CT,Female,2007,3797,1811617,209.6,135.1
Connecticut,CT,Female,2008,3837,1820749,210.7,134.2
Connecticut,CT,Female,2009,3701,1828779,202.4,128.9
Connecticut,CT,Female,2010,3696,1834483,201.5,126.5
Connecticut,CT,Female,2011,3679,1835893,200.4,124.4
Connecticut,CT,Female,2012,3693,1840431,200.7,124.3
Connecticut,CT,Female,2013,3541,1841929,192.2,117.1
Connecticut,CT,Female,2014,3500,1842128,190,115.3
Connecticut,CT,Female,2015,3615,1839139,196.6,118
Connecticut,CT,Female,2016,3472,1830837,189.6,113.5
Connecticut,CT,Female,2017,3530,1836384,192.2,113.4
Connecticut,CT,Male,1999,4261,1639253,259.9,300.4
Connecticut,CT,Male,2000,4296,1649319,260.5,297
Connecticut,CT,Male,2001,4020,1663876,241.6,272.1
Connecticut,CT,Male,2002,4145,1678249,247,274.7
Connecticut,CT,Male,2003,3922,1690868,232,254.3
Connecticut,CT,Male,2004,3760,1698016,221.4,240.8
Connecticut,CT,Male,2005,3626,1704888,212.7,227.1
Connecticut,CT,Male,2006,3541,1709785,207.1,218
Connecticut,CT,Male,2007,3492,1715653,203.5,210.7
Connecticut,CT,Male,2008,3518,1724830,204,207.5
Connecticut,CT,Male,2009,3404,1733028,196.4,196.4
Connecticut,CT,Male,2010,3431,1739614,197.2,194.7
Connecticut,CT,Male,2011,3527,1744816,202.1,196.6
Connecticut,CT,Male,2012,3589,1749916,205.1,195.4
Connecticut,CT,Male,2013,3549,1754151,202.3,190.1
Connecticut,CT,Male,2016,3579,1745615,205,184.5
Connecticut,CT,Male,2017,3608,1751800,206,178.5
Delaware,DE,Male,2016,1094,460670,237.5,211.9
Delaware,DE,Male,2017,1068,465514,229.4,197.1
Delaware,DE,Female,1999,1043,398732,261.6,227
Delaware,DE,Female,2000,990,403059,245.6,210.8
Delaware,DE,Female,2001,1054,409349,257.5,220.2
Delaware,DE,Female,2002,997,414652,240.4,202.9
Delaware,DE,Female,2003,1020,420802,242.4,202.8
Delaware,DE,Female,2004,982,427320,229.8,191
Delaware,DE,Female,2005,1044,435227,239.9,195.7
Delaware,DE,Female,2006,926,442766,209.1,169.2
Delaware,DE,Female,2007,905,449398,201.4,161.1
Delaware,DE,Female,2008,859,455481,188.6,148.2
Delaware,DE,Female,2009,888,459795,193.1,149.3
Delaware,DE,Female,2010,855,462995,184.7,141.2
Delaware,DE,Female,2011,840,467299,179.8,136.9
Delaware,DE,Female,2012,871,472734,184.2,138
Delaware,DE,Female,2013,900,477802,188.4,137.6
Delaware,DE,Female,2014,902,482925,186.8,135.7
Delaware,DE,Female,2015,893,488125,182.9,130.4
Delaware,DE,Female,2016,880,491395,179.1,123.2
Delaware,DE,Female,2017,922,496425,185.7,127.3
Delaware,DE,Male,1999,968,376258,257.3,326
Delaware,DE,Male,2000,993,380541,260.9,330.2
Delaware,DE,Male,2001,979,386350,253.4,314.1
Delaware,DE,Male,2002,921,391517,235.2,286.2
Delaware,DE,Male,2003,1007,397201,253.5,301
Delaware,DE,Male,2004,1033,403483,256,299.1
Delaware,DE,Male,2005,987,409923,240.8,279.1
Delaware,DE,Male,2006,940,416502,225.7,254.4
Delaware,DE,Male,2007,1009,422351,238.9,260.6
Delaware,DE,Male,2008,918,428393,214.3,234.2
Delaware,DE,Male,2009,908,431935,210.2,222.1
Delaware,DE,Male,2010,921,434939,211.8,220.7
Delaware,DE,Male,2011,969,439836,220.3,224.3
Delaware,DE,Male,2012,919,444358,206.8,206.9
Delaware,DE,Male,2013,961,447947,214.5,205
Delaware,DE,Male,2014,1019,452689,225.1,211.6
Delaware,DE,Male,2015,1047,457809,228.7,209.3
Florida,FL,Female,1999,25719,8073847,318.5,202.7
Florida,FL,Female,2000,25058,8184663,306.2,194.3
Florida,FL,Female,2001,25145,8372776,300.3,192.7
Florida,FL,Female,2002,24036,8541734,281.4,182.6
Florida,FL,Female,2003,23461,8697573,269.7,175.7
Florida,FL,Female,2004,22858,8902447,256.8,168.5
Florida,FL,Female,2005,22265,9117950,244.2,160.5
Florida,FL,Female,2006,21166,9280080,228.1,150.1
Florida,FL,Female,2007,20013,9378587,213.4,139.6
Florida,FL,Female,2008,19825,9465279,209.4,134.9
Florida,FL,Female,2009,18928,9534289,198.5,126.2
Florida,FL,Female,2010,19111,9611955,198.8,124.9
Florida,FL,Female,2011,18781,9736166,192.9,118.3
Florida,FL,Female,2012,19429,9869741,196.9,119.2
Florida,FL,Female,2013,19466,9990213,194.9,115.4
Florida,FL,Female,2014,20245,10170011,199.1,116.9
Florida,FL,Female,2015,20448,10368733,197.2,114.7
Florida,FL,Female,2016,20757,10542288,196.9,113.9
Florida,FL,Female,2017,20582,10727581,191.9,111.6
Florida,FL,Male,1999,25715,7685574,334.6,302.6
Florida,FL,Male,2000,25278,7797715,324.2,292.8
Florida,FL,Male,2001,25484,7984190,319.2,289
Florida,FL,Male,2002,25199,8147636,309.3,279.8
Florida,FL,Male,2003,24680,8306512,297.1,268.9
Florida,FL,Male,2004,24302,8512871,285.5,257.6
Florida,FL,Male,2005,24014,8724088,275.3,248.5
Florida,FL,Male,2006,23139,8886910,260.4,234.1
Florida,FL,Male,2007,22241,8989255,247.4,219.9
Florida,FL,Male,2008,22242,9062026,245.4,214.3
Florida,FL,Male,2009,22346,9118355,245.1,210.1
Florida,FL,Male,2010,22626,9189355,246.2,208.6
Florida,FL,Male,2011,22138,9321376,237.5,195.8
Florida,FL,Male,2012,22696,9447827,240.2,194
Florida,FL,Male,2013,23190,9562647,242.5,191.3
Florida,FL,Male,2014,24266,9723286,249.6,192.7
Florida,FL,Male,2015,24993,9902539,252.4,191.9
Florida,FL,Male,2016,24902,10070151,247.3,184.7
Florida,FL,Male,2017,25858,10256819,252.1,186.2
Georgia,GA,Female,1999,9021,4096031,220.2,231.4
Georgia,GA,Female,2000,8910,4159340,214.2,226.3
Georgia,GA,Female,2001,8979,4256162,211,224.3
Georgia,GA,Female,2002,8865,4327934,204.8,218
Georgia,GA,Female,2003,8628,4394952,196.3,208.8
Georgia,GA,Female,2004,8178,4463524,183.2,195.1
Georgia,GA,Female,2005,8374,4555263,183.8,194.2
Georgia,GA,Female,2006,8014,4670606,171.6,179.1
Georgia,GA,Female,2007,7853,4777572,164.4,170.8
Georgia,GA,Female,2008,7702,4856984,158.6,163.2
Georgia,GA,Female,2009,7702,4917756,156.6,159.1
Georgia,GA,Female,2010,7626,4958482,153.8,154.7
Georgia,GA,Female,2011,7541,5012403,150.4,147.7
Georgia,GA,Female,2012,7543,5068921,148.8,143.7
Georgia,GA,Female,2013,7643,5110806,149.5,141.4
Georgia,GA,Female,2014,7960,5170356,154,143.7
Georgia,GA,Female,2015,8253,5234978,157.7,144.4
Georgia,GA,Female,2016,8363,5289906,158.1,142.9
Georgia,GA,Female,2017,8259,5353872,154.3,137.2
Georgia,GA,Male,1999,8576,3949934,217.1,355.9
Georgia,GA,Male,2000,8496,4027113,211,346.2
Georgia,GA,Male,2001,8499,4120876,206.2,336.8
Georgia,GA,Male,2002,8664,4180322,207.3,332.5
Georgia,GA,Male,2003,8560,4227841,202.5,321.2
Georgia,GA,Male,2004,8379,4305728,194.6,301.5
Georgia,GA,Male,2005,8407,4370659,192.4,293
Georgia,GA,Male,2006,8464,4485207,188.7,281
Georgia,GA,Male,2007,8331,4572416,182.2,268.6
Georgia,GA,Male,2008,8019,4647859,172.5,247.5
Georgia,GA,Male,2009,8463,4703090,179.9,251.7
Georgia,GA,Male,2010,8361,4729171,176.8,242.4
Georgia,GA,Male,2011,8232,4802807,171.4,229.1
Georgia,GA,Male,2012,8282,4851024,170.7,221.7
Georgia,GA,Male,2013,8907,4881361,182.5,226.7
Georgia,GA,Male,2014,9147,4926987,185.7,226.4
Georgia,GA,Male,2015,9516,4979882,191.1,226.1
Georgia,GA,Male,2016,9780,5020465,194.8,224.9
Georgia,GA,Male,2017,10130,5075507,199.6,225.6
Hawaii,HI,Female,1999,973,601830,161.7,147.5
Hawaii,HI,Female,2000,1001,602866,166,147.2
Hawaii,HI,Female,2001,1003,609189,164.6,140.9
Hawaii,HI,Female,2002,1051,616192,170.6,142.5
Hawaii,HI,Female,2003,1038,623753,166.4,134.6
Hawaii,HI,Female,2004,1030,636864,161.7,128.9
Hawaii,HI,Female,2005,1016,644813,157.6,122.2
Hawaii,HI,Female,2006,913,652351,140,107.2
Hawaii,HI,Female,2007,944,657185,143.6,107
Hawaii,HI,Female,2008,979,665313,147.1,107.4
Hawaii,HI,Female,2009,1000,673075,148.6,104.7
Hawaii,HI,Female,2010,923,679058,135.9,93.3
Hawaii,HI,Female,2011,1000,685005,146,96.2
Hawaii,HI,Female,2012,1051,690348,152.2,98.2
Hawaii,HI,Female,2013,1091,694440,157.1,100.4
Hawaii,HI,Female,2014,1091,701462,155.5,96.4
Hawaii,HI,Female,2015,1144,706231,162,98.4
Hawaii,HI,Female,2016,1087,710942,152.9,90.5
Hawaii,HI,Female,2017,1085,711451,152.5,90.6
Hawaii,HI,Male,1999,1437,608470,236.2,265.7
Hawaii,HI,Male,2000,1389,608671,228.2,252.3
Hawaii,HI,Male,2001,1307,616759,211.9,231.2
Hawaii,HI,Male,2002,1461,623421,234.4,252.7
Hawaii,HI,Male,2003,1423,627401,226.8,240.5
Hawaii,HI,Male,2004,1427,636705,224.1,235.8
Hawaii,HI,Male,2005,1303,647916,201.1,207.6
Hawaii,HI,Male,2006,1331,657380,202.5,207.6
Hawaii,HI,Male,2007,1283,658490,194.8,196
Hawaii,HI,Male,2008,1334,666900,200,198.3
Hawaii,HI,Male,2009,1363,673642,202.3,197.8
Hawaii,HI,Male,2010,1316,681243,193.2,185.6
Hawaii,HI,Male,2011,1312,689805,190.2,176.5
Hawaii,HI,Male,2012,1379,701965,196.4,180.9
Hawaii,HI,Male,2013,1430,709614,201.5,186.5
Hawaii,HI,Male,2014,1437,718099,200.1,184.1
Hawaii,HI,Male,2015,1461,725372,201.4,180.3
Hawaii,HI,Male,2016,1401,717615,195.2,169.9
Hawaii,HI,Male,2017,1490,716087,208.1,176
Idaho,ID,Female,1999,1144,636798,179.6,166.9
Idaho,ID,Female,2000,1211,645293,187.7,172.7
Idaho,ID,Female,2001,1162,658043,176.6,162
Idaho,ID,Female,2002,1211,668686,181.1,165.4
Idaho,ID,Female,2003,1209,679877,177.8,159.7
Idaho,ID,Female,2004,1183,693186,170.7,154.7
Idaho,ID,Female,2005,1162,711983,163.2,147.1
Idaho,ID,Female,2006,1112,732104,151.9,135.9
Idaho,ID,Female,2007,1122,750127,149.6,133.1
Idaho,ID,Female,2008,1117,764792,146.1,129.8
Idaho,ID,Female,2009,1071,775398,138.1,120
Idaho,ID,Female,2010,1130,782258,144.5,123.4
Idaho,ID,Female,2011,1112,791358,140.5,118.4
Idaho,ID,Female,2012,1105,797116,138.6,115.2
Idaho,ID,Female,2013,1137,805052,141.2,116.6
Idaho,ID,Female,2014,1204,815968,147.6,121.4
Idaho,ID,Female,2015,1265,826183,153.1,123.4
Idaho,ID,Female,2016,1319,839608,157.1,125.7
Idaho,ID,Female,2017,1346,856485,157.2,127.5
Idaho,ID,Male,1999,1388,638876,217.3,292.1
Idaho,ID,Male,2000,1308,648660,201.6,266.5
Idaho,ID,Male,2001,1327,661919,200.5,264.8
Idaho,ID,Male,2002,1321,671686,196.7,255.5
Idaho,ID,Male,2003,1357,683503,198.5,252.4
Idaho,ID,Male,2004,1267,698616,181.4,227.4
Idaho,ID,Male,2005,1288,716258,179.8,226
Idaho,ID,Male,2006,1287,736565,174.7,213.1
Idaho,ID,Male,2007,1311,754978,173.6,209.3
Idaho,ID,Male,2008,1213,769528,157.6,190
Idaho,ID,Male,2009,1327,779041,170.3,198.7
Idaho,ID,Male,2010,1365,785324,173.8,201.7
Idaho,ID,Male,2011,1410,793627,177.7,200.3
Idaho,ID,Male,2012,1410,798612,176.6,193.9
Idaho,ID,Male,2013,1358,807084,168.3,178.8
Idaho,ID,Male,2014,1472,818496,179.8,189.6
Idaho,ID,Male,2015,1560,828747,188.2,194.7
Idaho,ID,Male,2016,1650,843532,195.6,199.2
Idaho,ID,Male,2017,1738,860458,202,203.4
Illinois,IL,Female,1999,17220,6313350,272.8,224.3
Illinois,IL,Female,2000,16571,6338957,261.4,213.8
Illinois,IL,Female,2001,16424,6370443,257.8,210.6
Illinois,IL,Female,2002,15843,6387897,248,201.7
Illinois,IL,Female,2003,15464,6402859,241.5,195.5
Illinois,IL,Female,2004,14569,6414209,227.1,182.7
Illinois,IL,Female,2005,14419,6423831,224.5,178.3
Illinois,IL,Female,2006,13789,6440022,214.1,169.1
Illinois,IL,Female,2007,13031,6467577,201.5,157.9
Illinois,IL,Female,2008,13234,6493537,203.8,158.9
Illinois,IL,Female,2009,12372,6520723,189.7,147.2
Illinois,IL,Female,2010,12187,6538356,186.4,143
Illinois,IL,Female,2011,12241,6555063,186.7,141.2
Illinois,IL,Female,2012,11882,6555800,181.2,135.2
Illinois,IL,Female,2013,11943,6555652,182.2,134.4
Illinois,IL,Female,2014,11967,6559694,182.4,133.5
Illinois,IL,Female,2015,12384,6545500,189.2,136.2
Illinois,IL,Female,2016,11953,6509748,183.6,131
Illinois,IL,Female,2017,12029,6509545,184.8,128.3
Illinois,IL,Male,1999,16167,6045670,267.4,355.5
Illinois,IL,Male,2000,15273,6080336,251.2,333.2
Illinois,IL,Male,2001,14566,6118002,238.1,312.1
Illinois,IL,Male,2002,14978,6137659,244,317.6
Illinois,IL,Male,2003,14352,6153147,233.2,297.6
Illinois,IL,Male,2004,13715,6175564,222.1,280.5
Illinois,IL,Male,2005,13807,6186072,223.2,276.8
Illinois,IL,Male,2006,13218,6203933,213.1,260.7
Illinois,IL,Male,2007,12782,6228289,205.2,246.9
Illinois,IL,Male,2008,12844,6253501,205.4,242.8
Illinois,IL,Male,2009,12559,6276055,200.1,231.8
Illinois,IL,Male,2010,12772,6292276,203,232.5
Illinois,IL,Male,2011,12746,6314194,201.9,225.9
Illinois,IL,Male,2012,12785,6319455,202.3,221.3
Illinois,IL,Male,2013,12896,6326483,203.8,218
Illinois,IL,Male,2014,13057,6320886,206.6,216.4
Illinois,IL,Male,2015,13268,6314495,210.1,216.7
Illinois,IL,Male,2016,13060,6291791,207.6,209.6
Illinois,IL,Male,2017,13365,6292478,212.4,208
Indiana,IN,Female,1999,8676,3083351,281.4,231.5
Indiana,IN,Female,2000,8293,3098011,267.7,219.6
Indiana,IN,Female,2001,8044,3120158,257.8,210.1
Indiana,IN,Female,2002,7894,3133342,251.9,205.1
Indiana,IN,Female,2003,7889,3152366,250.3,202.8
Indiana,IN,Female,2004,7359,3168952,232.2,187.9
Indiana,IN,Female,2005,7413,3191481,232.3,186.7
Indiana,IN,Female,2006,7220,3218203,224.3,178.2
Indiana,IN,Female,2007,6854,3241454,211.4,166.7
Indiana,IN,Female,2008,6680,3263963,204.7,159.4
Indiana,IN,Female,2009,6698,3281477,204.1,159.1
Indiana,IN,Female,2010,6576,3294065,199.6,153.9
Indiana,IN,Female,2011,6407,3309937,193.6,147
Indiana,IN,Female,2012,6602,3319144,198.9,149.8
Indiana,IN,Female,2013,6558,3334634,196.7,146.4
Indiana,IN,Female,2014,6532,3347411,195.1,144.7
Indiana,IN,Female,2015,6609,3357815,196.8,144
Indiana,IN,Female,2016,6469,3363491,192.3,140.6
Indiana,IN,Female,2017,6636,3379723,196.3,141.9
Indiana,IN,Male,1999,7985,2961618,269.6,353
Indiana,IN,Male,2000,7917,2982474,265.5,347.4
Indiana,IN,Male,2001,7638,3007602,254,327.8
Indiana,IN,Male,2002,7427,3022625,245.7,312.9
Indiana,IN,Male,2003,7578,3044272,248.9,313.2
Indiana,IN,Male,2004,7277,3064055,237.5,293.8
Indiana,IN,Male,2005,7129,3087135,230.9,284.3
Indiana,IN,Male,2006,7155,3114466,229.7,276.7
Indiana,IN,Male,2007,6828,3138145,217.6,256.9
Indiana,IN,Male,2008,6983,3160843,220.9,256.8
Indiana,IN,Male,2009,6811,3177848,214.3,245.1
Indiana,IN,Male,2010,6812,3189737,213.6,240.4
Indiana,IN,Male,2011,6965,3206985,217.2,238.6
Indiana,IN,Male,2012,7073,3218190,219.8,237.4
Indiana,IN,Male,2013,7215,3236268,222.9,237.7
Indiana,IN,Male,2014,7232,3249444,222.6,232.3
Indiana,IN,Male,2015,7339,3261865,225,230.5
Indiana,IN,Male,2016,7483,3269562,228.9,231.8
Indiana,IN,Male,2017,7809,3287095,237.6,235.7
Iowa,IA,Female,1999,4666,1488223,313.5,194.5
Iowa,IA,Female,2000,4464,1490809,299.4,185.7
Iowa,IA,Female,2001,4320,1492287,289.5,178.2
Iowa,IA,Female,2002,4313,1491450,289.2,176.2
Iowa,IA,Female,2003,4083,1493907,273.3,167.3
Iowa,IA,Female,2004,3716,1498888,247.9,151.8
Iowa,IA,Female,2005,3801,1503019,252.9,155.3
Iowa,IA,Female,2006,3687,1511124,244,148.8
Iowa,IA,Female,2007,3486,1518023,229.6,138.9
Iowa,IA,Female,2008,3810,1525539,249.7,150.6
Iowa,IA,Female,2009,3485,1532739,227.4,137.5
Iowa,IA,Female,2010,3431,1538036,223.1,136.1
Iowa,IA,Female,2011,3420,1544894,221.4,132.8
Iowa,IA,Female,2012,3467,1549698,223.7,133.7
Iowa,IA,Female,2013,3391,1557015,217.8,131.1
Iowa,IA,Female,2014,3204,1564081,204.8,123
Iowa,IA,Female,2015,3303,1571873,210.1,125.4
Iowa,IA,Female,2016,3291,1575574,208.9,125.8
Iowa,IA,Female,2017,3452,1580978,218.3,131
Iowa,IA,Male,1999,4033,1429411,282.1,303.1
Iowa,IA,Male,2000,4095,1435515,285.3,305.7
Iowa,IA,Male,2001,3930,1439710,273,289.5
Iowa,IA,Male,2002,3868,1442784,268.1,280.9
Iowa,IA,Male,2003,3757,1448092,259.4,268.5
Iowa,IA,Male,2004,3583,1454747,246.3,252.2
Iowa,IA,Male,2005,3636,1461435,248.8,253.7
Iowa,IA,Male,2006,3485,1471520,236.8,238.2
Iowa,IA,Male,2007,3394,1481189,229.1,227.8
Iowa,IA,Male,2008,3474,1491195,233,229.8
Iowa,IA,Male,2009,3453,1500131,230.2,224.7
Iowa,IA,Male,2010,3449,1508319,228.7,221.8
Iowa,IA,Male,2011,3316,1517415,218.5,207.6
Iowa,IA,Male,2012,3538,1524488,232.1,217.3
Iowa,IA,Male,2013,3604,1533401,235,216.4
Iowa,IA,Male,2014,3411,1543045,221.1,201.1
Iowa,IA,Male,2015,3510,1552026,226.2,205.6
Iowa,IA,Male,2016,3646,1559119,233.9,209.3
Iowa,IA,Male,2017,3728,1564733,238.3,213.6
Kansas,KS,Female,1999,3654,1356044,269.5,190.8
Kansas,KS,Female,2000,3687,1359944,271.1,191
Kansas,KS,Female,2001,3580,1365966,262.1,185.7
Kansas,KS,Female,2002,3480,1371898,253.7,180
Kansas,KS,Female,2003,3352,1377415,243.4,171.9
Kansas,KS,Female,2004,3061,1382396,221.4,158.2
Kansas,KS,Female,2005,3005,1387958,216.5,152.9
Kansas,KS,Female,2006,3023,1394092,216.8,152.6
Kansas,KS,Female,2007,2970,1405705,211.3,148.2
Kansas,KS,Female,2008,2848,1415563,201.2,141.4
Kansas,KS,Female,2009,2628,1428139,184,130.8
Kansas,KS,Female,2010,2624,1437710,182.5,128.3
Kansas,KS,Female,2011,2653,1445436,183.5,128.3
Kansas,KS,Female,2012,2536,1450624,174.8,123.1
Kansas,KS,Female,2013,2551,1452009,175.7,122
Kansas,KS,Female,2014,2555,1456666,175.4,121.2
Kansas,KS,Female,2015,2683,1458008,184,124.5
Kansas,KS,Female,2016,2665,1459530,182.6,125
Kansas,KS,Female,2017,2705,1461167,185.1,125
Kansas,KS,Male,1999,3321,1322294,251.2,301.7
Kansas,KS,Male,2000,3244,1328474,244.2,292.2
Kansas,KS,Male,2001,3136,1336196,234.7,278.5
Kansas,KS,Male,2002,3200,1341637,238.5,280.7
Kansas,KS,Male,2003,3139,1345589,233.3,270.6
Kansas,KS,Male,2004,2987,1351977,220.9,252.6
Kansas,KS,Male,2005,2955,1357341,217.7,246
Kansas,KS,Male,2006,2826,1368839,206.5,229.1
Kansas,KS,Male,2007,2779,1378080,201.7,221.7
Kansas,KS,Male,2008,2795,1392513,200.7,218.6
Kansas,KS,Male,2009,2666,1404565,189.8,204.4
Kansas,KS,Male,2010,2809,1415408,198.5,212.3
Kansas,KS,Male,2011,2674,1425802,187.5,195.6
Kansas,KS,Male,2012,2830,1435281,197.2,203.4
Kansas,KS,Male,2013,2813,1441948,195.1,200
Kansas,KS,Male,2014,2924,1447355,202,202
Kansas,KS,Male,2015,2941,1453633,202.3,200.5
Kansas,KS,Male,2016,3007,1447759,207.7,201.5
Kansas,KS,Male,2017,3018,1451956,207.9,198.4
Kentucky,KY,Female,1999,6231,2056401,303,253.9
Kentucky,KY,Female,2000,6196,2066401,299.8,250.1
Kentucky,KY,Female,2001,6085,2076871,293,244.3
Kentucky,KY,Female,2002,5983,2087223,286.6,240.1
Kentucky,KY,Female,2003,5768,2102308,274.4,229.6
Kentucky,KY,Female,2004,5213,2112051,246.8,206.3
Kentucky,KY,Female,2005,5474,2129658,257,212.8
Kentucky,KY,Female,2006,5162,2149096,240.2,197
Kentucky,KY,Female,2007,4893,2164210,226.1,184.6
Kentucky,KY,Female,2008,4906,2183532,224.7,181.4
Kentucky,KY,Female,2009,4699,2193136,214.3,172.4
Kentucky,KY,Female,2010,4580,2204415,207.8,166.8
Kentucky,KY,Female,2011,4636,2219482,208.9,164.9
Kentucky,KY,Female,2012,4652,2222704,209.3,163.5
Kentucky,KY,Female,2013,4618,2231899,206.9,160.3
Kentucky,KY,Female,2014,4567,2240299,203.9,156.7
Kentucky,KY,Female,2015,4583,2245998,204.1,155.6
Kentucky,KY,Female,2016,4744,2250421,210.8,158.9
Kentucky,KY,Female,2017,4673,2259871,206.8,153.6
Kentucky,KY,Male,1999,5867,1961652,299.1,388.9
Kentucky,KY,Male,2000,5740,1975368,290.6,378.1
Kentucky,KY,Male,2001,5723,1991261,287.4,368.6
Kentucky,KY,Male,2002,5713,2002652,285.3,363.6
Kentucky,KY,Male,2003,5551,2014862,275.5,343.9
Kentucky,KY,Male,2004,5252,2034050,258.2,318.2
Kentucky,KY,Male,2005,5308,2053084,258.5,314.2
Kentucky,KY,Male,2006,5191,2070143,250.8,297.7
Kentucky,KY,Male,2007,5023,2092462,240.1,281.5
Kentucky,KY,Male,2008,5155,2106346,244.7,281.7
Kentucky,KY,Male,2009,5029,2123938,236.8,266.5
Kentucky,KY,Male,2010,5082,2134952,238,267.7
Kentucky,KY,Male,2011,5269,2149874,245.1,265.4
Kentucky,KY,Male,2012,5372,2157711,249,263.6
Kentucky,KY,Male,2013,5353,2163396,247.4,256.6
Kentucky,KY,Male,2014,5446,2173158,250.6,255.5
Kentucky,KY,Male,2015,5494,2179094,252.1,250.4
Kentucky,KY,Male,2016,5775,2186553,264.1,257.4
Kentucky,KY,Male,2017,5670,2194318,258.4,248.1
Louisiana,LA,Female,1999,6160,2302744,267.5,249.5
Louisiana,LA,Female,2000,5907,2306073,256.1,236.1
Louisiana,LA,Female,2001,5803,2308063,251.4,231.1
Louisiana,LA,Female,2002,5617,2315524,242.6,222.8
Louisiana,LA,Female,2003,5825,2327153,250.3,229.2
Louisiana,LA,Female,2004,5469,2338753,233.8,214.2
Louisiana,LA,Female,2005,5444,2349441,231.7,209.6
Louisiana,LA,Female,2006,4837,2204072,219.5,194.5
Louisiana,LA,Female,2007,4877,2239125,217.8,192.5
Louisiana,LA,Female,2008,5071,2269630,223.4,196.3
Louisiana,LA,Female,2009,4891,2295199,213.1,187
Louisiana,LA,Female,2010,4913,2314080,212.3,185.3
Louisiana,LA,Female,2011,4675,2336467,200.1,172.3
Louisiana,LA,Female,2012,4698,2349843,199.9,169.7
Louisiana,LA,Female,2013,4804,2361537,203.4,170.6
Louisiana,LA,Female,2014,4902,2375737,206.3,171.6
Louisiana,LA,Female,2015,4933,2386915,206.7,168.8
Louisiana,LA,Female,2016,4989,2392296,208.5,167.8
Louisiana,LA,Female,2017,5153,2394887,215.2,169.6
Louisiana,LA,Male,1999,5847,2158067,270.9,374.3
Louisiana,LA,Male,2000,5722,2162903,264.6,361.5
Louisiana,LA,Male,2001,5671,2169812,261.4,350.9
Louisiana,LA,Male,2002,5568,2181743,255.2,339.8
Louisiana,LA,Male,2003,5715,2193889,260.5,341.5
Louisiana,LA,Male,2004,5383,2213485,243.2,315.9
Louisiana,LA,Male,2005,5564,2227187,249.8,320.4
Louisiana,LA,Male,2006,5189,2098593,247.3,301.8
Louisiana,LA,Male,2007,5070,2136456,237.3,288.3
Louisiana,LA,Male,2008,5276,2165956,243.6,293
Louisiana,LA,Male,2009,5278,2196449,240.3,285.7
Louisiana,LA,Male,2010,5369,2219292,241.9,285.6
Louisiana,LA,Male,2011,5106,2238369,228.1,264.1
Louisiana,LA,Male,2012,5376,2252050,238.7,267.7
Louisiana,LA,Male,2013,5542,2263933,244.8,268.9
Louisiana,LA,Male,2014,5745,2273939,252.6,273.3
Louisiana,LA,Male,2015,5732,2283809,251,265.6
Louisiana,LA,Male,2016,5954,2289370,260.1,270.1
Louisiana,LA,Male,2017,6107,2289446,266.7,271.5
Maine,ME,Female,1999,1800,650598,276.7,195.9
Maine,ME,Female,2000,1751,654614,267.5,188.1
Maine,ME,Female,2001,1730,659657,262.3,182.3
Maine,ME,Female,2002,1596,664226,240.3,167.3
Maine,ME,Female,2003,1572,668680,235.1,162
Maine,ME,Female,2004,1531,671862,227.9,156.4
Maine,ME,Female,2005,1471,674104,218.2,150.1
Maine,ME,Female,2006,1345,676157,198.9,133.4
Maine,ME,Female,2007,1348,677797,198.9,131.5
Maine,ME,Female,2008,1372,679413,201.9,129.9
Maine,ME,Female,2009,1298,678694,191.2,123.2
Maine,ME,Female,2010,1266,678305,186.6,119
Maine,ME,Female,2011,1274,678125,187.9,117.1
Maine,ME,Female,2012,1246,678914,183.5,113.6
Maine,ME,Female,2013,1331,678082,196.3,119.5
Maine,ME,Female,2014,1337,678818,197,118.1
Maine,ME,Female,2015,1407,678071,207.5,121.9
Maine,ME,Female,2016,1315,678894,193.7,112.8
Maine,ME,Female,2017,1311,681387,192.4,111.6
Maine,ME,Male,1999,1618,616210,262.6,296.7
Maine,ME,Male,2000,1649,620309,265.8,295.4
Maine,ME,Male,2001,1542,626035,246.3,268.6
Maine,ME,Male,2002,1574,631734,249.2,268.2
Maine,ME,Male,2003,1534,637833,240.5,255.2
Maine,ME,Male,2004,1417,641826,220.8,231.9
Maine,ME,Male,2005,1470,644683,228,233.6
Maine,ME,Male,2006,1470,647462,227,226.2
Maine,ME,Male,2007,1504,649243,231.7,228.2
Maine,ME,Male,2008,1413,651096,217,205.5
Maine,ME,Male,2009,1376,650896,211.4,200.5
Maine,ME,Male,2010,1362,650056,209.5,193.6
Maine,ME,Male,2011,1374,650063,211.4,189.6
Maine,ME,Male,2012,1377,650278,211.8,185.5
Maine,ME,Male,2013,1476,650220,227,193.7
Maine,ME,Male,2014,1439,651271,221,184.2
Maine,ME,Male,2015,1602,651257,246,200.3
Maine,ME,Male,2016,1592,652585,244,193.6
Maine,ME,Male,2017,1533,654520,234.2,183.3
Maryland,MD,Female,1999,6299,2716928,231.8,216.8
Maryland,MD,Female,2000,6449,2738692,235.5,219.3
Maryland,MD,Female,2001,6380,2779864,229.5,212.1
Maryland,MD,Female,2002,6218,2815197,220.9,202.5
Maryland,MD,Female,2003,6233,2843847,219.2,198.8
Maryland,MD,Female,2004,5752,2870043,200.4,180.4
Maryland,MD,Female,2005,5934,2891761,205.2,181.7
Maryland,MD,Female,2006,5767,2907963,198.3,172.7
Maryland,MD,Female,2007,5721,2920109,195.9,167.7
Maryland,MD,Female,2008,5462,2935788,186,155.8
Maryland,MD,Female,2009,5612,2960001,189.6,156.8
Maryland,MD,Female,2010,5495,2981790,184.3,150.5
Maryland,MD,Female,2011,5166,3007715,171.8,137.7
Maryland,MD,Female,2012,5424,3034160,178.8,141.4
Maryland,MD,Female,2013,5409,3054052,177.1,137.9
Maryland,MD,Female,2014,5243,3079989,170.2,131.4
Maryland,MD,Female,2015,5475,3095316,176.9,134.1
Maryland,MD,Female,2016,5328,3101981,171.8,128.2
Maryland,MD,Female,2017,5523,3118023,177.1,130.8
Maryland,MD,Male,1999,5781,2537581,227.8,314.4
Maryland,MD,Male,2000,5899,2557794,230.6,318.2
Maryland,MD,Male,2001,5930,2594827,228.5,309.5
Maryland,MD,Male,2002,5790,2625192,220.6,296.9
Maryland,MD,Male,2003,5931,2652422,223.6,296.5
Maryland,MD,Male,2004,5594,2676892,209,269.4
Maryland,MD,Male,2005,5660,2700618,209.6,266
Maryland,MD,Male,2006,5501,2719404,202.3,251.5
Maryland,MD,Male,2007,5593,2733299,204.6,249.5
Maryland,MD,Male,2008,5695,2749177,207.2,248.1
Maryland,MD,Male,2009,5598,2770387,202.1,236.7
Maryland,MD,Male,2010,5420,2791762,194.1,222.6
Maryland,MD,Male,2011,5391,2820574,191.1,215.6
Maryland,MD,Male,2012,5599,2850403,196.4,218
Maryland,MD,Male,2013,5835,2874762,203,219
Maryland,MD,Male,2014,5892,2896418,203.4,216.2
Maryland,MD,Male,2015,6006,2911085,206.3,214.3
Maryland,MD,Male,2016,6062,2914466,208,211.2
Maryland,MD,Male,2017,6130,2934154,208.9,208.3
Massachusetts,MA,Female,1999,8455,3274830,258.2,183
Massachusetts,MA,Female,2000,8148,3290281,247.6,174.5
Massachusetts,MA,Female,2001,8165,3312567,246.5,174.1
Massachusetts,MA,Female,2002,7834,3319436,236,166.1
Massachusetts,MA,Female,2003,7734,3320817,232.9,163.1
Massachusetts,MA,Female,2004,7260,3314634,219,152.4
Massachusetts,MA,Female,2005,6961,3309010,210.4,143.4
Massachusetts,MA,Female,2006,6891,3311185,208.1,139.5
Massachusetts,MA,Female,2007,6584,3321653,198.2,133
Massachusetts,MA,Female,2008,6628,3340730,198.4,131.9
Massachusetts,MA,Female,2009,6229,3365859,185.1,123.2
Massachusetts,MA,Female,2010,6119,3381001,181,118.1
Massachusetts,MA,Female,2011,5792,3397995,170.5,110.4
Massachusetts,MA,Female,2012,5842,3425771,170.5,110
Massachusetts,MA,Female,2013,5935,3448008,172.1,110.1
Massachusetts,MA,Female,2014,5814,3474584,167.3,106.3
Massachusetts,MA,Female,2015,5996,3498304,171.4,108.7
Massachusetts,MA,Female,2016,5888,3506128,167.9,106.5
Massachusetts,MA,Female,2017,5768,3529454,163.4,102.4
Massachusetts,MA,Male,1999,7416,3042515,243.7,293.8
Massachusetts,MA,Male,2000,7166,3058816,234.3,279.1
Massachusetts,MA,Male,2001,6979,3085067,226.2,267
Massachusetts,MA,Male,2002,6902,3097770,222.8,260.4
Massachusetts,MA,Male,2003,6900,3101748,222.5,255.4
Massachusetts,MA,Male,2004,6564,3097647,211.9,239.7
Massachusetts,MA,Male,2005,6319,3094280,204.2,227.1
Massachusetts,MA,Male,2006,6056,3098899,195.4,213.9
Massachusetts,MA,Male,2007,6126,3109906,197,211.6
Massachusetts,MA,Male,2008,6148,3128237,196.5,208.6
Massachusetts,MA,Male,2009,6093,3151754,193.3,202.2
Massachusetts,MA,Male,2010,5924,3166628,187.1,193.2
Massachusetts,MA,Male,2011,5973,3189541,187.3,189.5
Massachusetts,MA,Male,2012,5760,3220373,178.9,178.1
Massachusetts,MA,Male,2013,6088,3244816,187.6,184
Massachusetts,MA,Male,2014,6003,3270824,183.5,178.2
Massachusetts,MA,Male,2015,6134,3296118,186.1,178.4
Massachusetts,MA,Male,2016,6033,3305651,182.5,172.9
Massachusetts,MA,Male,2017,6372,3330365,191.3,178.4
Michigan,MI,Female,1999,14184,5047770,281,239.9
Michigan,MI,Female,2000,14293,5065349,282.2,238.8
Michigan,MI,Female,2001,13910,5089289,273.3,228.8
Michigan,MI,Female,2002,13746,5100171,269.5,223.5
Michigan,MI,Female,2003,13334,5110521,260.9,213.3
Michigan,MI,Female,2004,12673,5117929,247.6,200.1
Michigan,MI,Female,2005,12837,5114320,251,199.6
Michigan,MI,Female,2006,12318,5106621,241.2,188
Michigan,MI,Female,2007,12034,5091035,236.4,180.1
Michigan,MI,Female,2008,12320,5065899,243.2,181.6
Michigan,MI,Female,2009,11355,5044338,225.1,164.9
Michigan,MI,Female,2010,11589,5035526,230.1,165.8
Michigan,MI,Female,2011,11443,5030242,227.5,161.6
Michigan,MI,Female,2012,11510,5032849,228.7,159.6
Michigan,MI,Female,2013,11690,5036338,232.1,159.9
Michigan,MI,Female,2014,11843,5041414,234.9,161
Michigan,MI,Female,2015,11927,5044428,236.4,160.1
Michigan,MI,Female,2016,12064,5043554,239.2,160.7
Michigan,MI,Female,2017,11873,5058559,234.7,155.7
Michigan,MI,Male,1999,13509,4849346,278.6,364.5
Michigan,MI,Male,2000,13032,4873095,267.4,348.1
Michigan,MI,Male,2001,12986,4901831,264.9,340
Michigan,MI,Male,2002,12913,4915539,262.7,331.8
Michigan,MI,Male,2003,12676,4930631,257.1,317.9
Michigan,MI,Male,2004,12152,4937386,246.1,299.1
Michigan,MI,Male,2005,12291,4936817,249,295.4
Michigan,MI,Male,2006,11937,4929460,242.2,280.5
Michigan,MI,Male,2007,12115,4910249,246.7,277.4
Michigan,MI,Male,2008,12024,4880990,246.3,270
Michigan,MI,Male,2009,11744,4857253,241.8,258
Michigan,MI,Male,2010,11737,4848114,242.1,253.1
Michigan,MI,Male,2011,11915,4845945,245.9,249.3
Michigan,MI,Male,2012,12010,4850511,247.6,246.1
Michigan,MI,Male,2013,12466,4859284,256.5,249.3
Michigan,MI,Male,2014,12849,4868463,263.9,250.8
Michigan,MI,Male,2015,12867,4878148,263.8,247.2
Michigan,MI,Male,2016,13240,4884746,271,249.4
Michigan,MI,Male,2017,13314,4903752,271.5,245.9
Minnesota,MN,Female,1999,4740,2462931,192.5,146.9
Minnesota,MN,Female,2000,4425,2483848,178.2,135.9
Minnesota,MN,Female,2001,4241,2514149,168.7,129.7
Minnesota,MN,Female,2002,4241,2531205,167.5,127.1
Minnesota,MN,Female,2003,3914,2546999,153.7,115.2
Minnesota,MN,Female,2004,3935,2564037,153.5,114
Minnesota,MN,Female,2005,3802,2579546,147.4,109.7
Minnesota,MN,Female,2006,3628,2600951,139.5,102.9
Minnesota,MN,Female,2007,3652,2622551,139.3,100.8
Minnesota,MN,Female,2008,3545,2642672,134.1,97.1
Minnesota,MN,Female,2009,3407,2659958,128.1,90.8
Minnesota,MN,Female,2010,3451,2671793,129.2,91.1
Minnesota,MN,Female,2011,3400,2689958,126.4,88.5
Minnesota,MN,Female,2012,3502,2706970,129.4,90
Minnesota,MN,Female,2013,3571,2727081,130.9,89.5
Minnesota,MN,Female,2014,3548,2745132,129.2,88.3
Minnesota,MN,Female,2015,3685,2759730,133.5,89.5
Minnesota,MN,Female,2016,3557,2772322,128.3,86.2
Minnesota,MN,Female,2017,3749,2799760,133.9,89.5
Minnesota,MN,Male,1999,4793,2410550,198.8,255.5
Minnesota,MN,Male,2000,4460,2435631,183.1,235
Minnesota,MN,Male,2001,4519,2468647,183.1,231.8
Minnesota,MN,Male,2002,4361,2487730,175.3,219.2
Minnesota,MN,Male,2003,4230,2506573,168.8,207.8
Minnesota,MN,Male,2004,3956,2523676,156.8,190.3
Minnesota,MN,Male,2005,4124,2540052,162.4,194.8
Minnesota,MN,Male,2006,3897,2562604,152.1,178.5
Minnesota,MN,Male,2007,3825,2584652,148,171.1
Minnesota,MN,Male,2008,3822,2604346,146.8,165.4
Minnesota,MN,Male,2009,3831,2621245,146.2,162.2
Minnesota,MN,Male,2010,3734,2632132,141.9,155.4
Minnesota,MN,Male,2011,3840,2654903,144.6,153.8
Minnesota,MN,Male,2012,3994,2672169,149.5,156.3
Minnesota,MN,Male,2013,4143,2693299,153.8,157.6
Minnesota,MN,Male,2014,4111,2712041,151.6,152.3
Minnesota,MN,Male,2015,4159,2729864,152.4,150.6
Minnesota,MN,Male,2016,4268,2747630,155.3,151.2
Minnesota,MN,Male,2017,4481,2776846,161.4,155.8
Mississippi,MS,Female,1999,4923,1464581,336.1,288.8
Mississippi,MS,Female,2000,4919,1471104,334.4,284.8
Mississippi,MS,Female,2001,4986,1473486,338.4,290.5
Mississippi,MS,Female,2002,4805,1475412,325.7,280.6
Mississippi,MS,Female,2003,4570,1479611,308.9,267.2
Mississippi,MS,Female,2004,4205,1490115,282.2,244.7
Mississippi,MS,Female,2005,4475,1497962,298.7,256.7
Mississippi,MS,Female,2006,4191,1496313,280.1,238.7
Mississippi,MS,Female,2007,4114,1507071,273,232.6
Mississippi,MS,Female,2008,4060,1516955,267.6,226.7
Mississippi,MS,Female,2009,3732,1522000,245.2,206.4
Mississippi,MS,Female,2010,3719,1526057,243.7,204.7
Mississippi,MS,Female,2011,3639,1531968,237.5,197.7
Mississippi,MS,Female,2012,3530,1535635,229.9,187.5
Mississippi,MS,Female,2013,3638,1536620,236.8,190
Mississippi,MS,Female,2014,3563,1539523,231.4,184.5
Mississippi,MS,Female,2015,3759,1540483,244,191.9
Mississippi,MS,Female,2016,3685,1539934,239.3,184.9
Mississippi,MS,Female,2017,3674,1538222,238.8,182.3
Mississippi,MS,Male,1999,4413,1363827,323.6,426.6
Mississippi,MS,Male,2000,4337,1373554,315.8,413.8
Mississippi,MS,Male,2001,4064,1379508,294.6,387.7
Mississippi,MS,Male,2002,4256,1383269,307.7,398.5
Mississippi,MS,Male,2003,4113,1388701,296.2,382.9
Mississippi,MS,Male,2004,4077,1398895,291.4,371.1
Mississippi,MS,Male,2005,4162,1407981,295.6,370.4
Mississippi,MS,Male,2006,3906,1408665,277.3,345.2
Mississippi,MS,Male,2007,3923,1421279,276,335.4
Mississippi,MS,Male,2008,3937,1430851,275.2,334.4
Mississippi,MS,Male,2009,3798,1436774,264.3,316.5
Mississippi,MS,Male,2010,3823,1441240,265.3,310.9
Mississippi,MS,Male,2011,3696,1446544,255.5,294.2
Mississippi,MS,Male,2012,3739,1449291,258,286.6
Mississippi,MS,Male,2013,4077,1454587,280.3,303.8
Mississippi,MS,Male,2014,3975,1454556,273.3,287.7
Mississippi,MS,Male,2015,4210,1451850,290,303.4
Mississippi,MS,Male,2016,4180,1448792,288.5,294.3
Mississippi,MS,Male,2017,4270,1445878,295.3,293.8
Missouri,MO,Female,1999,9443,2860166,330.2,243.5
Missouri,MO,Female,2000,9117,2875034,317.1,234.4
Missouri,MO,Female,2001,8807,2895476,304.2,225.4
Missouri,MO,Female,2002,8670,2910476,297.9,221.2
Missouri,MO,Female,2003,8670,2926556,296.3,220.7
Missouri,MO,Female,2004,8009,2942685,272.2,203.6
Missouri,MO,Female,2005,7677,2962870,259.1,193.2
Missouri,MO,Female,2006,7593,2987563,254.2,188.5
Missouri,MO,Female,2007,7288,3007493,242.3,178.9
Missouri,MO,Female,2008,7396,3024837,244.5,179.5
Missouri,MO,Female,2009,6883,3042021,226.3,166.5
Missouri,MO,Female,2010,6845,3055450,224,163.5
Missouri,MO,Female,2011,6745,3066254,220,159.2
Missouri,MO,Female,2012,6634,3070952,216,154.6
Missouri,MO,Female,2013,6690,3080214,217.2,153.6
Missouri,MO,Female,2014,6792,3089367,219.9,154.5
Missouri,MO,Female,2015,7029,3098627,226.8,157.5
Missouri,MO,Female,2016,6885,3100965,222,153
Missouri,MO,Female,2017,6891,3111296,221.5,150.6
Missouri,MO,Male,1999,8531,2701782,315.8,377.7
Missouri,MO,Male,2000,8118,2720177,298.4,357.3
Missouri,MO,Male,2001,7826,2745666,285,337.6
Missouri,MO,Male,2002,8038,2764349,290.8,341.1
Missouri,MO,Male,2003,7740,2782847,278.1,324.5
Missouri,MO,Male,2004,7491,2805056,267.1,306.6
Missouri,MO,Male,2005,7297,2827430,258.1,293.8
Missouri,MO,Male,2006,7156,2855141,250.6,280.4
Missouri,MO,Male,2007,7050,2880119,244.8,270
Missouri,MO,Male,2008,7248,2899079,250,269.9
Missouri,MO,Male,2009,7033,2919067,240.9,257.2
Missouri,MO,Male,2010,6995,2933477,238.5,250.4
Missouri,MO,Male,2011,7065,2944434,239.9,245.8
Missouri,MO,Male,2012,7108,2951036,240.9,242.3
Missouri,MO,Male,2013,7405,2963957,249.8,246.1
Missouri,MO,Male,2014,7546,2974222,253.7,244.6
Missouri,MO,Male,2015,7779,2985045,260.6,247.9
Missouri,MO,Male,2016,7694,2992035,257.1,240.8
Missouri,MO,Male,2017,7929,3002236,264.1,242.2
Montana,MT,Female,1999,971,450543,215.5,167.6
Montana,MT,Female,2000,903,452715,199.5,153.5
Montana,MT,Female,2001,927,454683,203.9,154.4
Montana,MT,Female,2002,907,456712,198.6,150.1
Montana,MT,Female,2003,880,460116,191.3,143.5
Montana,MT,Female,2004,902,465000,194,144.3
Montana,MT,Female,2005,857,469780,182.4,132.9
Montana,MT,Female,2006,861,475341,181.1,130.4
Montana,MT,Female,2007,830,480939,172.6,124
Montana,MT,Female,2008,898,486477,184.6,132
Montana,MT,Female,2009,836,490122,170.6,120.7
Montana,MT,Female,2010,787,492748,159.7,111.9
Montana,MT,Female,2011,841,496966,169.2,119.8
Montana,MT,Female,2012,826,500192,165.1,113.7
Montana,MT,Female,2013,880,505367,174.1,116.2
Montana,MT,Female,2014,886,509456,173.9,116.2
Montana,MT,Female,2015,923,513619,179.7,120.1
Montana,MT,Female,2016,939,517745,181.4,118.7
Montana,MT,Female,2017,947,521537,181.6,121
Montana,MT,Male,1999,1078,446964,241.2,272.4
Montana,MT,Male,2000,1092,449480,242.9,271.3
Montana,MT,Male,2001,1043,452278,230.6,254
Montana,MT,Male,2002,1037,454955,227.9,246.6
Montana,MT,Male,2003,1104,459514,240.3,255.3
Montana,MT,Male,2004,936,465009,201.3,211.6
Montana,MT,Male,2005,998,470322,212.2,220.1
Montana,MT,Male,2006,1008,477351,211.2,217.2
Montana,MT,Male,2007,1040,483767,215,214.5
Montana,MT,Male,2008,1077,489938,219.8,213.5
Montana,MT,Male,2009,996,493860,201.7,194.3
Montana,MT,Male,2010,1062,496667,213.8,205.4
Montana,MT,Male,2011,1080,501233,215.5,201.4
Montana,MT,Male,2012,1077,504949,213.3,194.1
Montana,MT,Male,2013,1124,509798,220.5,195.9
Montana,MT,Male,2014,1071,514123,208.3,181.5
Montana,MT,Male,2015,1181,519330,227.4,195.6
Montana,MT,Male,2016,1199,524775,228.5,193.9
Montana,MT,Male,2017,1217,528956,230.1,194
Nebraska,NE,Female,1999,2390,865531,276.1,190.3
Nebraska,NE,Female,2000,2198,867912,253.3,173.5
Nebraska,NE,Female,2001,2216,871208,254.4,172.2
Nebraska,NE,Female,2002,2196,874803,251,171.9
Nebraska,NE,Female,2003,2049,879362,233,160.6
Nebraska,NE,Female,2004,1921,883984,217.3,149.7
Nebraska,NE,Female,2005,1857,889468,208.8,142.1
Nebraska,NE,Female,2006,1818,894687,203.2,138.2
Nebraska,NE,Female,2007,1814,900106,201.5,134.3
Nebraska,NE,Female,2008,1754,905814,193.6,129.3
Nebraska,NE,Female,2009,1670,913619,182.8,124.1
Nebraska,NE,Female,2010,1690,920045,183.7,124
Nebraska,NE,Female,2011,1623,927392,175,117
Nebraska,NE,Female,2012,1629,933223,174.6,116.6
Nebraska,NE,Female,2013,1675,938690,178.4,117.8
Nebraska,NE,Female,2014,1537,944640,162.7,108.5
Nebraska,NE,Female,2015,1721,951022,181,122.1
Nebraska,NE,Female,2016,1602,956445,167.5,110.8
Nebraska,NE,Female,2017,1687,961945,175.4,115.4
Nebraska,NE,Male,1999,2107,839233,251.1,293.3
Nebraska,NE,Male,2000,1999,843351,237,278.7
Nebraska,NE,Male,2001,1934,848628,227.9,263.8
Nebraska,NE,Male,2002,2046,853489,239.7,276.4
Nebraska,NE,Male,2003,1905,859281,221.7,253.7
Nebraska,NE,Male,2004,1817,865386,210,239.4
Nebraska,NE,Male,2005,1783,872029,204.5,231.3
Nebraska,NE,Male,2006,1627,878006,185.3,204.5
Nebraska,NE,Male,2007,1706,883334,193.1,210.1
Nebraska,NE,Male,2008,1705,890564,191.5,206.6
Nebraska,NE,Male,2009,1607,899064,178.7,189.6
Nebraska,NE,Male,2010,1665,906296,183.7,192.4
Nebraska,NE,Male,2011,1642,915249,179.4,184.6
Nebraska,NE,Male,2012,1678,922302,181.9,185.7
Nebraska,NE,Male,2013,1706,929826,183.5,186
Nebraska,NE,Male,2014,1759,936863,187.8,186.3
Nebraska,NE,Male,2015,1870,945168,197.8,195.7
Nebraska,NE,Male,2016,1720,950671,180.9,175.7
Nebraska,NE,Male,2017,1894,958131,197.7,191.1
Nevada,NV,Female,1999,1844,949422,194.2,221.4
Nevada,NV,Female,2000,1706,980206,174,199
Nevada,NV,Female,2001,1868,1030850,181.2,204.3
Nevada,NV,Female,2002,1912,1069764,178.7,198.9
Nevada,NV,Female,2003,1954,1108135,176.3,192.7
Nevada,NV,Female,2004,1935,1156586,167.3,183.9
Nevada,NV,Female,2005,2158,1198846,180,195.2
Nevada,NV,Female,2006,2095,1243993,168.4,183.2
Nevada,NV,Female,2007,1855,1284052,144.5,155.8
Nevada,NV,Female,2008,1885,1310601,143.8,153.3
Nevada,NV,Female,2009,1916,1327618,144.3,148.5
Nevada,NV,Female,2010,1987,1336935,148.6,152.4
Nevada,NV,Female,2011,2066,1348764,153.2,150.3
Nevada,NV,Female,2012,2028,1367724,148.3,141
Nevada,NV,Female,2013,2240,1384702,161.8,149.6
Nevada,NV,Female,2014,2291,1412306,162.2,148.1
Nevada,NV,Female,2015,2496,1440294,173.3,154.3
Nevada,NV,Female,2016,2561,1466061,174.7,152.3
Nevada,NV,Female,2017,2580,1494290,172.7,151.9
Nevada,NV,Male,1999,2387,985296,242.3,329.9
Nevada,NV,Male,2000,2383,1018051,234.1,315.8
Nevada,NV,Male,2001,2525,1067549,236.5,314.7
Nevada,NV,Male,2002,2509,1104027,227.3,301.2
Nevada,NV,Male,2003,2645,1140715,231.9,301.8
Nevada,NV,Male,2004,2758,1189636,231.8,304.8
Nevada,NV,Male,2005,2936,1233297,238.1,304.3
Nevada,NV,Male,2006,2918,1278665,228.2,289.7
Nevada,NV,Male,2007,2736,1317020,207.7,261.7
Nevada,NV,Male,2008,2761,1343029,205.6,257.5
Nevada,NV,Male,2009,2771,1357047,204.2,247.7
Nevada,NV,Male,2010,2824,1363616,207.1,247.5
Nevada,NV,Male,2011,2977,1374558,216.6,247.3
Nevada,NV,Male,2012,3138,1391207,225.6,251.5
Nevada,NV,Male,2013,3194,1405434,227.3,245.2
Nevada,NV,Male,2014,3470,1426793,243.2,251.7
Nevada,NV,Male,2015,3618,1450551,249.4,252
Nevada,NV,Male,2016,3896,1473997,264.3,266.1
Nevada,NV,Male,2017,3837,1503749,255.2,252.1
New Hampshire,NH,Female,1999,1428,621409,229.8,192.4
New Hampshire,NH,Female,2000,1460,628099,232.4,193.7
New Hampshire,NH,Female,2001,1441,637412,226.1,187.9
New Hampshire,NH,Female,2002,1408,643680,218.7,181.7
New Hampshire,NH,Female,2003,1433,648513,221,180.7
New Hampshire,NH,Female,2004,1359,653845,207.8,166.9
New Hampshire,NH,Female,2005,1273,657932,193.5,152.8
New Hampshire,NH,Female,2006,1274,662773,192.2,149.1
New Hampshire,NH,Female,2007,1263,664987,189.9,144.2
New Hampshire,NH,Female,2008,1124,666576,168.6,124.7
New Hampshire,NH,Female,2009,1083,666875,162.4,121.2
New Hampshire,NH,Female,2010,1089,667076,163.2,119.9
New Hampshire,NH,Female,2011,1106,667341,165.7,117.4
New Hampshire,NH,Female,2012,1096,668481,164,113.6
New Hampshire,NH,Female,2013,1186,669746,177.1,121.1
New Hampshire,NH,Female,2014,1190,671344,177.3,119.5
New Hampshire,NH,Female,2015,1193,672952,177.3,115
New Hampshire,NH,Female,2016,1191,673935,176.7,115.7
New Hampshire,NH,Female,2017,1257,677786,185.5,116.8
New Hampshire,NH,Male,1999,1323,600605,220.3,293.3
New Hampshire,NH,Male,2000,1351,607687,222.3,296.2
New Hampshire,NH,Male,2001,1394,618105,225.5,295.3
New Hampshire,NH,Male,2002,1368,625409,218.7,282.4
New Hampshire,NH,Male,2003,1292,631327,204.6,262.6
New Hampshire,NH,Male,2004,1280,636276,201.2,250.4
New Hampshire,NH,Male,2005,1257,640560,196.2,237.2
New Hampshire,NH,Male,2006,1227,645616,190.1,220.9
New Hampshire,NH,Male,2007,1248,647553,192.7,218.8
New Hampshire,NH,Male,2008,1285,649330,197.9,220.2
New Hampshire,NH,Male,2009,1185,649227,182.5,196.4
New Hampshire,NH,Male,2010,1201,649394,184.9,196.1
New Hampshire,NH,Male,2011,1227,650853,188.5,193.3
New Hampshire,NH,Male,2012,1228,652237,188.3,187.8
New Hampshire,NH,Male,2013,1248,653713,190.9,182.6
New Hampshire,NH,Male,2014,1274,655469,194.4,183.1
New Hampshire,NH,Male,2015,1378,657656,209.5,192.3
New Hampshire,NH,Male,2016,1440,660860,217.9,194.8
New Hampshire,NH,Male,2017,1464,665009,220.1,190
New Jersey,NJ,Female,1999,12471,4304271,289.7,223.2
New Jersey,NJ,Female,2000,12586,4331537,290.6,221.8
New Jersey,NJ,Female,2001,12223,4369932,279.7,212.4
New Jersey,NJ,Female,2002,12114,4398801,275.4,207.8
New Jersey,NJ,Female,2003,11749,4421964,265.7,199.1
New Jersey,NJ,Female,2004,10960,4436964,247,185.1
New Jersey,NJ,Female,2005,10967,4443545,246.8,182.1
New Jersey,NJ,Female,2006,10330,4448099,232.2,168.9
New Jersey,NJ,Female,2007,9747,4455148,218.8,156.7
New Jersey,NJ,Female,2008,9965,4469901,222.9,157.4
New Jersey,NJ,Female,2009,9444,4493506,210.2,146.5
New Jersey,NJ,Female,2010,9593,4512294,212.6,146.5
New Jersey,NJ,Female,2011,9374,4520963,207.3,141.2
New Jersey,NJ,Female,2012,9242,4540905,203.5,137.2
New Jersey,NJ,Female,2013,9146,4555374,200.8,133.7
New Jersey,NJ,Female,2014,9264,4576223,202.4,134.1
New Jersey,NJ,Female,2015,9291,4585897,202.6,132.9
New Jersey,NJ,Female,2016,9215,4576725,201.3,131.2
New Jersey,NJ,Female,2017,9251,4609070,200.7,128.2
New Jersey,NJ,Male,1999,11022,4055321,271.8,336.3
New Jersey,NJ,Male,2000,11138,4082813,272.8,336.8
New Jersey,NJ,Male,2001,10481,4122739,254.2,310
New Jersey,NJ,Male,2002,10396,4153842,250.3,302.9
New Jersey,NJ,Male,2003,10294,4179438,246.3,296.1
New Jersey,NJ,Male,2004,9600,4197597,228.7,272
New Jersey,NJ,Male,2005,9688,4208429,230.2,270.4
New Jersey,NJ,Male,2006,9218,4213580,218.8,251.3
New Jersey,NJ,Male,2007,9084,4222737,215.1,243.5
New Jersey,NJ,Male,2008,9091,4241189,214.4,239.4
New Jersey,NJ,Male,2009,8642,4262096,202.8,223.1
New Jersey,NJ,Male,2010,9137,4279600,213.5,230.9
New Jersey,NJ,Male,2011,8956,4300192,208.3,220.1
New Jersey,NJ,Male,2012,9098,4323685,210.4,218.1
New Jersey,NJ,Male,2013,9314,4343965,214.4,218.9
New Jersey,NJ,Male,2014,9055,4361952,207.6,208.5
New Jersey,NJ,Male,2015,9356,4372116,214,211.3
New Jersey,NJ,Male,2016,9382,4367744,214.8,208.7
New Jersey,NJ,Male,2017,9589,4396574,218.1,207.3
New Mexico,NM,Female,1999,1684,918661,183.3,179.2
New Mexico,NM,Female,2000,1537,924729,166.2,159.8
New Mexico,NM,Female,2001,1612,930387,173.3,161.9
New Mexico,NM,Female,2002,1595,941856,169.3,158.2
New Mexico,NM,Female,2003,1642,952303,172.4,158.9
New Mexico,NM,Female,2004,1537,964738,159.3,146.6
New Mexico,NM,Female,2005,1628,978520,166.4,151.6
New Mexico,NM,Female,2006,1643,993969,165.3,148
New Mexico,NM,Female,2007,1548,1007922,153.6,134.5
New Mexico,NM,Female,2008,1585,1018578,155.6,134.7
New Mexico,NM,Female,2009,1481,1031238,143.6,123
New Mexico,NM,Female,2010,1545,1041758,148.3,125.4
New Mexico,NM,Female,2011,1520,1052114,144.5,118.7
New Mexico,NM,Female,2012,1581,1052831,150.2,120.9
New Mexico,NM,Female,2013,1532,1051678,145.7,115.1
New Mexico,NM,Female,2014,1511,1052690,143.5,109.9
New Mexico,NM,Female,2015,1562,1051688,148.5,111.1
New Mexico,NM,Female,2016,1630,1050352,155.2,113
New Mexico,NM,Female,2017,1710,1053926,162.3,116.9
New Mexico,NM,Male,1999,1768,889421,198.8,265.2
New Mexico,NM,Male,2000,1654,894317,184.9,242.3
New Mexico,NM,Male,2001,1811,901303,200.9,257.1
New Mexico,NM,Male,2002,1765,913453,193.2,245.1
New Mexico,NM,Male,2003,1760,925271,190.2,237.6
New Mexico,NM,Male,2004,1727,939070,183.9,227.4
New Mexico,NM,Male,2005,1807,953754,189.5,228.9
New Mexico,NM,Male,2006,1768,968168,182.6,216.3
New Mexico,NM,Male,2007,1757,982148,178.9,207
New Mexico,NM,Male,2008,1690,992084,170.3,193.3
New Mexico,NM,Male,2009,1733,1005564,172.3,190.6
New Mexico,NM,Male,2010,1679,1017421,165,180.9
New Mexico,NM,Male,2011,1813,1030110,176,188.3
New Mexico,NM,Male,2012,1771,1032707,171.5,178.5
New Mexico,NM,Male,2013,1893,1033609,183.1,184.9
New Mexico,NM,Male,2014,1913,1032882,185.2,182.4
New Mexico,NM,Male,2015,1946,1033421,188.3,179.1
New Mexico,NM,Male,2016,2170,1030663,210.5,195.1
New Mexico,NM,Male,2017,2186,1034144,211.4,192.1
New York,NY,Female,1999,32396,9777654,331.3,259.5
New York,NY,Female,2000,31395,9829709,319.4,246.5
New York,NY,Female,2001,31212,9878713,316,241.9
New York,NY,Female,2002,30986,9902927,312.9,237.7
New York,NY,Female,2003,30355,9917810,306.1,230.2
New York,NY,Female,2004,28966,9913527,292.2,218.2
New York,NY,Female,2005,28593,9887467,289.2,212.7
New York,NY,Female,2006,27279,9871401,276.3,201.1
New York,NY,Female,2007,26511,9881510,268.3,192.7
New York,NY,Female,2008,26427,9918841,266.4,189.9
New York,NY,Female,2009,24998,9966620,250.8,177.2
New York,NY,Female,2010,23621,10000955,236.2,165.1
New York,NY,Female,2011,23512,10033393,234.3,161.7
New York,NY,Female,2012,22634,10081044,224.5,152.5
New York,NY,Female,2013,22594,10114934,223.4,151
New York,NY,Female,2014,21974,10164966,216.2,145.2
New York,NY,Female,2015,22595,10184278,221.9,147.9
New York,NY,Female,2016,22147,10157924,218,143.8
New York,NY,Female,2017,22152,10211937,216.9,138.7
New York,NY,Male,1999,26591,9105071,292,371.1
New York,NY,Male,2000,26079,9146748,285.1,360
New York,NY,Male,2001,25431,9204125,276.3,345.3
New York,NY,Male,2002,25686,9234873,278.1,342.5
New York,NY,Male,2003,24921,9258129,269.2,326.6
New York,NY,Male,2004,23514,9258040,254,303.6
New York,NY,Male,2005,23392,9245143,253,296.8
New York,NY,Male,2006,23191,9233230,251.2,288.9
New York,NY,Male,2007,23017,9250825,248.8,280.9
New York,NY,Male,2008,22897,9293595,246.4,273.9
New York,NY,Male,2009,22285,9340446,238.6,261.2
New York,NY,Male,2010,21360,9377147,227.8,246.7
New York,NY,Male,2011,20989,9431804,222.5,235.8
New York,NY,Male,2012,21161,9489217,223,231.7
New York,NY,Male,2013,21445,9536193,224.9,229.3
New York,NY,Male,2014,21142,9581261,220.7,221.6
New York,NY,Male,2015,21855,9611513,227.4,225.1
New York,NY,Male,2016,21929,9587365,228.7,221.5
New York,NY,Male,2017,21940,9637462,227.7,213.2
North Carolina,NC,Female,1999,9757,4062710,240.2,209.7
North Carolina,NC,Female,2000,10057,4106618,244.9,214
North Carolina,NC,Female,2001,9462,4187317,226,197.7
North Carolina,NC,Female,2002,9344,4250179,219.8,191.6
North Carolina,NC,Female,2003,9438,4313901,218.8,189.8
North Carolina,NC,Female,2004,8754,4376070,200,172.8
North Carolina,NC,Female,2005,8849,4457189,198.5,171
North Carolina,NC,Female,2006,8325,4563152,182.4,154.9
North Carolina,NC,Female,2007,8492,4677313,181.6,153.9
North Carolina,NC,Female,2008,8420,4771376,176.5,148.3
North Carolina,NC,Female,2009,8249,4846501,170.2,141.7
North Carolina,NC,Female,2010,8150,4889991,166.7,137.4
North Carolina,NC,Female,2011,8062,4952679,162.8,131.9
North Carolina,NC,Female,2012,8342,4999175,166.9,132.9
North Carolina,NC,Female,2013,8297,5047448,164.4,128.8
North Carolina,NC,Female,2014,8139,5099371,159.6,123.3
North Carolina,NC,Female,2015,8762,5150777,170.1,129.7
North Carolina,NC,Female,2016,8407,5213836,161.2,121.8
North Carolina,NC,Female,2017,8584,5271981,162.8,121.4
North Carolina,NC,Male,1999,9434,3886651,242.7,333.1
North Carolina,NC,Male,2000,9666,3942695,245.2,334.7
North Carolina,NC,Male,2001,9330,4022805,231.9,313.2
North Carolina,NC,Male,2002,9180,4076022,225.2,300.7
North Carolina,NC,Male,2003,9236,4108600,224.8,293.1
North Carolina,NC,Male,2004,8853,4177082,211.9,273
North Carolina,NC,Male,2005,8916,4248218,209.9,267.2
North Carolina,NC,Male,2006,8946,4354118,205.5,254.3
North Carolina,NC,Male,2007,8903,4440724,200.5,245.5
North Carolina,NC,Male,2008,8915,4538073,196.4,236.7
North Carolina,NC,Male,2009,8954,4603065,194.5,230.7
North Carolina,NC,Male,2010,9004,4645492,193.8,225.9
North Carolina,NC,Male,2011,8941,4703722,190.1,214.2
North Carolina,NC,Male,2012,9006,4752898,189.5,208.9
North Carolina,NC,Male,2013,9533,4800612,198.6,212.9
North Carolina,NC,Male,2014,9453,4844593,195.1,205.2
North Carolina,NC,Male,2015,9712,4892025,198.5,204
North Carolina,NC,Male,2016,9859,4932952,199.9,200.4
North Carolina,NC,Male,2017,10224,5001438,204.4,202.2
North Dakota,ND,Female,1999,882,322617,273.4,177.6
North Dakota,ND,Female,2000,812,321676,252.4,159.3
North Dakota,ND,Female,2001,813,319787,254.2,155.7
North Dakota,ND,Female,2002,795,319017,249.2,154.2
North Dakota,ND,Female,2003,773,318896,242.4,146.9
North Dakota,ND,Female,2004,725,321008,225.9,139.2
North Dakota,ND,Female,2005,747,321543,232.3,137.4
North Dakota,ND,Female,2006,752,322583,233.1,139.7
North Dakota,ND,Female,2007,682,324066,210.5,124.7
North Dakota,ND,Female,2008,686,326131,210.3,123.2
North Dakota,ND,Female,2009,663,329674,201.1,121.1
North Dakota,ND,Female,2010,653,332727,196.3,112.8
North Dakota,ND,Female,2011,604,337662,178.9,105.9
North Dakota,ND,Female,2012,692,343886,201.2,124.4
North Dakota,ND,Female,2013,668,353392,189,117.7
North Dakota,ND,Female,2014,680,360463,188.6,115.7
North Dakota,ND,Female,2015,631,368074,171.4,113
North Dakota,ND,Female,2016,615,368978,166.7,106.3
North Dakota,ND,Female,2017,625,368094,169.8,106.7
North Dakota,ND,Male,1999,951,321642,295.7,311.3
North Dakota,ND,Male,2000,867,320524,270.5,281.5
North Dakota,ND,Male,2001,887,319275,277.8,285.1
North Dakota,ND,Male,2002,828,319151,259.4,263.1
North Dakota,ND,Male,2003,859,319921,268.5,270.7
North Dakota,ND,Male,2004,745,323697,230.2,230.7
North Dakota,ND,Male,2005,765,324546,235.7,236
North Dakota,ND,Male,2006,775,326839,237.1,235.7
North Dakota,ND,Male,2007,732,328756,222.7,219.2
North Dakota,ND,Male,2008,705,331438,212.7,207
North Dakota,ND,Male,2009,768,335294,229.1,222.4
North Dakota,ND,Male,2010,742,339864,218.3,212.2
North Dakota,ND,Male,2011,686,346270,198.1,191.7
North Dakota,ND,Male,2012,676,355742,190,184.3
North Dakota,ND,Male,2013,714,370001,193,191.4
North Dakota,ND,Male,2014,701,379019,185,185
North Dakota,ND,Male,2015,692,388853,178,177.1
North Dakota,ND,Male,2016,723,388974,185.9,182.9
North Dakota,ND,Male,2017,701,387299,181,176.4
Ohio,OH,Female,1999,17301,5835017,296.5,233.5
Ohio,OH,Female,2000,17196,5840878,294.4,230.1
Ohio,OH,Female,2001,16905,5853691,288.8,224.2
Ohio,OH,Female,2002,16280,5859385,277.8,214
Ohio,OH,Female,2003,15975,5868535,272.2,207.2
Ohio,OH,Female,2004,14890,5874411,253.5,192.4
Ohio,OH,Female,2005,14766,5876703,251.3,188.5
Ohio,OH,Female,2006,14136,5883067,240.3,177.4
Ohio,OH,Female,2007,13518,5890965,229.5,166.6
Ohio,OH,Female,2008,13604,5896594,230.7,166.1
Ohio,OH,Female,2009,12769,5902018,216.3,153.9
Ohio,OH,Female,2010,12891,5904348,218.3,153.6
Ohio,OH,Female,2011,13005,5905599,220.2,152.5
Ohio,OH,Female,2012,12907,5901605,218.7,150
Ohio,OH,Female,2013,13019,5911149,220.2,149.7
Ohio,OH,Female,2014,12902,5919391,218,146.9
Ohio,OH,Female,2015,13461,5926893,227.1,152.2
Ohio,OH,Female,2016,12981,5922679,219.2,146
Ohio,OH,Female,2017,13388,5945509,225.2,148.4
Ohio,OH,Male,1999,15891,5500437,288.9,359.3
Ohio,OH,Male,2000,15526,5512262,281.7,347.1
Ohio,OH,Male,2001,15548,5533713,281,340.8
Ohio,OH,Male,2002,15108,5548504,272.3,325.3
Ohio,OH,Male,2003,14692,5566253,263.9,311.3
Ohio,OH,Male,2004,14188,5577840,254.4,294.2
Ohio,OH,Male,2005,14237,5586617,254.8,290.5
Ohio,OH,Male,2006,13750,5598146,245.6,273.2
Ohio,OH,Male,2007,13239,5609503,236,256.8
Ohio,OH,Male,2008,13720,5618797,244.2,260.7
Ohio,OH,Male,2009,12684,5626878,225.4,237.6
Ohio,OH,Male,2010,13273,5632156,235.7,243.6
Ohio,OH,Male,2011,13293,5639352,235.7,238.4
Ohio,OH,Male,2012,13519,5642620,239.6,236.2
Ohio,OH,Male,2013,13859,5659659,244.9,237.6
Ohio,OH,Male,2014,14098,5674772,248.4,237.1
Ohio,OH,Male,2015,14608,5686530,256.9,242
Ohio,OH,Male,2016,14429,5691694,253.5,234.4
Ohio,OH,Male,2017,14620,5713100,255.9,233.3
Oklahoma,OK,Female,1999,5869,1748783,335.6,259.7
Oklahoma,OK,Female,2000,5879,1754759,335,258.2
Oklahoma,OK,Female,2001,5618,1760052,319.2,248.2
Oklahoma,OK,Female,2002,5811,1769080,328.5,258.2
Oklahoma,OK,Female,2003,5647,1777723,317.7,251.5
Oklahoma,OK,Female,2004,5217,1784671,292.3,233.6
Oklahoma,OK,Female,2005,5122,1796475,285.1,227.4
Oklahoma,OK,Female,2006,4818,1818693,264.9,210.8
Oklahoma,OK,Female,2007,4821,1837175,262.4,209.7
Oklahoma,OK,Female,2008,4869,1854771,262.5,210.1
Oklahoma,OK,Female,2009,4382,1878034,233.3,186.3
Oklahoma,OK,Female,2010,4590,1894374,242.3,193.1
Oklahoma,OK,Female,2011,4426,1913759,231.3,183.1
Oklahoma,OK,Female,2012,4382,1924995,227.6,179.9
Oklahoma,OK,Female,2013,4566,1943276,235,185.1
Oklahoma,OK,Female,2014,4612,1957903,235.6,184.4
Oklahoma,OK,Female,2015,4849,1974214,245.6,191.6
Oklahoma,OK,Female,2016,4868,1979658,245.9,189.9
Oklahoma,OK,Female,2017,5016,1983302,252.9,192.4
Oklahoma,OK,Male,1999,5394,1688364,319.5,389.9
Oklahoma,OK,Male,2000,5418,1695895,319.5,386.5
Oklahoma,OK,Male,2001,5222,1707048,305.9,371.3
Oklahoma,OK,Male,2002,5419,1720000,315.1,378.6
Oklahoma,OK,Male,2003,5414,1727169,313.5,371.5
Oklahoma,OK,Male,2004,5118,1740562,294,347.1
Oklahoma,OK,Male,2005,4921,1752122,280.9,328.9
Oklahoma,OK,Male,2006,4980,1775397,280.5,322.1
Oklahoma,OK,Male,2007,4781,1797174,266,302.8
Oklahoma,OK,Male,2008,4898,1814205,270,303.6
Oklahoma,OK,Male,2009,4820,1839538,262,289.3
Oklahoma,OK,Male,2010,4836,1856977,260.4,286.8
Oklahoma,OK,Male,2011,4973,1877749,264.8,286.8
Oklahoma,OK,Male,2012,4816,1889825,254.8,269.8
Oklahoma,OK,Male,2013,5155,1907292,270.3,281.1
Oklahoma,OK,Male,2014,5256,1920148,273.7,280.3
Oklahoma,OK,Male,2015,5461,1937124,281.9,284
Oklahoma,OK,Male,2016,5341,1943903,274.8,273
Oklahoma,OK,Male,2017,5756,1947562,295.5,290.4
Oregon,OR,Female,1999,3554,1712226,207.6,163.3
Oregon,OR,Female,2000,3420,1724849,198.3,154.4
Oregon,OR,Female,2001,3454,1747889,197.6,153.6
Oregon,OR,Female,2002,3479,1771126,196.4,151.8
Oregon,OR,Female,2003,3370,1788805,188.4,143.7
Oregon,OR,Female,2004,3314,1800377,184.1,139.7
Oregon,OR,Female,2005,3290,1823447,180.4,134.7
Oregon,OR,Female,2006,3120,1853117,168.4,124.9
Oregon,OR,Female,2007,3202,1879347,170.4,124.2
Oregon,OR,Female,2008,3074,1903535,161.5,117.3
Oregon,OR,Female,2009,2956,1923209,153.7,110
Oregon,OR,Female,2010,2945,1935072,152.2,108.3
Oregon,OR,Female,2011,2871,1955239,146.8,102.5
Oregon,OR,Female,2012,2875,1968641,146,101
Oregon,OR,Female,2013,2992,1985655,150.7,104.3
Oregon,OR,Female,2014,2997,2006139,149.4,102.1
Oregon,OR,Female,2015,3240,2035807,159.2,108.1
Oregon,OR,Female,2016,3145,2066455,152.2,103.5
Oregon,OR,Female,2017,3185,2089787,152.4,105.5
Oregon,OR,Male,1999,3709,1681715,220.5,260
Oregon,OR,Male,2000,3674,1696550,216.6,255.1
Oregon,OR,Male,2001,3621,1720048,210.5,244.9
Oregon,OR,Male,2002,3783,1742298,217.1,251.1
Oregon,OR,Male,2003,3679,1758571,209.2,236.1
Oregon,OR,Male,2004,3411,1769086,192.8,215.2
Oregon,OR,Male,2005,3501,1789755,195.6,215.1
Oregon,OR,Male,2006,3500,1817766,192.5,207.3
Oregon,OR,Male,2007,3453,1843070,187.4,199.1
Oregon,OR,Male,2008,3445,1865213,184.7,193.6
Oregon,OR,Male,2009,3306,1885391,175.3,180.5
Oregon,OR,Male,2010,3253,1896002,171.6,175.8
Oregon,OR,Male,2011,3384,1916620,176.6,176.3
Oregon,OR,Male,2012,3305,1930712,171.2,166.6
Oregon,OR,Male,2013,3531,1944410,181.6,173.6
Oregon,OR,Male,2014,3527,1964100,179.6,169.5
Oregon,OR,Male,2015,3619,1993170,181.6,168.8
Oregon,OR,Male,2016,3823,2027010,188.6,173.8
Oregon,OR,Male,2017,3757,2052989,183,168.1
Pennsylvania,PA,Female,1999,22223,6347064,350.1,230.6
Pennsylvania,PA,Female,2000,21710,6351391,341.8,223.2
Pennsylvania,PA,Female,2001,20920,6354395,329.2,213.3
Pennsylvania,PA,Female,2002,20780,6363832,326.5,210.2
Pennsylvania,PA,Female,2003,19952,6377894,312.8,199.5
Pennsylvania,PA,Female,2004,19316,6390749,302.2,192.3
Pennsylvania,PA,Female,2005,19001,6405053,296.7,187.3
Pennsylvania,PA,Female,2006,17570,6429312,273.3,171.2
Pennsylvania,PA,Female,2007,16873,6452087,261.5,161.9
Pennsylvania,PA,Female,2008,17276,6473295,266.9,164.1
Pennsylvania,PA,Female,2009,16390,6497024,252.3,154.6
Pennsylvania,PA,Female,2010,15983,6512016,245.4,149.5
Pennsylvania,PA,Female,2011,16051,6528324,245.9,147.6
Pennsylvania,PA,Female,2012,15517,6533359,237.5,141.5
Pennsylvania,PA,Female,2013,15751,6531461,241.2,141.9
Pennsylvania,PA,Female,2014,15491,6533392,237.1,139.1
Pennsylvania,PA,Female,2015,15858,6538129,242.5,142
Pennsylvania,PA,Female,2016,15703,6523033,240.7,139.5
Pennsylvania,PA,Female,2017,15722,6534208,240.6,139.3
Pennsylvania,PA,Male,1999,19484,5916741,329.3,352.6
Pennsylvania,PA,Male,2000,18998,5929663,320.4,339.2
Pennsylvania,PA,Male,2001,18518,5944575,311.5,327.3
Pennsylvania,PA,Male,2002,18072,5967199,302.9,314.5
Pennsylvania,PA,Male,2003,18123,5996764,302.2,309.9
Pennsylvania,PA,Male,2004,17118,6019973,284.4,290.2
Pennsylvania,PA,Male,2005,17206,6044937,284.6,285.9
Pennsylvania,PA,Male,2006,16174,6081497,266,262.4
Pennsylvania,PA,Male,2007,15989,6111850,261.6,254.6
Pennsylvania,PA,Male,2008,16032,6138990,261.2,251.8
Pennsylvania,PA,Male,2009,15907,6169834,257.8,246
Pennsylvania,PA,Male,2010,15573,6190363,251.6,237.2
Pennsylvania,PA,Male,2011,15883,6214562,255.6,236.7
Pennsylvania,PA,Male,2012,15435,6230177,247.7,225.6
Pennsylvania,PA,Male,2013,15878,6242340,254.4,227.3
Pennsylvania,PA,Male,2014,15862,6253817,253.6,223.5
Pennsylvania,PA,Male,2015,16184,6264374,258.3,224.7
Pennsylvania,PA,Male,2016,16287,6261194,260.1,223.3
Pennsylvania,PA,Male,2017,16590,6271329,264.5,223.4
Rhode Island,RI,Female,1999,1604,540724,296.6,192.2
Rhode Island,RI,Female,2000,1716,544684,315,204.2
Rhode Island,RI,Female,2001,1698,548974,309.3,201.2
Rhode Island,RI,Female,2002,1687,553090,305,196.2
Rhode Island,RI,Female,2003,1681,555590,302.6,194.3
Rhode Island,RI,Female,2004,1604,556375,288.3,183
Rhode Island,RI,Female,2005,1663,552832,300.8,188.2
Rhode Island,RI,Female,2006,1475,550134,268.1,164.6
Rhode Island,RI,Female,2007,1504,546859,275,166.5
Rhode Island,RI,Female,2008,1390,545412,254.9,152.2
Rhode Island,RI,Female,2009,1243,544764,228.2,136.3
Rhode Island,RI,Female,2010,1223,544167,224.7,134.2
Rhode Island,RI,Female,2011,1265,543055,232.9,135.2
Rhode Island,RI,Female,2012,1194,542016,220.3,127.3
Rhode Island,RI,Female,2013,1245,542084,229.7,131.7
Rhode Island,RI,Female,2014,1138,543810,209.3,122.1
Rhode Island,RI,Female,2015,1179,544349,216.6,123.1
Rhode Island,RI,Female,2016,1151,543345,211.8,121.5
Rhode Island,RI,Female,2017,1184,544648,217.4,124.3
Rhode Island,RI,Male,1999,1404,499678,281,320.1
Rhode Island,RI,Male,2000,1399,503635,277.8,314.9
Rhode Island,RI,Male,2001,1378,508168,271.2,303.1
Rhode Island,RI,Male,2002,1422,512905,277.2,305
Rhode Island,RI,Male,2003,1330,515752,257.9,281.9
Rhode Island,RI,Male,2004,1365,518204,263.4,284.5
Rhode Island,RI,Male,2005,1342,515084,260.5,276.8
Rhode Island,RI,Male,2006,1243,512962,242.3,252.9
Rhode Island,RI,Male,2007,1247,510456,244.3,250.1
Rhode Island,RI,Male,2008,1267,509591,248.6,250.3
Rhode Island,RI,Male,2009,1168,508882,229.5,225.6
Rhode Island,RI,Male,2010,1099,508400,216.2,211.5
Rhode Island,RI,Male,2011,1125,508247,221.3,211.4
Rhode Island,RI,Male,2012,1166,508276,229.4,216.1
Rhode Island,RI,Male,2013,1119,509427,219.7,205.5
Rhode Island,RI,Male,2014,1203,511363,235.3,214.9
Rhode Island,RI,Male,2015,1192,511949,232.8,210.7
Rhode Island,RI,Male,2016,1105,513081,215.4,194.6
Rhode Island,RI,Male,2017,1155,514991,224.3,198.2
South Carolina,SC,Female,1999,4916,2045606,240.3,218.2
South Carolina,SC,Female,2000,4885,2063083,236.8,212.6
South Carolina,SC,Female,2001,4630,2089963,221.5,197.7
South Carolina,SC,Female,2002,4698,2111069,222.5,197.6
South Carolina,SC,Female,2003,4660,2133967,218.4,193
South Carolina,SC,Female,2004,4360,2162305,201.6,177.2
South Carolina,SC,Female,2005,4468,2192345,203.8,177.4
South Carolina,SC,Female,2006,4154,2237655,185.6,158.7
South Carolina,SC,Female,2007,4257,2280792,186.6,158.4
South Carolina,SC,Female,2008,4194,2325047,180.4,150.9
South Carolina,SC,Female,2009,4080,2357030,173.1,143.7
South Carolina,SC,Female,2010,4234,2375263,178.3,146.7
South Carolina,SC,Female,2011,4252,2402602,177,143.2
South Carolina,SC,Female,2012,4279,2426510,176.3,139.6
South Carolina,SC,Female,2013,4366,2451720,178.1,139.4
South Carolina,SC,Female,2014,4510,2483088,181.6,140.5
South Carolina,SC,Female,2015,4496,2517178,178.6,137.3
South Carolina,SC,Female,2016,4511,2553185,176.7,133.4
South Carolina,SC,Female,2017,4554,2586682,176.1,131
South Carolina,SC,Male,1999,5065,1929076,262.6,348.8
South Carolina,SC,Male,2000,5008,1948929,257,339.1
South Carolina,SC,Male,2001,4841,1975032,245.1,316.9
South Carolina,SC,Male,2002,4961,1996726,248.5,322.2
South Carolina,SC,Male,2003,4850,2016330,240.5,304
South Carolina,SC,Male,2004,4822,2048616,235.4,293.7
South Carolina,SC,Male,2005,4891,2077805,235.4,287.2
South Carolina,SC,Male,2006,4876,2120192,230,272.3
South Carolina,SC,Male,2007,4735,2163318,218.9,254.3
South Carolina,SC,Male,2008,4802,2203949,217.9,249.4
South Carolina,SC,Male,2009,4988,2232842,223.4,250.2
South Carolina,SC,Male,2010,5061,2250101,224.9,247.1
South Carolina,SC,Male,2011,5043,2276628,221.5,238.3
South Carolina,SC,Male,2012,5085,2297213,221.4,233
South Carolina,SC,Male,2013,5282,2323119,227.4,231
South Carolina,SC,Male,2014,5454,2349394,232.1,231.5
South Carolina,SC,Male,2015,5596,2378968,235.2,228.4
South Carolina,SC,Male,2016,5684,2407934,236.1,224.5
South Carolina,SC,Male,2017,5864,2437687,240.6,222.7
South Dakota,SD,Female,1999,1014,378500,267.9,176.4
South Dakota,SD,Female,2000,1093,380286,287.4,187.1
South Dakota,SD,Female,2001,947,381537,248.2,160.6
South Dakota,SD,Female,2002,978,382328,255.8,165.2
South Dakota,SD,Female,2003,956,383633,249.2,160.9
South Dakota,SD,Female,2004,868,386677,224.5,142.7
South Dakota,SD,Female,2005,855,389021,219.8,141.5
South Dakota,SD,Female,2006,869,392420,221.4,140
South Dakota,SD,Female,2007,777,396650,195.9,122.4
South Dakota,SD,Female,2008,780,400236,194.9,123.2
South Dakota,SD,Female,2009,857,403198,212.6,131.1
South Dakota,SD,Female,2010,797,406799,195.9,123
South Dakota,SD,Female,2011,769,410905,187.1,114.8
South Dakota,SD,Female,2012,819,415038,197.3,122.5
South Dakota,SD,Female,2013,752,420499,178.8,110.8
South Dakota,SD,Female,2014,748,423862,176.5,111.9
South Dakota,SD,Female,2015,801,426493,187.8,117.2
South Dakota,SD,Female,2016,787,429182,183.4,114.4
South Dakota,SD,Female,2017,790,430706,183.4,115.9
South Dakota,SD,Male,1999,1010,371912,271.6,297
South Dakota,SD,Male,2000,1012,374558,270.2,292.6
South Dakota,SD,Male,2001,1038,376435,275.7,296.1
South Dakota,SD,Male,2002,959,377692,253.9,270.2
South Dakota,SD,Male,2003,987,380096,259.7,273.4
South Dakota,SD,Male,2004,915,383719,238.5,250.1
South Dakota,SD,Male,2005,921,386472,238.3,244.8
South Dakota,SD,Male,2006,888,390613,227.3,230.5
South Dakota,SD,Male,2007,856,394973,216.7,220
South Dakota,SD,Male,2008,901,398888,225.9,226
South Dakota,SD,Male,2009,921,403869,228,225.8
South Dakota,SD,Male,2010,819,407381,201,196.1
South Dakota,SD,Male,2011,856,413177,207.2,201
South Dakota,SD,Male,2012,849,418316,203,194.1
South Dakota,SD,Male,2013,878,424378,206.9,196.8
South Dakota,SD,Male,2014,956,429313,222.7,208.4
South Dakota,SD,Male,2015,910,431976,210.7,192.9
South Dakota,SD,Male,2016,942,436272,215.9,198.5
South Dakota,SD,Male,2017,920,438960,209.6,190.8
Tennessee,TN,Female,1999,8295,2897466,286.3,240.8
Tennessee,TN,Female,2000,8319,2919008,285,240
Tennessee,TN,Female,2001,8127,2948421,275.6,231.6
Tennessee,TN,Female,2002,8334,2971873,280.4,236.6
Tennessee,TN,Female,2003,8052,3000983,268.3,226.2
Tennessee,TN,Female,2004,7601,3027931,251,211.7
Tennessee,TN,Female,2005,7523,3068439,245.2,205.8
Tennessee,TN,Female,2006,7082,3121455,226.9,189.3
Tennessee,TN,Female,2007,7103,3162280,224.6,185.6
Tennessee,TN,Female,2008,7330,3203115,228.8,188
Tennessee,TN,Female,2009,6862,3231769,212.3,172.8
Tennessee,TN,Female,2010,7032,3252601,216.2,174.5
Tennessee,TN,Female,2011,6804,3282422,207.3,163.9
Tennessee,TN,Female,2012,6829,3307480,206.5,162.1
Tennessee,TN,Female,2013,6959,3328884,209,162.5
Tennessee,TN,Female,2014,7131,3357172,212.4,164.7
Tennessee,TN,Female,2015,7392,3382838,218.5,167.5
Tennessee,TN,Female,2016,7016,3408679,205.8,156.3
Tennessee,TN,Female,2017,7256,3440018,210.9,158.1
Tennessee,TN,Male,1999,7985,2741240,291.3,379.1
Tennessee,TN,Male,2000,7855,2770275,283.5,368.1
Tennessee,TN,Male,2001,7561,2802368,269.8,346.5
Tennessee,TN,Male,2002,7892,2824045,279.5,357.1
Tennessee,TN,Male,2003,7867,2846829,276.3,346.1
Tennessee,TN,Male,2004,7437,2882878,258,319.5
Tennessee,TN,Male,2005,7423,2922618,254,311
Tennessee,TN,Male,2006,7560,2967311,254.8,303.8
Tennessee,TN,Male,2007,7177,3013447,238.2,279.7
Tennessee,TN,Male,2008,7331,3044296,240.8,277.4
Tennessee,TN,Male,2009,7395,3074250,240.5,273.4
Tennessee,TN,Male,2010,7550,3093504,244.1,273.1
Tennessee,TN,Male,2011,7431,3120931,238.1,257.7
Tennessee,TN,Male,2012,7625,3148763,242.2,256.9
Tennessee,TN,Male,2013,7844,3167094,247.7,256.8
Tennessee,TN,Male,2014,8092,3192180,253.5,255.5
Tennessee,TN,Male,2015,8338,3217461,259.1,256
Tennessee,TN,Male,2016,8413,3242515,259.5,251.9
Tennessee,TN,Male,2017,8763,3275966,267.5,256.9
Texas,TX,Female,1999,22025,10360202,212.6,222
Texas,TX,Female,2000,21775,10498910,207.4,216.9
Texas,TX,Female,2001,21695,10731190,202.2,213.4
Texas,TX,Female,2002,21643,10914653,198.3,210.7
Texas,TX,Female,2003,20774,11095953,187.2,199
Texas,TX,Female,2004,19754,11278402,175.1,186.3
Texas,TX,Female,2005,19695,11470439,171.7,181
Texas,TX,Female,2006,18991,11771243,161.3,169.2
Texas,TX,Female,2007,18800,12010572,156.5,163.6
Texas,TX,Female,2008,18286,12249936,149.3,155.5
Texas,TX,Female,2009,17936,12500150,143.5,148.6
Texas,TX,Female,2010,17967,12673281,141.8,145.8
Texas,TX,Female,2011,17811,12932239,137.7,139.1
Texas,TX,Female,2012,17981,13111469,137.1,136.2
Texas,TX,Female,2013,18393,13301191,138.3,135.3
Texas,TX,Female,2014,18825,13574572,138.7,134.4
Texas,TX,Female,2015,19591,13831324,141.6,135.5
Texas,TX,Female,2016,19540,14031164,139.3,130.9
Texas,TX,Female,2017,20059,14242803,140.8,131.5
Texas,TX,Male,1999,21393,10198018,209.8,333.3
Texas,TX,Male,2000,21245,10352910,205.2,324.8
Texas,TX,Male,2001,21504,10588432,203.1,318.8
Texas,TX,Male,2002,21809,10775672,202.4,316.6
Texas,TX,Male,2003,21005,10934978,192.1,294.9
Texas,TX,Male,2004,20442,11115621,183.9,278.8
Texas,TX,Male,2005,20457,11307684,180.9,271
Texas,TX,Male,2006,19791,11588337,170.8,251.2
Texas,TX,Male,2007,20112,11821411,170.1,246.4
Texas,TX,Male,2008,20098,12059103,166.7,237.2
Texas,TX,Male,2009,20141,12301611,163.7,228.7
Texas,TX,Male,2010,20286,12472280,162.6,225.9
Texas,TX,Male,2011,20283,12742442,159.2,213.5
Texas,TX,Male,2012,21080,12947734,162.8,215.1
Texas,TX,Male,2013,21810,13147002,165.9,214.4
Texas,TX,Male,2014,22654,13382386,169.3,213.9
Texas,TX,Male,2015,23707,13637790,173.8,216.1
Texas,TX,Male,2016,24232,13831432,175.2,213.4
Texas,TX,Male,2017,25287,14061793,179.8,215.3
Utah,UT,Female,1999,1340,1100167,121.8,153.3
Utah,UT,Female,2000,1435,1114138,128.8,160.4
Utah,UT,Female,2001,1443,1139182,126.7,158
Utah,UT,Female,2002,1454,1158853,125.5,156.5
Utah,UT,Female,2003,1507,1175867,128.2,158.8
Utah,UT,Female,2004,1458,1196749,121.8,150.8
Utah,UT,Female,2005,1449,1224741,118.3,144.9
Utah,UT,Female,2006,1387,1257991,110.3,133
Utah,UT,Female,2007,1437,1292672,111.2,135.3
Utah,UT,Female,2008,1325,1325631,100,120.4
Utah,UT,Female,2009,1340,1355509,98.9,118
Utah,UT,Female,2010,1372,1375568,99.7,118.9
Utah,UT,Female,2011,1461,1401715,104.2,121.6
Utah,UT,Female,2012,1443,1419427,101.7,116.4
Utah,UT,Female,2013,1604,1441891,111.2,127.3
Utah,UT,Female,2014,1643,1463152,112.3,128.7
Utah,UT,Female,2015,1762,1488819,118.3,133.9
Utah,UT,Female,2016,1745,1515323,115.2,129.2
Utah,UT,Female,2017,1763,1540145,114.5,127.8
Utah,UT,Male,1999,1446,1103315,131.1,239.1
Utah,UT,Male,2000,1474,1119031,131.7,235.1
Utah,UT,Male,2001,1453,1144533,127,223.3
Utah,UT,Male,2002,1523,1165962,130.6,230.1
Utah,UT,Male,2003,1511,1184270,127.6,224
Utah,UT,Male,2004,1484,1204831,123.2,212.3
Utah,UT,Male,2005,1423,1232978,115.4,195.4
Utah,UT,Male,2006,1545,1267516,121.9,200.8
Utah,UT,Male,2007,1543,1305074,118.2,192.3
Utah,UT,Male,2008,1519,1337398,113.6,182.9
Utah,UT,Male,2009,1473,1367912,107.7,171.6
Utah,UT,Male,2010,1517,1388317,109.3,172.3
Utah,UT,Male,2011,1575,1415507,111.3,170.4
Utah,UT,Male,2012,1648,1435860,114.8,172.3
Utah,UT,Male,2013,1719,1458981,117.8,173.6
Utah,UT,Male,2014,1788,1479750,120.8,176.8
Utah,UT,Male,2015,1836,1507100,121.8,173.7
Utah,UT,Male,2016,1891,1535894,123.1,174
Utah,UT,Male,2017,1986,1561688,127.2,175.3
Vermont,VT,Female,1999,693,308398,224.7,174.3
Vermont,VT,Female,2000,742,310490,239,185.5
Vermont,VT,Female,2001,734,311779,235.4,181
Vermont,VT,Female,2002,721,312959,230.4,176.9
Vermont,VT,Female,2003,732,314206,233,175.5
Vermont,VT,Female,2004,669,315080,212.3,157.8
Vermont,VT,Female,2005,624,315422,197.8,145.5
Vermont,VT,Female,2006,624,316290,197.3,142.6
Vermont,VT,Female,2007,583,316538,184.2,131.5
Vermont,VT,Female,2008,585,316722,184.7,129.6
Vermont,VT,Female,2009,598,317128,188.6,129.7
Vermont,VT,Female,2010,551,317535,173.5,116.3
Vermont,VT,Female,2011,572,317581,180.1,119.3
Vermont,VT,Female,2012,553,317233,174.3,112.4
Vermont,VT,Female,2013,581,317442,183,117.9
Vermont,VT,Female,2014,651,317713,204.9,129.5
Vermont,VT,Female,2015,598,317516,188.3,114.8
Vermont,VT,Female,2016,635,316128,200.9,124.2
Vermont,VT,Female,2017,569,315401,180.4,110
Vermont,VT,Male,1999,649,296285,219,271.1
Vermont,VT,Male,2000,696,298337,233.3,289.9
Vermont,VT,Male,2001,695,300444,231.3,286.8
Vermont,VT,Male,2002,649,302483,214.6,258.7
Vermont,VT,Male,2003,617,303652,203.2,237.3
Vermont,VT,Male,2004,620,304840,203.4,235.9
Vermont,VT,Male,2005,610,305793,199.5,231.4
Vermont,VT,Male,2006,620,306602,202.2,221.9
Vermont,VT,Male,2007,583,306943,189.9,204.2
Vermont,VT,Male,2008,631,307429,205.3,215.7
Vermont,VT,Male,2009,573,307689,186.2,190.9
Vermont,VT,Male,2010,621,308206,201.5,199.5
Vermont,VT,Male,2011,615,308850,199.1,189.9
Vermont,VT,Male,2012,653,308778,211.5,200.6
Vermont,VT,Male,2013,639,309188,206.7,187.8
Vermont,VT,Male,2014,660,308849,213.7,190.1
Vermont,VT,Male,2015,713,308526,231.1,199
Vermont,VT,Male,2016,731,308466,237,201.5
Vermont,VT,Male,2017,763,308256,247.5,206.2
Virginia,VA,Female,1999,7716,3569683,216.2,202.6
Virginia,VA,Female,2000,7833,3606620,217.2,202.1
Virginia,VA,Female,2001,7687,3665386,209.7,194.8
Virginia,VA,Female,2002,7571,3713695,203.9,188.3
Virginia,VA,Female,2003,7400,3757780,196.9,180.9
Virginia,VA,Female,2004,7231,3814310,189.6,173.7
Virginia,VA,Female,2005,7086,3863646,183.4,166.4
Virginia,VA,Female,2006,6868,3908475,175.7,156.8
Virginia,VA,Female,2007,6678,3947966,169.2,149.6
Virginia,VA,Female,2008,6765,3988983,169.6,148.1
Virginia,VA,Female,2009,6496,4037895,160.9,138.8
Virginia,VA,Female,2010,6484,4075041,159.1,135.8
Virginia,VA,Female,2011,6440,4120439,156.3,131.2
Virginia,VA,Female,2012,6382,4164342,153.3,126.4
Virginia,VA,Female,2013,6588,4198203,156.9,127.4
Virginia,VA,Female,2014,6523,4231045,154.2,124.3
Virginia,VA,Female,2015,6601,4258228,155,122.9
Virginia,VA,Female,2016,6586,4274994,154.1,119.7
Virginia,VA,Female,2017,6860,4303293,159.4,122.1
Virginia,VA,Male,1999,7613,3430491,221.9,318.7
Virginia,VA,Male,2000,7431,3471895,214,303.6
Virginia,VA,Male,2001,7226,3532976,204.5,288.1
Virginia,VA,Male,2002,7381,3573178,206.6,286.8
Virginia,VA,Male,2003,7356,3609197,203.8,278.9
Virginia,VA,Male,2004,7053,3661265,192.6,259.9
Virginia,VA,Male,2005,7106,3713459,191.4,251.6
Virginia,VA,Male,2006,7153,3765250,190,245.9
Virginia,VA,Male,2007,7072,3803034,186,236.3
Virginia,VA,Male,2008,6910,3844513,179.7,222.4
Virginia,VA,Male,2009,6901,3888042,177.5,215.1
Virginia,VA,Male,2010,6920,3925983,176.3,211.6
Virginia,VA,Male,2011,6832,3976165,171.8,202.5
Virginia,VA,Male,2012,7004,4021525,174.2,200.4
Virginia,VA,Male,2013,7075,4062202,174.2,195.1
Virginia,VA,Male,2014,7351,4095244,179.5,196.8
Virginia,VA,Male,2015,7476,4124765,181.2,193.2
Virginia,VA,Male,2016,7538,4136814,182.2,189.3
Virginia,VA,Male,2017,8001,4166727,192,195.6
Washington,WA,Female,1999,5658,2934901,192.8,172.7
Washington,WA,Female,2000,5498,2959821,185.8,165.4
Washington,WA,Female,2001,5483,3002080,182.6,162.2
Washington,WA,Female,2002,5329,3036742,175.5,154.1
Washington,WA,Female,2003,5382,3065739,175.6,152.2
Washington,WA,Female,2004,5092,3107815,163.8,142
Washington,WA,Female,2005,5234,3145396,166.4,142.1
Washington,WA,Female,2006,5146,3200695,160.8,135.5
Washington,WA,Female,2007,5366,3247800,165.2,137.6
Washington,WA,Female,2008,5190,3293162,157.6,130.1
Washington,WA,Female,2009,5076,3343920,151.8,123.7
Washington,WA,Female,2010,4912,3374833,145.5,117.3
Washington,WA,Female,2011,4835,3420356,141.4,111.6
Washington,WA,Female,2012,4725,3455462,136.7,107.5
Washington,WA,Female,2013,4756,3488736,136.3,105.9
Washington,WA,Female,2014,4722,3531595,133.7,103.2
Washington,WA,Female,2015,5017,3585353,139.9,107.2
Washington,WA,Female,2016,4916,3646600,134.8,102.8
Washington,WA,Female,2017,5105,3702270,137.9,106.1
Washington,WA,Male,1999,5857,2907663,201.4,272
Washington,WA,Male,2000,5872,2934300,200.1,267.6
Washington,WA,Male,2001,5798,2983642,194.3,256.5
Washington,WA,Male,2002,5812,3015607,192.7,252.3
Washington,WA,Male,2003,5803,3038376,191,243.9
Washington,WA,Male,2004,5552,3070830,180.8,229.1
Washington,WA,Male,2005,5751,3111909,184.8,229.6
Washington,WA,Male,2006,5458,3170058,172.2,210
Washington,WA,Male,2007,5671,3213787,176.5,210.9
Washington,WA,Male,2008,5726,3269069,175.2,206.6
Washington,WA,Male,2009,5485,3323506,165,191.6
Washington,WA,Male,2010,5690,3349707,169.9,194.3
Washington,WA,Male,2011,5604,3409682,164.4,183.7
Washington,WA,Male,2012,5635,3441550,163.7,179.3
Washington,WA,Male,2013,5768,3482670,165.6,178.7
Washington,WA,Male,2014,5988,3529935,169.6,179.4
Washington,WA,Male,2015,6008,3584998,167.6,175.1
Washington,WA,Male,2016,6245,3641400,171.5,176.7
Washington,WA,Male,2017,6477,3703473,174.9,178.4
West Virginia,WV,Female,1999,3599,931809,386.2,271
West Virginia,WV,Female,2000,3345,929174,360,250.3
West Virginia,WV,Female,2001,3307,923643,358,248
West Virginia,WV,Female,2002,3235,923841,350.2,242.4
West Virginia,WV,Female,2003,3229,925835,348.8,241.8
West Virginia,WV,Female,2004,2933,927027,316.4,218.9
West Virginia,WV,Female,2005,2797,927690,301.5,207.7
West Virginia,WV,Female,2006,2687,930605,288.7,198.4
West Virginia,WV,Female,2007,2626,932683,281.6,190.8
West Virginia,WV,Female,2008,2722,934911,291.2,197.2
West Virginia,WV,Female,2009,2508,937434,267.5,180.4
West Virginia,WV,Female,2010,2378,939408,253.1,170.8
West Virginia,WV,Female,2011,2404,940283,255.7,171.7
West Virginia,WV,Female,2012,2413,940008,256.7,170.5
West Virginia,WV,Female,2013,2263,938728,241.1,159.2
West Virginia,WV,Female,2014,2172,936411,231.9,152.3
West Virginia,WV,Female,2015,2289,933068,245.3,158.4
West Virginia,WV,Female,2016,2271,925159,245.5,156.4
West Virginia,WV,Female,2017,2281,917237,248.7,155.8
West Virginia,WV,Male,1999,3223,879990,366.3,398.2
West Virginia,WV,Male,2000,3090,879170,351.5,378.3
West Virginia,WV,Male,2001,3018,877838,343.8,366.1
West Virginia,WV,Male,2002,2954,881573,335.1,356.7
West Virginia,WV,Male,2003,2957,886460,333.6,345.7
West Virginia,WV,Male,2004,2741,889411,308.2,323
West Virginia,WV,Male,2005,2741,892802,307,314.4
West Virginia,WV,Male,2006,2624,897307,292.4,293.8
West Virginia,WV,Male,2007,2582,901369,286.5,281.7
West Virginia,WV,Male,2008,2542,905399,280.8,277.2
West Virginia,WV,Male,2009,2530,910341,277.9,268.8
West Virginia,WV,Male,2010,2519,913586,275.7,262.5
West Virginia,WV,Male,2011,2510,915081,274.3,256.4
West Virginia,WV,Male,2012,2529,915405,276.3,253
West Virginia,WV,Male,2013,2403,915576,262.5,234.6
West Virginia,WV,Male,2014,2520,913915,275.7,243.6
West Virginia,WV,Male,2015,2438,911060,267.6,232.2
West Virginia,WV,Male,2016,2496,905943,275.5,231.3
West Virginia,WV,Male,2017,2568,898620,285.8,235.5
Wisconsin,WI,Female,1999,6961,2701525,257.7,190.1
Wisconsin,WI,Female,2000,6996,2714634,257.7,189.8
Wisconsin,WI,Female,2001,6568,2733647,240.3,176.2
Wisconsin,WI,Female,2002,6406,2751697,232.8,169.1
Wisconsin,WI,Female,2003,6214,2766901,224.6,161.9
Wisconsin,WI,Female,2004,5927,2782678,213,152.2
Wisconsin,WI,Female,2005,5931,2797061,212,149.9
Wisconsin,WI,Female,2006,5712,2812276,203.1,143
Wisconsin,WI,Female,2007,5488,2827782,194.1,134.7
Wisconsin,WI,Female,2008,5536,2842268,194.8,135
Wisconsin,WI,Female,2009,5266,2856103,184.4,127.6
Wisconsin,WI,Female,2010,5432,2864586,189.6,129.5
Wisconsin,WI,Female,2011,5461,2875675,189.9,127.7
Wisconsin,WI,Female,2012,5417,2883326,187.9,125.9
Wisconsin,WI,Female,2013,5289,2890553,183,121.5
Wisconsin,WI,Female,2014,5326,2898057,183.8,121.5
Wisconsin,WI,Female,2015,5407,2903737,186.2,121.6
Wisconsin,WI,Female,2016,5352,2905282,184.2,120.2
Wisconsin,WI,Female,2017,5396,2912745,185.3,119.8
Wisconsin,WI,Male,1999,6866,2631141,261,315.7
Wisconsin,WI,Male,2000,6605,2649041,249.3,300.8
Wisconsin,WI,Male,2001,6455,2673188,241.5,288
Wisconsin,WI,Male,2002,6517,2693465,242,286.3
Wisconsin,WI,Male,2003,6265,2712302,231,269.8
Wisconsin,WI,Male,2004,5982,2731348,219,252.9
Wisconsin,WI,Male,2005,5911,2749105,215,245
Wisconsin,WI,Male,2006,5739,2765379,207.5,232.7
Wisconsin,WI,Male,2007,5622,2782993,202,221.2
Wisconsin,WI,Male,2008,5739,2798728,205.1,220.7
Wisconsin,WI,Male,2009,5568,2813161,197.9,209.8
Wisconsin,WI,Male,2010,5683,2822400,201.4,210.5
Wisconsin,WI,Male,2011,5805,2836092,204.7,209.3
Wisconsin,WI,Male,2012,5865,2843072,206.3,205.7
Wisconsin,WI,Male,2013,6073,2852160,212.9,207.9
Wisconsin,WI,Male,2014,5903,2859507,206.4,196.6
Wisconsin,WI,Male,2015,6066,2867600,211.5,199
Wisconsin,WI,Male,2016,6174,2873426,214.9,198.6
Wisconsin,WI,Male,2017,6464,2882738,224.2,204.6
Wyoming,WY,Female,1999,479,244518,195.9,178.4
Wyoming,WY,Female,2000,456,245408,185.8,166.8
Wyoming,WY,Female,2001,486,245327,198.1,174.4
Wyoming,WY,Female,2002,460,247785,185.6,164.7
Wyoming,WY,Female,2003,468,249128,187.9,166.1
Wyoming,WY,Female,2004,475,251506,188.9,166.2
Wyoming,WY,Female,2005,451,253726,177.8,155.6
Wyoming,WY,Female,2006,474,257361,184.2,157.9
Wyoming,WY,Female,2007,441,262776,167.8,146.5
Wyoming,WY,Female,2008,436,267982,162.7,142.5
Wyoming,WY,Female,2009,415,274046,151.4,132.9
Wyoming,WY,Female,2010,454,276189,164.4,143.2
Wyoming,WY,Female,2011,376,278401,135.1,115.5
Wyoming,WY,Female,2012,410,282131,145.3,122.3
Wyoming,WY,Female,2013,378,285380,132.5,110.4
Wyoming,WY,Female,2014,450,286111,157.3,126.9
Wyoming,WY,Female,2015,452,287206,157.4,126.5
Wyoming,WY,Female,2016,445,286559,155.3,120.9
Wyoming,WY,Female,2017,423,283877,149,114.4
Wyoming,WY,Male,1999,530,247262,214.3,293.2
Wyoming,WY,Male,2000,536,248374,215.8,282.1
Wyoming,WY,Male,2001,499,249330,200.1,258.2
Wyoming,WY,Male,2002,545,252232,216.1,278.3
Wyoming,WY,Male,2003,507,254325,199.4,240.9
Wyoming,WY,Male,2004,475,257600,184.4,220.5
Wyoming,WY,Male,2005,501,260431,192.4,228.1
Wyoming,WY,Male,2006,520,265306,196,233.8
Wyoming,WY,Male,2007,516,272100,189.6,218.6
Wyoming,WY,Male,2008,501,278061,180.2,205.3
Wyoming,WY,Male,2009,549,285805,192.1,220.1
Wyoming,WY,Male,2010,508,287437,176.7,199.9
Wyoming,WY,Male,2011,550,289757,189.8,209.2
Wyoming,WY,Male,2012,595,294281,202.2,220.2
Wyoming,WY,Male,2013,561,297278,188.7,201.4
Wyoming,WY,Male,2014,585,298042,196.3,199.9
Wyoming,WY,Male,2015,578,298901,193.4,195.6
Wyoming,WY,Male,2016,606,298942,202.7,200.5
Wyoming,WY,Male,2017,578,295438,195.6,190.3