"","State_name","Year","Deaths","Population","Crude.Rate","Age_Adjusted_Rate","State"
"1","Alabama",2014,12461,4849377,257,224,"AL"
"2","Alabama",2015,12981,4858979,267.2,229.7,"AL"
"3","Alabama",2016,12832,4863300,263.9,222.5,"AL"
"4","Alabama",2013,12472,4833722,258,228.4,"AL"
"5","Alabama",2009,12021,4757938,252.7,238,"AL"
"6","Alabama",2010,12083,4779736,252.8,236,"AL"
"7","Alabama",2011,11942,4802740,248.6,228.7,"AL"
"8","Alabama",2012,12036,4822023,249.6,225.1,"AL"
"9","Alabama",1999,13419,4430141,302.9,303,"AL"
"10","Alabama",2000,13406,4447100,301.5,299.5,"AL"
"11","Alabama",2001,13207,4467634,295.6,292.7,"AL"
"12","Alabama",2002,13197,4480089,294.6,291.3,"AL"
"13","Alabama",2017,13110,4874747,268.9,223.2,"AL"
"14","Alabama",2004,12774,4530729,281.9,278.1,"AL"
"15","Alabama",2005,12869,4569805,281.6,274.5,"AL"
"16","Alabama",2006,12583,4628981,271.8,263,"AL"
"17","Alabama",2007,11926,4672840,255.2,244.9,"AL"
"18","Alabama",2008,12074,4718206,255.9,243.3,"AL"
"19","Alabama",2003,13150,4503491,292,288.5,"AL"
"20","Alaska",2004,589,659286,89.3,160.1,"AK"
"21","Alaska",2005,627,666946,94,166.1,"AK"
"22","Alaska",2006,645,675302,95.5,170.6,"AK"
"23","Alaska",2008,634,687455,92.2,150.1,"AK"
"24","Alaska",2009,714,698895,102.2,158.9,"AK"
"25","Alaska",2010,707,710231,99.5,151.5,"AK"
"26","Alaska",2007,613,680300,90.1,154.2,"AK"
"27","Alaska",1999,563,624779,90.1,198,"AK"
"28","Alaska",2000,607,626932,96.8,211.7,"AK"
"29","Alaska",2001,603,633714,95.2,189.1,"AK"
"30","Alaska",2002,567,642337,88.3,169.3,"AK"
"31","Alaska",2003,626,648414,96.5,185.5,"AK"
"32","Alaska",2015,846,738432,114.6,154.1,"AK"
"33","Alaska",2016,831,741894,112,141,"AK"
"34","Alaska",2017,814,739795,110,135,"AK"
"35","Alaska",2013,706,735132,96,135,"AK"
"36","Alaska",2014,782,736732,106.1,146.6,"AK"
"37","Alaska",2011,739,722718,102.3,149.6,"AK"
"38","Alaska",2012,708,731449,96.8,136.5,"AK"
"39","Arizona",2014,10805,6731484,160.5,136.4,"AZ"
"40","Arizona",2015,11458,6828065,167.8,138.8,"AZ"
"41","Arizona",2016,11957,6931071,172.5,138.9,"AZ"
"42","Arizona",2017,12398,7016270,176.7,141.9,"AZ"
"43","Arizona",2003,10887,5510364,197.6,202.2,"AZ"
"44","Arizona",2004,10539,5652404,186.5,190,"AZ"
"45","Arizona",2011,10662,6482505,164.5,150.3,"AZ"
"46","Arizona",2012,10689,6553255,163.1,145.5,"AZ"
"47","Arizona",2013,10755,6626624,162.3,141.1,"AZ"
"48","Arizona",1999,10800,5023823,215,223.1,"AZ"
"49","Arizona",2000,10584,5130632,206.3,214,"AZ"
"50","Arizona",2001,10588,5273477,200.8,207.3,"AZ"
"51","Arizona",2002,10852,5396255,201.1,207.9,"AZ"
"52","Arizona",2007,10302,6167681,167,166,"AZ"
"53","Arizona",2008,10385,6280362,165.4,162.3,"AZ"
"54","Arizona",2005,10966,5839077,187.8,189.8,"AZ"
"55","Arizona",2006,10607,6029141,175.9,176.5,"AZ"
"56","Arizona",2009,10273,6343154,162,155.7,"AZ"
"57","Arizona",2010,9954,6392017,155.7,146.7,"AZ"
"58","Arkansas",1999,8315,2651860,313.6,287.8,"AR"
"59","Arkansas",2000,8278,2673400,309.6,283.8,"AR"
"60","Arkansas",2007,7214,2848650,253.2,230.1,"AR"
"61","Arkansas",2008,7516,2874554,261.5,236.1,"AR"
"62","Arkansas",2009,7295,2896843,251.8,226.1,"AR"
"63","Arkansas",2010,7274,2915918,249.5,222.5,"AR"
"64","Arkansas",2011,7168,2937979,244,213.8,"AR"
"65","Arkansas",2012,7407,2949131,251.2,218.6,"AR"
"66","Arkansas",2013,7377,2959373,249.3,214.1,"AR"
"67","Arkansas",2001,8263,2691571,307,281.8,"AR"
"68","Arkansas",2002,8330,2705927,307.8,282.8,"AR"
"69","Arkansas",2003,7786,2724816,285.7,262.5,"AR"
"70","Arkansas",2004,7534,2749686,274,252.1,"AR"
"71","Arkansas",2005,7575,2781097,272.4,250.3,"AR"
"72","Arkansas",2006,7431,2821761,263.3,240.5,"AR"
"73","Arkansas",2014,7581,2966369,255.6,217.5,"AR"
"74","Arkansas",2015,7938,2978204,266.5,223.2,"AR"
"75","Arkansas",2016,8090,2988248,270.7,223.7,"AR"
"76","Arkansas",2017,8270,3004279,275.3,223.8,"AR"
"77","California",2014,58189,38802500,150,142.2,"CA"
"78","California",2015,61289,39144818,156.6,145.6,"CA"
"79","California",2016,61573,39250017,156.9,143.1,"CA"
"80","California",2017,62797,39536653,158.8,142.9,"CA"
"81","California",2004,64999,35574576,182.7,209,"CA"
"82","California",2005,64916,35827943,181.2,203,"CA"
"83","California",2006,64871,36021202,180.1,198.8,"CA"
"84","California",2007,61690,36250311,170.2,183.9,"CA"
"85","California",1999,71930,33499204,214.7,257.3,"CA"
"86","California",2000,68426,33871648,202,239.9,"CA"
"87","California",2001,68234,34479458,197.9,233.6,"CA"
"88","California",2002,68797,34871843,197.3,230.4,"CA"
"89","California",2003,68864,35253159,195.3,225.1,"CA"
"90","California",2008,60709,36604337,165.9,176.1,"CA"
"91","California",2009,59206,36961229,160.2,166.9,"CA"
"92","California",2010,58641,37253956,157.4,161.9,"CA"
"93","California",2011,59772,37691912,158.6,159,"CA"
"94","California",2012,59371,38041430,156.1,153.3,"CA"
"95","California",2013,60299,38332521,157.3,151.8,"CA"
"96","Colorado",2001,6293,4425687,142.2,183.3,"CO"
"97","Colorado",2002,6425,4490406,143.1,182.7,"CO"
"98","Colorado",1999,6420,4226018,151.9,196.3,"CO"
"99","Colorado",2000,6184,4301261,143.8,185.3,"CO"
"100","Colorado",2009,6093,4972195,122.5,136.5,"CO"
"101","Colorado",2010,6038,5029196,120.1,132.8,"CO"
"102","Colorado",2011,6177,5116796,120.7,129.8,"CO"
"103","Colorado",2012,6311,5187582,121.7,127.3,"CO"
"104","Colorado",2013,6456,5268367,122.5,125.7,"CO"
"105","Colorado",2014,6900,5355866,128.8,130.3,"CO"
"106","Colorado",2015,7009,5456574,128.5,128.4,"CO"
"107","Colorado",2003,6499,4528732,143.5,180.3,"CO"
"108","Colorado",2004,6079,4575013,132.9,163.6,"CO"
"109","Colorado",2005,6307,4631888,136.2,164.8,"CO"
"110","Colorado",2006,6124,4720423,129.7,152.7,"CO"
"111","Colorado",2007,6106,4803868,127.1,147,"CO"
"112","Colorado",2008,6118,4889730,125.1,142.5,"CO"
"113","Colorado",2016,7277,5540545,131.3,129.8,"CO"
"114","Colorado",2017,7060,5607154,125.9,122.7,"CO"
"115","Connecticut",2004,7868,3496094,225.1,189.5,"CT"
"116","Connecticut",2005,7650,3506956,218.1,180.7,"CT"
"117","Connecticut",2016,7051,3576452,197.2,144.3,"CT"
"118","Connecticut",2017,7138,3588184,198.9,141.6,"CT"
"119","Connecticut",2008,7355,3545579,207.4,165.6,"CT"
"120","Connecticut",2009,7105,3561807,199.5,157.7,"CT"
"121","Connecticut",2006,7490,3517460,212.9,174.7,"CT"
"122","Connecticut",2007,7289,3527270,206.6,167.4,"CT"
"123","Connecticut",1999,9127,3386401,269.5,238.8,"CT"
"124","Connecticut",2000,8993,3405565,264.1,232.7,"CT"
"125","Connecticut",2001,8582,3432835,250,218,"CT"
"126","Connecticut",2002,8815,3458749,254.9,219.2,"CT"
"127","Connecticut",2003,8389,3484336,240.8,204.1,"CT"
"128","Connecticut",2012,7282,3590347,202.8,155.3,"CT"
"129","Connecticut",2013,7090,3596080,197.2,148.9,"CT"
"130","Connecticut",2010,7127,3574097,199.4,155.7,"CT"
"131","Connecticut",2011,7206,3580709,201.2,155.1,"CT"
"132","Connecticut",2014,7018,3596677,195.1,145.6,"CT"
"133","Connecticut",2015,7205,3590886,200.6,147.8,"CT"
"134","Delaware",1999,2011,774990,259.5,269.2,"DE"
"135","Delaware",2000,1983,783600,253.1,262.5,"DE"
"136","Delaware",2003,2027,818003,247.8,247.1,"DE"
"137","Delaware",2004,2015,830803,242.5,238.1,"DE"
"138","Delaware",2001,2033,795699,255.5,261.2,"DE"
"139","Delaware",2002,1918,806169,237.9,239.9,"DE"
"140","Delaware",2011,1809,907135,199.4,175.2,"DE"
"141","Delaware",2012,1790,917092,195.2,168.8,"DE"
"142","Delaware",2013,1861,925749,201,168,"DE"
"143","Delaware",2014,1921,935614,205.3,168.7,"DE"
"144","Delaware",2015,1940,945934,205.1,165.2,"DE"
"145","Delaware",2016,1974,952065,207.3,163.2,"DE"
"146","Delaware",2017,1990,961939,206.9,158.4,"DE"
"147","Delaware",2005,2031,845150,240.3,232.3,"DE"
"148","Delaware",2006,1866,859268,217.2,206,"DE"
"149","Delaware",2007,1914,871749,219.6,205.1,"DE"
"150","Delaware",2008,1777,883874,201,184.2,"DE"
"151","Delaware",2009,1796,891730,201.4,182.3,"DE"
"152","Delaware",2010,1776,897934,197.8,175.7,"DE"
"153","Florida",1999,51434,15759421,326.4,247.7,"FL"
"154","Florida",2000,50336,15982378,314.9,238.6,"FL"
"155","Florida",2001,50629,16356966,309.5,236,"FL"
"156","Florida",2002,49235,16689370,295,226.1,"FL"
"157","Florida",2003,48141,17004085,283.1,217.3,"FL"
"158","Florida",2004,47160,17415318,270.8,208.7,"FL"
"159","Florida",2005,46279,17842038,259.4,200,"FL"
"160","Florida",2006,44305,18166990,243.9,187.9,"FL"
"161","Florida",2007,42254,18367842,230,175.8,"FL"
"162","Florida",2008,42067,18527305,227.1,170.7,"FL"
"163","Florida",2009,41274,18652644,221.3,163.8,"FL"
"164","Florida",2010,41737,18801310,222,162.3,"FL"
"165","Florida",2011,40919,19057542,214.7,153.1,"FL"
"166","Florida",2012,42125,19317568,218.1,153,"FL"
"167","Florida",2013,42656,19552860,218.2,149.8,"FL"
"168","Florida",2014,44511,19893297,223.7,151.3,"FL"
"169","Florida",2015,45441,20271272,224.2,149.8,"FL"
"170","Florida",2016,45659,20612439,221.5,146.2,"FL"
"171","Florida",2017,46440,20984400,221.3,145.8,"FL"
"172","Georgia",1999,17597,8045965,218.7,282.8,"GA"
"173","Georgia",2000,17406,8186453,212.6,276,"GA"
"174","Georgia",2001,17478,8377038,208.6,271.4,"GA"
"175","Georgia",2002,17529,8508256,206,265.8,"GA"
"176","Georgia",2003,17188,8622793,199.3,255.2,"GA"
"177","Georgia",2004,16557,8769252,188.8,240.3,"GA"
"178","Georgia",2005,16781,8925922,188,236,"GA"
"179","Georgia",2006,16478,9155813,180,222.2,"GA"
"180","Georgia",2007,16184,9349988,173.1,212,"GA"
"181","Georgia",2008,15721,9504843,165.4,199.1,"GA"
"182","Georgia",2009,16165,9620846,168,198.4,"GA"
"183","Georgia",2010,15987,9687653,165,192.6,"GA"
"184","Georgia",2011,15773,9815210,160.7,182.5,"GA"
"185","Georgia",2012,15825,9919945,159.5,177.6,"GA"
"186","Georgia",2013,16550,9992167,165.6,178.7,"GA"
"187","Georgia",2014,17107,10097343,169.4,179.7,"GA"
"188","Georgia",2015,17769,10214860,174,180.2,"GA"
"189","Georgia",2016,18143,10310371,176,179,"GA"
"190","Georgia",2017,18389,10429379,176.3,175.8,"GA"
"191","Hawaii",1999,2410,1210300,199.1,201.7,"HI"
"192","Hawaii",2000,2390,1211537,197.3,195,"HI"
"193","Hawaii",2001,2310,1225948,188.4,181.7,"HI"
"194","Hawaii",2002,2512,1239613,202.6,191.8,"HI"
"195","Hawaii",2003,2461,1251154,196.7,182.2,"HI"
"196","Hawaii",2004,2457,1273569,192.9,176.6,"HI"
"197","Hawaii",2005,2319,1292729,179.4,160.9,"HI"
"198","Hawaii",2006,2244,1309731,171.3,151.4,"HI"
"199","Hawaii",2007,2227,1315675,169.3,146.7,"HI"
"200","Hawaii",2008,2313,1332213,173.6,147.7,"HI"
"201","Hawaii",2009,2363,1346717,175.5,146.5,"HI"
"202","Hawaii",2010,2239,1360301,164.6,134.7,"HI"
"203","Hawaii",2011,2312,1374810,168.2,132.9,"HI"
"204","Hawaii",2012,2430,1392313,174.5,135.2,"HI"
"205","Hawaii",2013,2521,1404054,179.6,139,"HI"
"206","Hawaii",2014,2528,1419561,178.1,136.7,"HI"
"207","Hawaii",2015,2605,1431603,182,135.6,"HI"
"208","Hawaii",2016,2488,1428557,174.2,127,"HI"
"209","Hawaii",2017,2575,1427538,180.4,129.8,"HI"
"210","Idaho",1999,2532,1275674,198.5,220.5,"ID"
"211","Idaho",2000,2519,1293953,194.7,215.2,"ID"
"212","Idaho",2001,2489,1319962,188.6,207,"ID"
"213","Idaho",2002,2532,1340372,188.9,205.2,"ID"
"214","Idaho",2003,2566,1363380,188.2,202.1,"ID"
"215","Idaho",2004,2450,1391802,176,188.6,"ID"
"216","Idaho",2005,2450,1428241,171.5,182.6,"ID"
"217","Idaho",2006,2399,1468669,163.3,171.3,"ID"
"218","Idaho",2007,2433,1505105,161.6,167.8,"ID"
"219","Idaho",2008,2330,1534320,151.9,157.1,"ID"
"220","Idaho",2009,2398,1554439,154.3,155.7,"ID"
"221","Idaho",2010,2495,1567582,159.2,159.3,"ID"
"222","Idaho",2011,2522,1584985,159.1,155.8,"ID"
"223","Idaho",2012,2515,1595728,157.6,150.9,"ID"
"224","Idaho",2013,2495,1612136,154.8,145.4,"ID"
"225","Idaho",2014,2676,1634464,163.7,152.8,"ID"
"226","Idaho",2015,2825,1654930,170.7,156.4,"ID"
"227","Idaho",2016,2969,1683140,176.4,160,"ID"
"228","Idaho",2017,3084,1716943,179.6,162.4,"ID"
"229","Illinois",1999,33387,12359020,270.1,279.1,"IL"
"230","Illinois",2000,31844,12419293,256.4,263.7,"IL"
"231","Illinois",2001,30990,12488445,248.1,253.8,"IL"
"232","Illinois",2002,30821,12525556,246.1,250.2,"IL"
"233","Illinois",2003,29816,12556006,237.5,239.2,"IL"
"234","Illinois",2004,28284,12589773,224.7,224.3,"IL"
"235","Illinois",2005,28226,12609903,223.8,220.7,"IL"
"236","Illinois",2006,27007,12643955,213.6,208.5,"IL"
"237","Illinois",2007,25813,12695866,203.3,196,"IL"
"238","Illinois",2008,26078,12747038,204.6,195.1,"IL"
"239","Illinois",2009,24931,12796778,194.8,184,"IL"
"240","Illinois",2010,24959,12830632,194.5,181.7,"IL"
"241","Illinois",2011,24987,12869257,194.2,178.1,"IL"
"242","Illinois",2012,24667,12875255,191.6,172.7,"IL"
"243","Illinois",2013,24839,12882135,192.8,170.9,"IL"
"244","Illinois",2014,25024,12880580,194.3,169.7,"IL"
"245","Illinois",2015,25652,12859995,199.5,171.5,"IL"
"246","Illinois",2016,25013,12801539,195.4,165.7,"IL"
"247","Illinois",2017,25394,12802023,198.4,163.3,"IL"
"248","Indiana",1999,16661,6044969,275.6,282.5,"IN"
"249","Indiana",2000,16210,6080485,266.6,272.3,"IN"
"250","Indiana",2001,15682,6127760,255.9,259.8,"IN"
"251","Indiana",2002,15321,6155967,248.9,250.9,"IN"
"252","Indiana",2003,15467,6196638,249.6,249.4,"IN"
"253","Indiana",2004,14636,6233007,234.8,233.2,"IN"
"254","Indiana",2005,14542,6278616,231.6,227.9,"IN"
"255","Indiana",2006,14375,6332669,227,220.8,"IN"
"256","Indiana",2007,13682,6379599,214.5,205.9,"IN"
"257","Indiana",2008,13663,6424806,212.7,201.6,"IN"
"258","Indiana",2009,13509,6459325,209.1,196.7,"IN"
"259","Indiana",2010,13388,6483802,206.5,191.8,"IN"
"260","Indiana",2011,13372,6516922,205.2,187.2,"IN"
"261","Indiana",2012,13675,6537334,209.2,188.4,"IN"
"262","Indiana",2013,13773,6570902,209.6,186.2,"IN"
"263","Indiana",2014,13764,6596855,208.6,182.7,"IN"
"264","Indiana",2015,13948,6619680,210.7,182.3,"IN"
"265","Indiana",2016,13952,6633053,210.3,180.6,"IN"
"266","Indiana",2017,14445,6666818,216.7,183.2,"IN"
"267","Iowa",1999,8699,2917634,298.2,240.3,"IA"
"268","Iowa",2000,8559,2926324,292.5,236.1,"IA"
"269","Iowa",2001,8250,2931997,281.4,225.1,"IA"
"270","Iowa",2002,8181,2934234,278.8,221.5,"IA"
"271","Iowa",2003,7840,2941999,266.5,210.9,"IA"
"272","Iowa",2004,7299,2953635,247.1,195,"IA"
"273","Iowa",2005,7437,2964454,250.9,196.6,"IA"
"274","Iowa",2006,7172,2982644,240.5,187,"IA"
"275","Iowa",2007,6880,2999212,229.4,177.2,"IA"
"276","Iowa",2008,7284,3016734,241.5,185.5,"IA"
"277","Iowa",2009,6938,3032870,228.8,176.1,"IA"
"278","Iowa",2010,6880,3046355,225.8,173.3,"IA"
"279","Iowa",2011,6736,3062309,220,166,"IA"
"280","Iowa",2012,7005,3074186,227.9,170.4,"IA"
"281","Iowa",2013,6995,3090416,226.3,168.8,"IA"
"282","Iowa",2014,6615,3107126,212.9,157.3,"IA"
"283","Iowa",2015,6813,3123899,218.1,160.9,"IA"
"284","Iowa",2016,6937,3134693,221.3,162.8,"IA"
"285","Iowa",2017,7180,3145711,228.2,167.4,"IA"
"286","Kansas",1999,6975,2678338,260.4,237,"KS"
"287","Kansas",2000,6931,2688418,257.8,234.2,"KS"
"288","Kansas",2001,6716,2702162,248.5,225.6,"KS"
"289","Kansas",2002,6680,2713535,246.2,223.2,"KS"
"290","Kansas",2003,6491,2723004,238.4,214.7,"KS"
"291","Kansas",2004,6048,2734373,221.2,198.9,"KS"
"292","Kansas",2005,5960,2745299,217.1,192.6,"KS"
"293","Kansas",2006,5849,2762931,211.7,186.3,"KS"
"294","Kansas",2007,5749,2783785,206.5,180.8,"KS"
"295","Kansas",2008,5643,2808076,201,175.4,"KS"
"296","Kansas",2009,5294,2832704,186.9,163,"KS"
"297","Kansas",2010,5433,2853118,190.4,164.9,"KS"
"298","Kansas",2011,5327,2871238,185.5,158.2,"KS"
"299","Kansas",2012,5366,2885905,185.9,158.2,"KS"
"300","Kansas",2013,5364,2893957,185.4,156.1,"KS"
"301","Kansas",2014,5479,2904021,188.7,157.4,"KS"
"302","Kansas",2015,5624,2911641,193.2,158.5,"KS"
"303","Kansas",2016,5672,2907289,195.1,159.2,"KS"
"304","Kansas",2017,5723,2913123,196.5,157.9,"KS"
"305","Kentucky",1999,12098,4018053,301.1,310.9,"KY"
"306","Kentucky",2000,11936,4041769,295.3,303.6,"KY"
"307","Kentucky",2001,11808,4068132,290.3,297.3,"KY"
"308","Kentucky",2002,11696,4089875,286,292.2,"KY"
"309","Kentucky",2003,11319,4117170,274.9,279.2,"KY"
"310","Kentucky",2004,10465,4146101,252.4,254.8,"KY"
"311","Kentucky",2005,10782,4182742,257.8,257.3,"KY"
"312","Kentucky",2006,10353,4219239,245.4,241.4,"KY"
"313","Kentucky",2007,9916,4256672,233,227,"KY"
"314","Kentucky",2008,10061,4289878,234.5,225.5,"KY"
"315","Kentucky",2009,9728,4317074,225.3,214.3,"KY"
"316","Kentucky",2010,9662,4339367,222.7,210.1,"KY"
"317","Kentucky",2011,9905,4369356,226.7,210,"KY"
"318","Kentucky",2012,10024,4380415,228.8,208.2,"KY"
"319","Kentucky",2013,9971,4395295,226.9,203.4,"KY"
"320","Kentucky",2014,10013,4413457,226.9,200.5,"KY"
"321","Kentucky",2015,10077,4425092,227.7,197.8,"KY"
"322","Kentucky",2016,10519,4436974,237.1,203,"KY"
"323","Kentucky",2017,10343,4454189,232.2,195.9,"KY"
"324","Louisiana",1999,12007,4460811,269.2,302.3,"LA"
"325","Louisiana",2000,11629,4468976,260.2,288.7,"LA"
"326","Louisiana",2001,11474,4477875,256.2,282.6,"LA"
"327","Louisiana",2002,11185,4497267,248.7,272.4,"LA"
"328","Louisiana",2003,11540,4521042,255.3,277.5,"LA"
"329","Louisiana",2004,10852,4552238,238.4,257.9,"LA"
"330","Louisiana",2005,11008,4576628,240.5,256.9,"LA"
"331","Louisiana",2006,10026,4302665,233,241.4,"LA"
"332","Louisiana",2007,9947,4375581,227.3,234.9,"LA"
"333","Louisiana",2008,10347,4435586,233.3,238.5,"LA"
"334","Louisiana",2009,10169,4491648,226.4,229.9,"LA"
"335","Louisiana",2010,10282,4533372,226.8,229.4,"LA"
"336","Louisiana",2011,9781,4574836,213.8,212.4,"LA"
"337","Louisiana",2012,10074,4601893,218.9,213.1,"LA"
"338","Louisiana",2013,10346,4625470,223.7,214.1,"LA"
"339","Louisiana",2014,10647,4649676,229,216.3,"LA"
"340","Louisiana",2015,10665,4670724,228.3,212.1,"LA"
"341","Louisiana",2016,10943,4681666,233.7,213.1,"LA"
"342","Louisiana",2017,11260,4684333,240.4,214.4,"LA"
"343","Maine",1999,3418,1266808,269.8,238.7,"ME"
"344","Maine",2000,3400,1274923,266.7,233.9,"ME"
"345","Maine",2001,3272,1285692,254.5,220.7,"ME"
"346","Maine",2002,3170,1295960,244.6,210.6,"ME"
"347","Maine",2003,3106,1306513,237.7,203,"ME"
"348","Maine",2004,2948,1313688,224.4,189.9,"ME"
"349","Maine",2005,2941,1318787,223,186.5,"ME"
"350","Maine",2006,2815,1323619,212.7,174.3,"ME"
"351","Maine",2007,2852,1327040,214.9,173,"ME"
"352","Maine",2008,2785,1330509,209.3,164.6,"ME"
"353","Maine",2009,2674,1329590,201.1,156.4,"ME"
"354","Maine",2010,2628,1328361,197.8,151.1,"ME"
"355","Maine",2011,2648,1328188,199.4,149.5,"ME"
"356","Maine",2012,2623,1329192,197.3,145.9,"ME"
"357","Maine",2013,2807,1328302,211.3,152.3,"ME"
"358","Maine",2014,2776,1330089,208.7,147.9,"ME"
"359","Maine",2015,3009,1329328,226.4,157.3,"ME"
"360","Maine",2016,2907,1331479,218.3,149.5,"ME"
"361","Maine",2017,2844,1335907,212.9,143.5,"ME"
"362","Maryland",1999,12080,5254509,229.9,259.2,"MD"
"363","Maryland",2000,12348,5296486,233.1,261.3,"MD"
"364","Maryland",2001,12310,5374691,229,253.8,"MD"
"365","Maryland",2002,12008,5440389,220.7,242.4,"MD"
"366","Maryland",2003,12164,5496269,221.3,239.8,"MD"
"367","Maryland",2004,11346,5546935,204.5,218.5,"MD"
"368","Maryland",2005,11594,5592379,207.3,217.9,"MD"
"369","Maryland",2006,11268,5627367,200.2,206.6,"MD"
"370","Maryland",2007,11314,5653408,200.1,203,"MD"
"371","Maryland",2008,11157,5684965,196.3,195.1,"MD"
"372","Maryland",2009,11210,5730388,195.6,190.8,"MD"
"373","Maryland",2010,10915,5773552,189.1,182.2,"MD"
"374","Maryland",2011,10557,5828289,181.1,171.2,"MD"
"375","Maryland",2012,11023,5884563,187.3,174.4,"MD"
"376","Maryland",2013,11244,5928814,189.7,172.7,"MD"
"377","Maryland",2014,11135,5976407,186.3,167.8,"MD"
"378","Maryland",2015,11481,6006401,191.1,169.3,"MD"
"379","Maryland",2016,11390,6016447,189.3,164.3,"MD"
"380","Maryland",2017,11653,6052177,192.5,164.5,"MD"
"381","Massachusetts",1999,15871,6317345,251.2,228.5,"MA"
"382","Massachusetts",2000,15314,6349097,241.2,217.9,"MA"
"383","Massachusetts",2001,15144,6397634,236.7,213.5,"MA"
"384","Massachusetts",2002,14736,6417206,229.6,205.5,"MA"
"385","Massachusetts",2003,14634,6422565,227.9,201.5,"MA"
"386","Massachusetts",2004,13824,6412281,215.6,188.9,"MA"
"387","Massachusetts",2005,13280,6403290,207.4,179,"MA"
"388","Massachusetts",2006,12947,6410084,202,171.7,"MA"
"389","Massachusetts",2007,12710,6431559,197.6,166.4,"MA"
"390","Massachusetts",2008,12776,6468967,197.5,164.1,"MA"
"391","Massachusetts",2009,12322,6517613,189.1,156.1,"MA"
"392","Massachusetts",2010,12043,6547629,183.9,150,"MA"
"393","Massachusetts",2011,11765,6587536,178.6,143.8,"MA"
"394","Massachusetts",2012,11602,6646144,174.6,139,"MA"
"395","Massachusetts",2013,12023,6692824,179.6,141.5,"MA"
"396","Massachusetts",2014,11817,6745408,175.2,137.1,"MA"
"397","Massachusetts",2015,12130,6794422,178.5,138.5,"MA"
"398","Massachusetts",2016,11921,6811779,175,134.8,"MA"
"399","Massachusetts",2017,12140,6859819,177,134.6,"MA"
"400","Michigan",1999,27693,9897116,279.8,292.9,"MI"
"401","Michigan",2000,27325,9938444,274.9,285.9,"MI"
"402","Michigan",2001,26896,9991120,269.2,276.4,"MI"
"403","Michigan",2002,26659,10015710,266.2,269.5,"MI"
"404","Michigan",2003,26010,10041152,259,258,"MI"
"405","Michigan",2004,24825,10055315,246.9,242.7,"MI"
"406","Michigan",2005,25128,10051137,250,241.3,"MI"
"407","Michigan",2006,24255,10036081,241.7,228.1,"MI"
"408","Michigan",2007,24149,10001284,241.5,222.4,"MI"
"409","Michigan",2008,24344,9946889,244.7,220.5,"MI"
"410","Michigan",2009,23099,9901591,233.3,205.5,"MI"
"411","Michigan",2010,23326,9883640,236,204.2,"MI"
"412","Michigan",2011,23358,9876187,236.5,200.1,"MI"
"413","Michigan",2012,23520,9883360,238,197.9,"MI"
"414","Michigan",2013,24156,9895622,244.1,199.8,"MI"
"415","Michigan",2014,24692,9909877,249.2,200.9,"MI"
"416","Michigan",2015,24794,9922576,249.9,198.9,"MI"
"417","Michigan",2016,25304,9928300,254.9,200.6,"MI"
"418","Michigan",2017,25187,9962311,252.8,196.1,"MI"
"419","Minnesota",1999,9533,4873481,195.6,192.4,"MN"
"420","Minnesota",2000,8885,4919479,180.6,177.7,"MN"
"421","Minnesota",2001,8760,4982796,175.8,172,"MN"
"422","Minnesota",2002,8602,5018935,171.4,165.9,"MN"
"423","Minnesota",2003,8144,5053572,161.2,154.1,"MN"
"424","Minnesota",2004,7891,5087713,155.1,146.7,"MN"
"425","Minnesota",2005,7926,5119598,154.8,145.4,"MN"
"426","Minnesota",2006,7525,5163555,145.7,134.9,"MN"
"427","Minnesota",2007,7477,5207203,143.6,130.7,"MN"
"428","Minnesota",2008,7367,5247018,140.4,126.6,"MN"
"429","Minnesota",2009,7238,5281203,137.1,122.1,"MN"
"430","Minnesota",2010,7185,5303925,135.5,119.4,"MN"
"431","Minnesota",2011,7240,5344861,135.5,117,"MN"
"432","Minnesota",2012,7496,5379139,139.4,119.2,"MN"
"433","Minnesota",2013,7714,5420380,142.3,119.6,"MN"
"434","Minnesota",2014,7659,5457173,140.3,116.5,"MN"
"435","Minnesota",2015,7844,5489594,142.9,116.6,"MN"
"436","Minnesota",2016,7825,5519952,141.8,114.9,"MN"
"437","Minnesota",2017,8230,5576606,147.6,119.1,"MN"
"438","Mississippi",1999,9336,2828408,330.1,347.4,"MS"
"439","Mississippi",2000,9256,2844658,325.4,341.2,"MS"
"440","Mississippi",2001,9050,2852994,317.2,333.5,"MS"
"441","Mississippi",2002,9061,2858681,317,332.6,"MS"
"442","Mississippi",2003,8683,2868312,302.7,317.1,"MS"
"443","Mississippi",2004,8282,2889010,286.7,298.8,"MS"
"444","Mississippi",2005,8637,2905943,297.2,306.4,"MS"
"445","Mississippi",2006,8097,2904978,278.7,285.4,"MS"
"446","Mississippi",2007,8037,2928350,274.5,278.5,"MS"
"447","Mississippi",2008,7997,2947806,271.3,273.2,"MS"
"448","Mississippi",2009,7530,2958774,254.5,253.8,"MS"
"449","Mississippi",2010,7542,2967297,254.2,251.1,"MS"
"450","Mississippi",2011,7335,2978512,246.3,240.1,"MS"
"451","Mississippi",2012,7269,2984926,243.5,231.3,"MS"
"452","Mississippi",2013,7715,2991207,257.9,240,"MS"
"453","Mississippi",2014,7538,2994079,251.8,229.9,"MS"
"454","Mississippi",2015,7969,2992333,266.3,240.5,"MS"
"455","Mississippi",2016,7865,2988726,263.2,233.1,"MS"
"456","Mississippi",2017,7944,2984100,266.2,231.6,"MS"
"457","Missouri",1999,17974,5561948,323.2,300.5,"MO"
"458","Missouri",2000,17235,5595211,308,286,"MO"
"459","Missouri",2001,16633,5641142,294.9,273.4,"MO"
"460","Missouri",2002,16708,5674825,294.4,272.7,"MO"
"461","Missouri",2003,16410,5709403,287.4,264.9,"MO"
"462","Missouri",2004,15500,5747741,269.7,248.5,"MO"
"463","Missouri",2005,14974,5790300,258.6,236.7,"MO"
"464","Missouri",2006,14749,5842704,252.4,228.8,"MO"
"465","Missouri",2007,14338,5887612,243.5,218.9,"MO"
"466","Missouri",2008,14644,5923916,247.2,219.8,"MO"
"467","Missouri",2009,13916,5961088,233.4,206.1,"MO"
"468","Missouri",2010,13840,5988927,231.1,201.8,"MO"
"469","Missouri",2011,13810,6010688,229.8,197.4,"MO"
"470","Missouri",2012,13742,6021988,228.2,193.4,"MO"
"471","Missouri",2013,14095,6044171,233.2,194.7,"MO"
"472","Missouri",2014,14338,6063589,236.5,194.7,"MO"
"473","Missouri",2015,14808,6083672,243.4,197.9,"MO"
"474","Missouri",2016,14579,6093000,239.3,192.1,"MO"
"475","Missouri",2017,14820,6113532,242.4,191.1,"MO"
"476","Montana",1999,2049,897507,228.3,214.6,"MT"
"477","Montana",2000,1995,902195,221.1,205.7,"MT"
"478","Montana",2001,1970,906961,217.2,199,"MT"
"479","Montana",2002,1944,911667,213.2,192.8,"MT"
"480","Montana",2003,1984,919630,215.7,193.3,"MT"
"481","Montana",2004,1838,930009,197.6,175.1,"MT"
"482","Montana",2005,1855,940102,197.3,172.2,"MT"
"483","Montana",2006,1869,952692,196.2,169.4,"MT"
"484","Montana",2007,1870,964706,193.8,164.5,"MT"
"485","Montana",2008,1975,976415,202.3,170.6,"MT"
"486","Montana",2009,1832,983982,186.2,154.3,"MT"
"487","Montana",2010,1849,989415,186.9,154.2,"MT"
"488","Montana",2011,1921,998199,192.4,156.9,"MT"
"489","Montana",2012,1903,1005141,189.3,151,"MT"
"490","Montana",2013,2004,1015165,197.4,154.3,"MT"
"491","Montana",2014,1957,1023579,191.2,147.8,"MT"
"492","Montana",2015,2104,1032949,203.7,155.8,"MT"
"493","Montana",2016,2138,1042520,205.1,154.4,"MT"
"494","Montana",2017,2164,1050493,206,155,"MT"
"495","Nebraska",1999,4497,1704764,263.8,235,"NE"
"496","Nebraska",2000,4197,1711263,245.3,217,"NE"
"497","Nebraska",2001,4150,1719836,241.3,212,"NE"
"498","Nebraska",2002,4242,1728292,245.4,215.5,"NE"
"499","Nebraska",2003,3954,1738643,227.4,199.6,"NE"
"500","Nebraska",2004,3738,1749370,213.7,187.2,"NE"
"501","Nebraska",2005,3640,1761497,206.6,179.4,"NE"
"502","Nebraska",2006,3445,1772693,194.3,168,"NE"
"503","Nebraska",2007,3520,1783440,197.4,168.1,"NE"
"504","Nebraska",2008,3459,1796378,192.6,163.2,"NE"
"505","Nebraska",2009,3277,1812683,180.8,153.2,"NE"
"506","Nebraska",2010,3355,1826341,183.7,154.2,"NE"
"507","Nebraska",2011,3265,1842641,177.2,146.9,"NE"
"508","Nebraska",2012,3307,1855525,178.2,146.9,"NE"
"509","Nebraska",2013,3381,1868516,180.9,147.9,"NE"
"510","Nebraska",2014,3296,1881503,175.2,143,"NE"
"511","Nebraska",2015,3591,1896190,189.4,154.5,"NE"
"512","Nebraska",2016,3322,1907116,174.2,140.3,"NE"
"513","Nebraska",2017,3581,1920076,186.5,149.3,"NE"
"514","Nevada",1999,4231,1934718,218.7,274.3,"NV"
"515","Nevada",2000,4089,1998257,204.6,255.3,"NV"
"516","Nevada",2001,4393,2098399,209.4,257.8,"NV"
"517","Nevada",2002,4421,2173791,203.4,247.5,"NV"
"518","Nevada",2003,4599,2248850,204.5,244,"NV"
"519","Nevada",2004,4693,2346222,200,240,"NV"
"520","Nevada",2005,5094,2432143,209.4,246.7,"NV"
"521","Nevada",2006,5013,2522658,198.7,233.7,"NV"
"522","Nevada",2007,4591,2601072,176.5,205.6,"NV"
"523","Nevada",2008,4646,2653630,175.1,202,"NV"
"524","Nevada",2009,4687,2684665,174.6,194.7,"NV"
"525","Nevada",2010,4811,2700551,178.1,197.3,"NV"
"526","Nevada",2011,5043,2723322,185.2,196.3,"NV"
"527","Nevada",2012,5166,2758931,187.2,192.5,"NV"
"528","Nevada",2013,5434,2790136,194.8,195.1,"NV"
"529","Nevada",2014,5761,2839099,202.9,197.2,"NV"
"530","Nevada",2015,6114,2890845,211.5,200.9,"NV"
"531","Nevada",2016,6457,2940058,219.6,205.9,"NV"
"532","Nevada",2017,6417,2998039,214,199.3,"NV"
"533","New Hampshire",1999,2751,1222014,225.1,236.2,"NH"
"534","New Hampshire",2000,2811,1235786,227.5,237.3,"NH"
"535","New Hampshire",2001,2835,1255517,225.8,234.6,"NH"
"536","New Hampshire",2002,2776,1269089,218.7,224.9,"NH"
"537","New Hampshire",2003,2725,1279840,212.9,216.7,"NH"
"538","New Hampshire",2004,2639,1290121,204.6,203.4,"NH"
"539","New Hampshire",2005,2530,1298492,194.8,189.8,"NH"
"540","New Hampshire",2006,2501,1308389,191.2,181.1,"NH"
"541","New Hampshire",2007,2511,1312540,191.3,176.9,"NH"
"542","New Hampshire",2008,2409,1315906,183.1,166,"NH"
"543","New Hampshire",2009,2268,1316102,172.3,153.4,"NH"
"544","New Hampshire",2010,2290,1316470,174,152.7,"NH"
"545","New Hampshire",2011,2333,1318194,177,151,"NH"
"546","New Hampshire",2012,2324,1320718,176,146.1,"NH"
"547","New Hampshire",2013,2434,1323459,183.9,148.9,"NH"
"548","New Hampshire",2014,2464,1326813,185.7,147.9,"NH"
"549","New Hampshire",2015,2571,1330608,193.2,149,"NH"
"550","New Hampshire",2016,2631,1334795,197.1,151.1,"NH"
"551","New Hampshire",2017,2721,1342795,202.6,149.7,"NH"
"552","New Jersey",1999,23493,8359592,281,270.5,"NJ"
"553","New Jersey",2000,23724,8414350,281.9,269.4,"NJ"
"554","New Jersey",2001,22704,8492671,267.3,254,"NJ"
"555","New Jersey",2002,22510,8552643,263.2,248.5,"NJ"
"556","New Jersey",2003,22043,8601402,256.3,239.9,"NJ"
"557","New Jersey",2004,20560,8634561,238.1,221.8,"NJ"
"558","New Jersey",2005,20655,8651974,238.7,219.1,"NJ"
"559","New Jersey",2006,19548,8661679,225.7,203.9,"NJ"
"560","New Jersey",2007,18831,8677885,217,193,"NJ"
"561","New Jersey",2008,19056,8711090,218.8,191.6,"NJ"
"562","New Jersey",2009,18086,8755602,206.6,178.6,"NJ"
"563","New Jersey",2010,18730,8791894,213,182,"NJ"
"564","New Jersey",2011,18330,8821155,207.8,174.9,"NJ"
"565","New Jersey",2012,18340,8864590,206.9,171.5,"NJ"
"566","New Jersey",2013,18460,8899339,207.4,170.1,"NJ"
"567","New Jersey",2014,18319,8938175,205,166.3,"NJ"
"568","New Jersey",2015,18647,8958013,208.2,166.7,"NJ"
"569","New Jersey",2016,18597,8944469,207.9,164.7,"NJ"
"570","New Jersey",2017,18840,9005644,209.2,162.3,"NJ"
"571","New Mexico",1999,3452,1808082,190.9,218,"NM"
"572","New Mexico",2000,3191,1819046,175.4,196.6,"NM"
"573","New Mexico",2001,3423,1831690,186.9,204.8,"NM"
"574","New Mexico",2002,3360,1855309,181.1,196.4,"NM"
"575","New Mexico",2003,3402,1877574,181.2,194.8,"NM"
"576","New Mexico",2004,3264,1903808,171.4,183.1,"NM"
"577","New Mexico",2005,3435,1932274,177.8,186.3,"NM"
"578","New Mexico",2006,3411,1962137,173.8,179.5,"NM"
"579","New Mexico",2007,3305,1990070,166.1,167.2,"NM"
"580","New Mexico",2008,3275,2010662,162.9,161.3,"NM"
"581","New Mexico",2009,3214,2036802,157.8,153.6,"NM"
"582","New Mexico",2010,3224,2059179,156.6,151.2,"NM"
"583","New Mexico",2011,3333,2082224,160.1,150.3,"NM"
"584","New Mexico",2012,3352,2085538,160.7,147.8,"NM"
"585","New Mexico",2013,3425,2085287,164.2,147.1,"NM"
"586","New Mexico",2014,3424,2085572,164.2,143.3,"NM"
"587","New Mexico",2015,3508,2085109,168.2,142.4,"NM"
"588","New Mexico",2016,3800,2081015,182.6,150.6,"NM"
"589","New Mexico",2017,3896,2088070,186.6,151.4,"NM"
"590","New York",1999,58987,18882725,312.4,306.1,"NY"
"591","New York",2000,57474,18976457,302.9,293.8,"NY"
"592","New York",2001,56643,19082838,296.8,284.9,"NY"
"593","New York",2002,56672,19137800,296.1,281.4,"NY"
"594","New York",2003,55276,19175939,288.3,270.9,"NY"
"595","New York",2004,52480,19171567,273.7,254.6,"NY"
"596","New York",2005,51985,19132610,271.7,248.3,"NY"
"597","New York",2006,50470,19104631,264.2,238.2,"NY"
"598","New York",2007,49528,19132335,258.9,230.3,"NY"
"599","New York",2008,49324,19212436,256.7,225.8,"NY"
"600","New York",2009,47283,19307066,244.9,213.2,"NY"
"601","New York",2010,44981,19378102,232.1,199.9,"NY"
"602","New York",2011,44501,19465197,228.6,193.8,"NY"
"603","New York",2012,43795,19570261,223.8,186.5,"NY"
"604","New York",2013,44039,19651127,224.1,184.8,"NY"
"605","New York",2014,43116,19746227,218.4,178.3,"NY"
"606","New York",2015,44450,19795791,224.5,181.6,"NY"
"607","New York",2016,44076,19745289,223.2,177.8,"NY"
"608","New York",2017,44092,19849399,222.1,171.2,"NY"
"609","North Carolina",1999,19191,7949361,241.4,260.9,"NC"
"610","North Carolina",2000,19723,8049313,245,264.5,"NC"
"611","North Carolina",2001,18792,8210122,228.9,246.1,"NC"
"612","North Carolina",2002,18524,8326201,222.5,237.5,"NC"
"613","North Carolina",2003,18674,8422501,221.7,233.3,"NC"
"614","North Carolina",2004,17607,8553152,205.9,215.2,"NC"
"615","North Carolina",2005,17765,8705407,204.1,211.6,"NC"
"616","North Carolina",2006,17271,8917270,193.7,197.6,"NC"
"617","North Carolina",2007,17395,9118037,190.8,193,"NC"
"618","North Carolina",2008,17335,9309449,186.2,186.4,"NC"
"619","North Carolina",2009,17203,9449566,182.1,179.7,"NC"
"620","North Carolina",2010,17154,9535483,179.9,174.9,"NC"
"621","North Carolina",2011,17003,9656401,176.1,167.9,"NC"
"622","North Carolina",2012,17348,9752073,177.9,166.1,"NC"
"623","North Carolina",2013,17830,9848060,181.1,165.3,"NC"
"624","North Carolina",2014,17592,9943964,176.9,158.7,"NC"
"625","North Carolina",2015,18474,10042802,184,162.4,"NC"
"626","North Carolina",2016,18266,10146788,180,155.8,"NC"
"627","North Carolina",2017,18808,10273419,183.1,156.5,"NC"
"628","North Dakota",1999,1833,644259,284.5,234.2,"ND"
"629","North Dakota",2000,1679,642200,261.4,212.8,"ND"
"630","North Dakota",2001,1700,639062,266,212.3,"ND"
"631","North Dakota",2002,1623,638168,254.3,203.1,"ND"
"632","North Dakota",2003,1632,638817,255.5,201.8,"ND"
"633","North Dakota",2004,1470,644705,228,178,"ND"
"634","North Dakota",2005,1512,646089,234,181.2,"ND"
"635","North Dakota",2006,1527,649422,235.1,182,"ND"
"636","North Dakota",2007,1414,652822,216.6,165.9,"ND"
"637","North Dakota",2008,1391,657569,211.5,160.7,"ND"
"638","North Dakota",2009,1431,664968,215.2,165.8,"ND"
"639","North Dakota",2010,1395,672591,207.4,158,"ND"
"640","North Dakota",2011,1290,683932,188.6,144.6,"ND"
"641","North Dakota",2012,1368,699628,195.5,151.6,"ND"
"642","North Dakota",2013,1382,723393,191,150.7,"ND"
"643","North Dakota",2014,1381,739482,186.8,149.2,"ND"
"644","North Dakota",2015,1323,756927,174.8,142.4,"ND"
"645","North Dakota",2016,1338,757952,176.5,140.9,"ND"
"646","North Dakota",2017,1326,755393,175.5,137.8,"ND"
"647","Ohio",1999,33192,11335454,292.8,285.7,"OH"
"648","Ohio",2000,32722,11353140,288.2,279.2,"OH"
"649","Ohio",2001,32453,11387404,285,273.5,"OH"
"650","Ohio",2002,31388,11407889,275.1,261.2,"OH"
"651","Ohio",2003,30667,11434788,268.2,251.2,"OH"
"652","Ohio",2004,29078,11452251,253.9,235.8,"OH"
"653","Ohio",2005,29003,11463320,253,231.9,"OH"
"654","Ohio",2006,27886,11481213,242.9,218.5,"OH"
"655","Ohio",2007,26757,11500468,232.7,205.6,"OH"
"656","Ohio",2008,27324,11515391,237.3,206.9,"OH"
"657","Ohio",2009,25453,11528896,220.8,190,"OH"
"658","Ohio",2010,26164,11536504,226.8,192.4,"OH"
"659","Ohio",2011,26298,11544951,227.8,190,"OH"
"660","Ohio",2012,26426,11544225,228.9,187.7,"OH"
"661","Ohio",2013,26878,11570808,232.3,187.9,"OH"
"662","Ohio",2014,27000,11594163,232.9,186.4,"OH"
"663","Ohio",2015,28069,11613423,241.7,191.7,"OH"
"664","Ohio",2016,27410,11614373,236,185.1,"OH"
"665","Ohio",2017,28008,11658609,240.2,186.2,"OH"
"666","Oklahoma",1999,11263,3437147,327.7,316.1,"OK"
"667","Oklahoma",2000,11297,3450654,327.4,315,"OK"
"668","Oklahoma",2001,10840,3467100,312.7,301.6,"OK"
"669","Oklahoma",2002,11230,3489080,321.9,311.3,"OK"
"670","Oklahoma",2003,11061,3504892,315.6,304.9,"OK"
"671","Oklahoma",2004,10335,3525233,293.2,283.1,"OK"
"672","Oklahoma",2005,10043,3548597,283,272.4,"OK"
"673","Oklahoma",2006,9798,3594090,272.6,260.1,"OK"
"674","Oklahoma",2007,9602,3634349,264.2,251.1,"OK"
"675","Oklahoma",2008,9767,3668976,266.2,252,"OK"
"676","Oklahoma",2009,9202,3717572,247.5,232.6,"OK"
"677","Oklahoma",2010,9426,3751351,251.3,235.2,"OK"
"678","Oklahoma",2011,9399,3791508,247.9,228.8,"OK"
"679","Oklahoma",2012,9198,3814820,241.1,220.4,"OK"
"680","Oklahoma",2013,9721,3850568,252.5,228.5,"OK"
"681","Oklahoma",2014,9868,3878051,254.5,228.1,"OK"
"682","Oklahoma",2015,10310,3911338,263.6,234,"OK"
"683","Oklahoma",2016,10209,3923561,260.2,228.2,"OK"
"684","Oklahoma",2017,10772,3930864,274,237.2,"OK"
"685","Oregon",1999,7263,3393941,214,205.7,"OR"
"686","Oregon",2000,7094,3421399,207.3,198.1,"OR"
"687","Oregon",2001,7075,3467937,204,193.2,"OR"
"688","Oregon",2002,7262,3513424,206.7,194.2,"OR"
"689","Oregon",2003,7049,3547376,198.7,184.4,"OR"
"690","Oregon",2004,6725,3569463,188.4,172.4,"OR"
"691","Oregon",2005,6791,3613202,187.9,169.6,"OR"
"692","Oregon",2006,6620,3670883,180.3,160.9,"OR"
"693","Oregon",2007,6655,3722417,178.8,157.6,"OR"
"694","Oregon",2008,6519,3768748,173,150.8,"OR"
"695","Oregon",2009,6262,3808600,164.4,141.2,"OR"
"696","Oregon",2010,6198,3831074,161.8,137.9,"OR"
"697","Oregon",2011,6255,3871859,161.6,135.3,"OR"
"698","Oregon",2012,6180,3899353,158.5,130.3,"OR"
"699","Oregon",2013,6523,3930065,166,135.1,"OR"
"700","Oregon",2014,6524,3970239,164.3,132.1,"OR"
"701","Oregon",2015,6859,4028977,170.2,136.1,"OR"
"702","Oregon",2016,6968,4093465,170.2,135,"OR"
"703","Oregon",2017,6942,4142776,167.6,134,"OR"
"704","Pennsylvania",1999,41707,12263805,340.1,281.6,"PA"
"705","Pennsylvania",2000,40708,12281054,331.5,271.9,"PA"
"706","Pennsylvania",2001,39438,12298970,320.7,261.1,"PA"
"707","Pennsylvania",2002,38852,12331031,315.1,254.6,"PA"
"708","Pennsylvania",2003,38075,12374658,307.7,246.2,"PA"
"709","Pennsylvania",2004,36434,12410722,293.6,233.8,"PA"
"710","Pennsylvania",2005,36207,12449990,290.8,229.3,"PA"
"711","Pennsylvania",2006,33744,12510809,269.7,210.3,"PA"
"712","Pennsylvania",2007,32862,12563937,261.6,201.3,"PA"
"713","Pennsylvania",2008,33308,12612285,264.1,201.8,"PA"
"714","Pennsylvania",2009,32297,12666858,255,193.8,"PA"
"715","Pennsylvania",2010,31556,12702379,248.4,187,"PA"
"716","Pennsylvania",2011,31934,12742886,250.6,185.9,"PA"
"717","Pennsylvania",2012,30952,12763536,242.5,177.7,"PA"
"718","Pennsylvania",2013,31629,12773801,247.6,179,"PA"
"719","Pennsylvania",2014,31353,12787209,245.2,175.8,"PA"
"720","Pennsylvania",2015,32042,12802503,250.3,177.8,"PA"
"721","Pennsylvania",2016,31990,12784227,250.2,176.2,"PA"
"722","Pennsylvania",2017,32312,12805537,252.3,176,"PA"
"723","Rhode Island",1999,3008,1040402,289.1,244.1,"RI"
"724","Rhode Island",2000,3115,1048319,297.1,249.5,"RI"
"725","Rhode Island",2001,3076,1057142,291,244.3,"RI"
"726","Rhode Island",2002,3109,1065995,291.7,243.6,"RI"
"727","Rhode Island",2003,3011,1071342,281,231.9,"RI"
"728","Rhode Island",2004,2969,1074579,276.3,225.9,"RI"
"729","Rhode Island",2005,3005,1067916,281.4,226.8,"RI"
"730","Rhode Island",2006,2718,1063096,255.7,201.5,"RI"
"731","Rhode Island",2007,2751,1057315,260.2,203,"RI"
"732","Rhode Island",2008,2657,1055003,251.8,193.6,"RI"
"733","Rhode Island",2009,2411,1053646,228.8,173.8,"RI"
"734","Rhode Island",2010,2322,1052567,220.6,167.1,"RI"
"735","Rhode Island",2011,2390,1051302,227.3,167.7,"RI"
"736","Rhode Island",2012,2360,1050292,224.7,165.2,"RI"
"737","Rhode Island",2013,2364,1051511,224.8,163.4,"RI"
"738","Rhode Island",2014,2341,1055173,221.9,160.8,"RI"
"739","Rhode Island",2015,2371,1056298,224.5,160.4,"RI"
"740","Rhode Island",2016,2256,1056426,213.6,152.4,"RI"
"741","Rhode Island",2017,2339,1059639,220.7,155.7,"RI"
"742","South Carolina",1999,9981,3974682,251.1,273.4,"SC"
"743","South Carolina",2000,9893,4012012,246.6,265.8,"SC"
"744","South Carolina",2001,9471,4064995,233,248.6,"SC"
"745","South Carolina",2002,9659,4107795,235.1,249.4,"SC"
"746","South Carolina",2003,9510,4150297,229.1,240.1,"SC"
"747","South Carolina",2004,9182,4210921,218.1,225.6,"SC"
"748","South Carolina",2005,9359,4270150,219.2,223.9,"SC"
"749","South Carolina",2006,9030,4357847,207.2,206.8,"SC"
"750","South Carolina",2007,8992,4444110,202.3,199.9,"SC"
"751","South Carolina",2008,8996,4528996,198.6,193.4,"SC"
"752","South Carolina",2009,9068,4589872,197.6,189.5,"SC"
"753","South Carolina",2010,9295,4625364,201,189.9,"SC"
"754","South Carolina",2011,9295,4679230,198.6,184.5,"SC"
"755","South Carolina",2012,9364,4723723,198.2,180.2,"SC"
"756","South Carolina",2013,9648,4774839,202.1,180,"SC"
"757","South Carolina",2014,9964,4832482,206.2,181.1,"SC"
"758","South Carolina",2015,10092,4896146,206.1,177.8,"SC"
"759","South Carolina",2016,10195,4961119,205.5,173.8,"SC"
"760","South Carolina",2017,10418,5024369,207.3,172,"SC"
"761","South Dakota",1999,2024,750412,269.7,228.6,"SD"
"762","South Dakota",2000,2105,754844,278.9,234.5,"SD"
"763","South Dakota",2001,1985,757972,261.9,219.9,"SD"
"764","South Dakota",2002,1937,760020,254.9,212.1,"SD"
"765","South Dakota",2003,1943,763729,254.4,210.2,"SD"
"766","South Dakota",2004,1783,770396,231.4,189.2,"SD"
"767","South Dakota",2005,1776,775493,229,186.3,"SD"
"768","South Dakota",2006,1757,783033,224.4,180.6,"SD"
"769","South Dakota",2007,1633,791623,206.3,164.9,"SD"
"770","South Dakota",2008,1681,799124,210.4,167.4,"SD"
"771","South Dakota",2009,1778,807067,220.3,173.3,"SD"
"772","South Dakota",2010,1616,814180,198.5,155.2,"SD"
"773","South Dakota",2011,1625,824082,197.2,154,"SD"
"774","South Dakota",2012,1668,833354,200.2,155.4,"SD"
"775","South Dakota",2013,1630,844877,192.9,150.1,"SD"
"776","South Dakota",2014,1704,853175,199.7,154.6,"SD"
"777","South Dakota",2015,1711,858469,199.3,150.9,"SD"
"778","South Dakota",2016,1729,865454,199.8,153.4,"SD"
"779","South Dakota",2017,1710,869666,196.6,150.1,"SD"
"780","Tennessee",1999,16280,5638706,288.7,299,"TN"
"781","Tennessee",2000,16174,5689283,284.3,293.6,"TN"
"782","Tennessee",2001,15688,5750789,272.8,280.6,"TN"
"783","Tennessee",2002,16226,5795918,280,287.3,"TN"
"784","Tennessee",2003,15919,5847812,272.2,277.6,"TN"
"785","Tennessee",2004,15038,5910809,254.4,258.6,"TN"
"786","Tennessee",2005,14946,5991057,249.5,251.2,"TN"
"787","Tennessee",2006,14642,6088766,240.5,238,"TN"
"788","Tennessee",2007,14280,6175727,231.2,227.2,"TN"
"789","Tennessee",2008,14661,6247411,234.7,228.1,"TN"
"790","Tennessee",2009,14257,6306019,226.1,216.5,"TN"
"791","Tennessee",2010,14582,6346105,229.8,217.4,"TN"
"792","Tennessee",2011,14235,6403353,222.3,205.4,"TN"
"793","Tennessee",2012,14454,6456243,223.9,203.7,"TN"
"794","Tennessee",2013,14803,6495978,227.9,204.1,"TN"
"795","Tennessee",2014,15223,6549352,232.4,205.6,"TN"
"796","Tennessee",2015,15730,6600299,238.3,207.3,"TN"
"797","Tennessee",2016,15429,6651194,232,198.8,"TN"
"798","Tennessee",2017,16019,6715984,238.5,202.2,"TN"
"799","Texas",1999,43418,20558220,211.2,270.1,"TX"
"800","Texas",2000,43020,20851820,206.3,263.5,"TX"
"801","Texas",2001,43199,21319622,202.6,259.1,"TX"
"802","Texas",2002,43452,21690325,200.3,256.3,"TX"
"803","Texas",2003,41779,22030931,189.6,241.2,"TX"
"804","Texas",2004,40196,22394023,179.5,226.9,"TX"
"805","Texas",2005,40152,22778123,176.3,220.4,"TX"
"806","Texas",2006,38782,23359580,166,205.2,"TX"
"807","Texas",2007,38912,23831983,163.3,200.1,"TX"
"808","Texas",2008,38384,24309039,157.9,191.7,"TX"
"809","Texas",2009,38077,24801761,153.5,184.1,"TX"
"810","Texas",2010,38253,25145561,152.1,181.1,"TX"
"811","Texas",2011,38094,25674681,148.4,172.5,"TX"
"812","Texas",2012,39061,26059203,149.9,171.3,"TX"
"813","Texas",2013,40203,26448193,152,170.7,"TX"
"814","Texas",2014,41479,26956958,153.9,169.9,"TX"
"815","Texas",2015,43298,27469114,157.6,171.6,"TX"
"816","Texas",2016,43772,27862596,157.1,167.7,"TX"
"817","Texas",2017,45346,28304596,160.2,169.2,"TX"
"818","Utah",1999,2786,2203482,126.4,190.1,"UT"
"819","Utah",2000,2909,2233169,130.3,194,"UT"
"820","Utah",2001,2896,2283715,126.8,187.7,"UT"
"821","Utah",2002,2977,2324815,128.1,188.5,"UT"
"822","Utah",2003,3018,2360137,127.9,187.4,"UT"
"823","Utah",2004,2942,2401580,122.5,178.1,"UT"
"824","Utah",2005,2872,2457719,116.9,167.9,"UT"
"825","Utah",2006,2932,2525507,116.1,163.7,"UT"
"826","Utah",2007,2980,2597746,114.7,161,"UT"
"827","Utah",2008,2844,2663029,106.8,148.7,"UT"
"828","Utah",2009,2813,2723421,103.3,142.2,"UT"
"829","Utah",2010,2889,2763885,104.5,143.2,"UT"
"830","Utah",2011,3036,2817222,107.8,144.4,"UT"
"831","Utah",2012,3091,2855287,108.3,142.4,"UT"
"832","Utah",2013,3323,2900872,114.6,149,"UT"
"833","Utah",2014,3431,2942902,116.6,151,"UT"
"834","Utah",2015,3598,2995919,120.1,152.9,"UT"
"835","Utah",2016,3636,3051217,119.2,150,"UT"
"836","Utah",2017,3749,3101833,120.9,150.2,"UT"
"837","Vermont",1999,1342,604683,221.9,217.4,"VT"
"838","Vermont",2000,1438,608827,236.2,229.4,"VT"
"839","Vermont",2001,1429,612223,233.4,224.1,"VT"
"840","Vermont",2002,1370,615442,222.6,212,"VT"
"841","Vermont",2003,1349,617858,218.3,204,"VT"
"842","Vermont",2004,1289,619920,207.9,192.3,"VT"
"843","Vermont",2005,1234,621215,198.6,180.5,"VT"
"844","Vermont",2006,1244,622892,199.7,177.2,"VT"
"845","Vermont",2007,1166,623481,187,162.4,"VT"
"846","Vermont",2008,1216,624151,194.8,166.2,"VT"
"847","Vermont",2009,1171,624817,187.4,156.1,"VT"
"848","Vermont",2010,1172,625741,187.3,153.6,"VT"
"849","Vermont",2011,1187,626431,189.5,151.7,"VT"
"850","Vermont",2012,1206,626011,192.6,150.6,"VT"
"851","Vermont",2013,1220,626630,194.7,149.6,"VT"
"852","Vermont",2014,1311,626562,209.2,156.6,"VT"
"853","Vermont",2015,1311,626042,209.4,152.5,"VT"
"854","Vermont",2016,1366,624594,218.7,158.8,"VT"
"855","Vermont",2017,1332,623657,213.6,152.5,"VT"
"856","Virginia",1999,15329,7000174,219,250.9,"VA"
"857","Virginia",2000,15264,7078515,215.6,245.5,"VA"
"858","Virginia",2001,14913,7198362,207.2,234.5,"VA"
"859","Virginia",2002,14952,7286873,205.2,230,"VA"
"860","Virginia",2003,14756,7366977,200.3,222.1,"VA"
"861","Virginia",2004,14284,7475575,191.1,210.4,"VA"
"862","Virginia",2005,14192,7577105,187.3,203,"VA"
"863","Virginia",2006,14021,7673725,182.7,195.1,"VA"
"864","Virginia",2007,13750,7751000,177.4,186.7,"VA"
"865","Virginia",2008,13675,7833496,174.6,180.6,"VA"
"866","Virginia",2009,13397,7925937,169,172,"VA"
"867","Virginia",2010,13404,8001024,167.5,168.5,"VA"
"868","Virginia",2011,13272,8096604,163.9,162.2,"VA"
"869","Virginia",2012,13386,8185867,163.5,158.6,"VA"
"870","Virginia",2013,13663,8260405,165.4,157.2,"VA"
"871","Virginia",2014,13874,8326289,166.6,156.1,"VA"
"872","Virginia",2015,14077,8382993,167.9,154.2,"VA"
"873","Virginia",2016,14124,8411808,167.9,150.7,"VA"
"874","Virginia",2017,14861,8470020,175.5,154.5,"VA"
"875","Washington",1999,11515,5842564,197.1,215.7,"WA"
"876","Washington",2000,11370,5894121,192.9,209.7,"WA"
"877","Washington",2001,11281,5985722,188.5,203.3,"WA"
"878","Washington",2002,11141,6052349,184.1,196.4,"WA"
"879","Washington",2003,11185,6104115,183.2,192.8,"WA"
"880","Washington",2004,10644,6178645,172.3,179.3,"WA"
"881","Washington",2005,10985,6257305,175.6,180.5,"WA"
"882","Washington",2006,10604,6370753,166.4,168.4,"WA"
"883","Washington",2007,11037,6461587,170.8,170.1,"WA"
"884","Washington",2008,10916,6562231,166.3,164,"WA"
"885","Washington",2009,10561,6667426,158.4,153.9,"WA"
"886","Washington",2010,10602,6724540,157.7,151.5,"WA"
"887","Washington",2011,10439,6830038,152.8,143.8,"WA"
"888","Washington",2012,10360,6897012,150.2,139.3,"WA"
"889","Washington",2013,10524,6971406,151,138.2,"WA"
"890","Washington",2014,10710,7061530,151.7,137.2,"WA"
"891","Washington",2015,11025,7170351,153.8,137.6,"WA"
"892","Washington",2016,11161,7288000,153.1,136.1,"WA"
"893","Washington",2017,11582,7405743,156.4,138.8,"WA"
"894","West Virginia",1999,6822,1811799,376.5,325.5,"WV"
"895","West Virginia",2000,6435,1808344,355.9,305,"WV"
"896","West Virginia",2001,6325,1801481,351.1,298.8,"WV"
"897","West Virginia",2002,6189,1805414,342.8,291.2,"WV"
"898","West Virginia",2003,6186,1812295,341.3,288.1,"WV"
"899","West Virginia",2004,5674,1816438,312.4,263.6,"WV"
"900","West Virginia",2005,5538,1820492,304.2,253.6,"WV"
"901","West Virginia",2006,5311,1827912,290.6,240.5,"WV"
"902","West Virginia",2007,5208,1834052,284,232.5,"WV"
"903","West Virginia",2008,5264,1840310,286,232.5,"WV"
"904","West Virginia",2009,5038,1847775,272.7,219.6,"WV"
"905","West Virginia",2010,4897,1852994,264.3,211.2,"WV"
"906","West Virginia",2011,4914,1855364,264.9,210.1,"WV"
"907","West Virginia",2012,4942,1855413,266.4,208.1,"WV"
"908","West Virginia",2013,4666,1854304,251.6,193.7,"WV"
"909","West Virginia",2014,4692,1850326,253.6,192.9,"WV"
"910","West Virginia",2015,4727,1844128,256.3,191.3,"WV"
"911","West Virginia",2016,4767,1831102,260.3,191,"WV"
"912","West Virginia",2017,4849,1815857,267,192,"WV"
"913","Wisconsin",1999,13827,5332666,259.3,243.7,"WI"
"914","Wisconsin",2000,13601,5363675,253.6,237.3,"WI"
"915","Wisconsin",2001,13023,5406835,240.9,224.3,"WI"
"916","Wisconsin",2002,12923,5445162,237.3,218.7,"WI"
"917","Wisconsin",2003,12479,5479203,227.8,207.9,"WI"
"918","Wisconsin",2004,11909,5514026,216,195.4,"WI"
"919","Wisconsin",2005,11842,5546166,213.5,190.6,"WI"
"920","Wisconsin",2006,11451,5577655,205.3,181.1,"WI"
"921","Wisconsin",2007,11110,5610775,198,172.7,"WI"
"922","Wisconsin",2008,11275,5640996,199.9,172.2,"WI"
"923","Wisconsin",2009,10834,5669264,191.1,163.1,"WI"
"924","Wisconsin",2010,11115,5686986,195.4,165.1,"WI"
"925","Wisconsin",2011,11266,5711767,197.2,163.8,"WI"
"926","Wisconsin",2012,11282,5726398,197,160.7,"WI"
"927","Wisconsin",2013,11362,5742713,197.9,159.3,"WI"
"928","Wisconsin",2014,11229,5757564,195,155.1,"WI"
"929","Wisconsin",2015,11473,5771337,198.8,156,"WI"
"930","Wisconsin",2016,11526,5778708,199.5,154.9,"WI"
"931","Wisconsin",2017,11860,5795483,204.6,157.6,"WI"
"932","Wyoming",1999,1009,491780,205.2,227.8,"WY"
"933","Wyoming",2000,992,493782,200.9,217.4,"WY"
"934","Wyoming",2001,985,494657,199.1,211.9,"WY"
"935","Wyoming",2002,1005,500017,201,214.5,"WY"
"936","Wyoming",2003,975,503453,193.7,202.1,"WY"
"937","Wyoming",2004,950,509106,186.6,192.5,"WY"
"938","Wyoming",2005,952,514157,185.2,188.3,"WY"
"939","Wyoming",2006,994,522667,190.2,192.9,"WY"
"940","Wyoming",2007,957,534876,178.9,180.4,"WY"
"941","Wyoming",2008,937,546043,171.6,171.9,"WY"
"942","Wyoming",2009,964,559851,172.2,172.1,"WY"
"943","Wyoming",2010,962,563626,170.7,169.8,"WY"
"944","Wyoming",2011,926,568158,163,158.9,"WY"
"945","Wyoming",2012,1005,576412,174.4,167.2,"WY"
"946","Wyoming",2013,939,582658,161.2,152.4,"WY"
"947","Wyoming",2014,1035,584153,177.2,162.2,"WY"
"948","Wyoming",2015,1030,586107,175.7,159.4,"WY"
"949","Wyoming",2016,1051,585501,179.5,157.8,"WY"
"950","Wyoming",2017,1001,579315,172.8,148.9,"WY"
